time_s,tension_kN,opb_interlink_angle_deg,ipb_interlink_angle_deg,opb_interlink_01_deg,ipb_interlink_01_deg,opb_interlink_02_deg,ipb_interlink_02_deg,opb_interlink_03_deg,ipb_interlink_03_deg,opb_interlink_04_deg,ipb_interlink_04_deg,opb_interlink_05_deg,ipb_interlink_05_deg,opb_interlink_06_deg,ipb_interlink_06_deg,opb_interlink_07_deg,ipb_interlink_07_deg,opb_interlink_08_deg,ipb_interlink_08_deg,opb_interlink_09_deg,ipb_interlink_09_deg,opb_interlink_10_deg,ipb_interlink_10_deg,opb_interlink_11_deg,ipb_interlink_11_deg,opb_interlink_12_deg,ipb_interlink_12_deg,opb_interlink_13_deg,ipb_interlink_13_deg,opb_interlink_14_deg,ipb_interlink_14_deg,opb_interlink_15_deg,ipb_interlink_15_deg,opb_interlink_16_deg,ipb_interlink_16_deg,opb_interlink_17_deg,ipb_interlink_17_deg,opb_interlink_18_deg,ipb_interlink_18_deg,opb_interlink_19_deg,ipb_interlink_19_deg,fairlead_x_m,fairlead_y_m,fairlead_z_m,line_length_m,fairlead_angle_in_plane_deg,fairlead_angle_out_of_plane_deg
0.0,1142.0476508077786,-0.036063667110973925,0.08515624456147912,-0.036063667110973925,0.08515624456147912,-0.010583671141698177,0.02356870933322308,-0.003204000990279084,0.007021024575153567,-0.000978821598620796,0.0021346166203052774,-0.00029985442458949036,0.0006529379859649832,-9.193637148510778e-05,0.00020008896985975746,-2.819760727848052e-05,6.135413026172579e-05,-8.648427639571093e-06,1.8816504048545423e-05,-2.6525406889472257e-06,5.770774079903078e-06,-8.135550644771965e-07,1.7698204402281034e-06,-2.4952372843636776e-07,5.427806296925244e-07,-7.65308870080202e-08,1.6646367261209555e-07,-2.347262283377894e-08,5.105221402844867e-08,-7.199233263979007e-09,1.5657032098876574e-08,-2.208046648696579e-09,4.8017735949363704e-09,-6.771772085082346e-10,1.4725363372824935e-09,-2.0753893935550967e-10,4.512670809235694e-10,-6.314310793160355e-11,1.3728754950970094e-10,-1.7701346019580893e-11,3.848456876922872e-11,41.212516336684665,1.0386318551317182,-13.694164521513645,817.88994811347,0.8873549227320301,-0.40179545224730195
0.5,1152.9097378465083,-0.0471002691636564,0.03924666399277354,-0.0471002691636564,0.03924666399277354,-0.01357127747534462,0.011415974874903648,-0.00407258059743704,0.0034349585991226513,-0.0012365212230035843,0.0010437630658853753,-0.00037675337331618625,0.0003181020892291003,-0.0001149144336952922,9.703367795391544e-05,-3.5065121741185374e-05,2.961007627608258e-05,-1.0700086044707071e-05,9.035590895576409e-06,-3.2651203155193383e-06,2.7572337899464756e-06,-9.96348125616901e-07,8.413769791046868e-07,-3.040346116031998e-07,2.567483480212373e-07,-9.277585043558077e-08,7.834741808495259e-08,-2.831045438335108e-08,2.3907914771252146e-08,-8.638901084497024e-09,7.295557328476373e-09,-2.6361350801877836e-09,2.226243922083665e-09,-8.043591077054732e-10,6.792977687978501e-10,-2.4526962969693946e-10,2.0713766454988242e-10,-7.42547701746211e-11,6.271114263690642e-11,-2.0728606662227075e-11,1.7506319624611074e-11,41.37847410584452,1.2432875626945297,-13.816987212730877,817.7006654710057,0.4372769236419048,-0.5190728329613002
1.0,1163.1994125231022,-0.05705824703321024,-0.0037004099652154813,-0.05705824703321024,-0.0037004099652154813,-0.016169134230806605,-0.0011212875732345485,-0.004813569464724613,-0.00034026074975931274,-0.0014531693742856583,-0.00010329940519152366,-0.0004405241516176513,-3.136624118187734e-05,-0.00013371100036445926,-9.524195200435354e-06,-4.060394392897606e-05,-2.8919720947879547e-06,-1.2330886271668131e-05,-8.781322118049091e-07,-3.7447287512692096e-06,-2.6664025659445036e-07,-1.1372251038191916e-06,-8.09639203306159e-08,-3.4536037774311636e-07,-2.4584271239799035e-08,-1.0488142544990819e-07,-7.464885433703205e-09,-3.1851114385499704e-08,-2.2666733305436253e-09,-9.672761122538389e-09,-6.88263128136799e-10,-2.9374731367229653e-09,-2.0898623655331193e-10,-8.920135764951731e-10,-6.34534170097347e-11,-2.7069994101320686e-10,-1.9253589874332323e-11,-8.157277923116657e-11,-5.801099564709729e-12,-2.2680839822538587e-11,-1.6127757272895524e-12,41.51553734565585,1.4341937001676905,-13.952175936242888,817.5367401102437,-0.043619546406623036,-0.6229575826782209
1.5,1172.4026644473734,-0.0656472015435198,-0.046939670065677876,-0.0656472015435198,-0.046939670065677876,-0.018337156425110367,-0.013407370580429208,-0.005421311970492912,-0.00398806777920688,-0.001628437286216533,-0.0012000859651337757,-0.0004914433314941261,-0.0003623742055890631,-0.0001485205190605661,-0.00010953460823128146,-4.4907567829512254e-05,-3.3122624006213426e-05,-1.3579646227328329e-05,-1.0016252169844395e-05,-4.106363372042354e-06,-3.0289057869499033e-06,-1.2417274985733804e-06,-9.159384278412384e-07,-3.7548727198297944e-07,-2.7697896943806617e-07,-1.1354398689499533e-07,-8.375819472067746e-08,-3.433468277375685e-08,-2.532840265122692e-08,-1.0382494936031586e-08,-7.659282434096037e-09,-3.1395551822602337e-09,-2.3161467324321168e-09,-9.493130954158718e-10,-7.003562461919034e-10,-2.8686437716328345e-10,-2.1163996644025548e-10,-8.60857378433288e-11,-6.351313316628335e-11,-2.385066274323094e-11,-1.759714868764822e-11,41.62211862434616,1.6038893529365952,-14.089099675761156,817.4021182745369,-0.5216383810238773,-0.7112078728502403
2.0,1180.0720716272288,-0.07273037690256269,-0.09171936797123491,-0.07273037690256269,-0.09171936797123491,-0.020076781089929975,-0.024762737093254498,-0.005902055119615553,-0.007237607961098592,-0.0017655143063423553,-0.002161383792079641,-0.0005308337879498398,-0.0006495231068223832,-0.00015984858872724152,-0.00019555555796868667,-4.816060245460908e-05,-5.891370286503673e-05,-1.451172793796916e-05,-1.7751411695742987e-05,-4.372666391296953e-06,-5.3487151860425735e-06,-1.3175695858744317e-06,-1.611632620065321e-06,-3.9700938912626835e-07,-4.856044134658851e-07,-1.196266642083299e-07,-1.463184863388471e-07,-3.604584315808999e-08,-4.408752869153321e-08,-1.0861309329073084e-08,-1.3284099156125637e-08,-3.2727057992046053e-09,-4.002637420813414e-09,-9.860690637758295e-10,-1.2059685766386567e-09,-2.969196635166052e-10,-3.6312571704469804e-10,-8.879662647548231e-11,-1.0859358530889592e-10,-2.452907754159545e-11,-2.999714678536781e-11,41.69910151277691,1.7460603322190122,-14.217232966641207,817.2983087380176,-0.9632887222679353,-0.7830684885830665
2.5,1185.8548239583913,-0.07830124611051903,-0.13393068529034308,-0.07830124611051903,-0.13393068529034308,-0.021417916569472784,-0.034371982812618024,-0.006269281751519185,-0.009901552283924874,-0.0018695216534468891,-0.002939164195499836,-0.0005605354364779966,-0.0008800113910339005,-0.0001683365288971781,-0.0002641570353994496,-5.0582025439709825e-05,-7.935618216448196e-05,-1.5200726743561113e-05,-2.3846261291784747e-05,-4.568067243722429e-06,-7.165719948779486e-06,-1.3727789922909298e-06,-2.153274332988951e-06,-4.1254256126933e-07,-6.470515711651886e-07,-1.23975793051416e-07,-1.9443678297267828e-07,-3.7256753850802076e-08,-5.8427585643502546e-08,-1.1196258990520303e-08,-1.75572810683422e-08,-3.3646406827115e-09,-5.2758739773104994e-09,-1.0110684472048837e-09,-1.5852862552978719e-09,-3.036390387587198e-10,-4.760540442992396e-10,-9.057100947850807e-11,-1.4199075747278995e-10,-2.496360840090868e-11,-3.913401691431264e-11,41.74963244891434,1.8558734206479148,-14.326918639621795,817.224415285795,-1.3376360361989716,-0.8389256905716227
3.0,1189.514803111046,-0.08243793772983363,-0.16853175263295375,-0.08243793772983363,-0.16853175263295375,-0.022403898555950406,-0.04156864632250093,-0.006538979817097791,-0.011849079460903635,-0.001946014632868192,-0.003502705273216467,-0.0005824320981491118,-0.001046203607681047,-0.00017461296492333613,-0.0003134401243246159,-5.2379020671023766e-05,-9.399213890484432e-05,-1.5714230387357564e-05,-2.8195889710968175e-05,-4.714426377196019e-06,-8.458241369933339e-06,-1.4143750930087466e-06,-2.537314757684119e-06,-4.243266822188973e-07,-7.611471340710055e-07,-1.2730225067200284e-07,-2.283299523271919e-07,-3.819194752597178e-08,-6.84947269056214e-08,-1.1457960906282857e-08,-2.054713143047101e-08,-3.4374843674991814e-09,-6.163723195168236e-09,-1.0312180748866881e-09,-1.8488916336449476e-09,-3.091704768273078e-10,-5.542652381369754e-10,-9.206994526448155e-11,-1.6504303265874407e-10,-2.534106321253971e-11,-4.5422346240817745e-11,41.77864846017916,1.9302274795313639,-14.410017967362785,817.1774536633181,-1.6184610514241116,-0.8798426802851178
3.5,1190.9473315135594,-0.08525290362026927,-0.1905558587376462,-0.08525290362026927,-0.1905558587376462,-0.02307824107646689,-0.04587658736113547,-0.006725803374072644,-0.012999232925473272,-0.001999829776467991,-0.00383456665781238,-0.0005981034357774226,-0.001144072087083989,-0.00017918929846693553,-0.0003424870341913508,-5.371586999522763e-05,-0.00010262836892603707,-1.6104652429135284e-05,-3.076557689216346e-05,-4.828365060142916e-06,-9.222848522496157e-06,-1.4476008878913972e-06,-2.764808707238949e-06,-4.340078482367224e-07,-8.288293109187392e-07,-1.3012067975935644e-07,-2.484649379527989e-07,-3.901171533089928e-08,-7.448436262666036e-08,-1.1696167536591668e-08,-2.2328775701954767e-08,-3.5066305083811607e-09,-6.693643958387579e-09,-1.051266806925648e-09,-2.0064893108194707e-09,-3.149738274730775e-10,-6.011042854315924e-10,-9.373795362226244e-11,-1.788724695590409e-10,-2.5785918450525967e-11,-4.9200547025395015e-11,41.79223381099864,1.967908571498616,-14.460421120211889,817.1528674132908,-1.7860788929376843,-0.907110847108138
4.0,1190.1856637601438,-0.08685486591030729,-0.196450568670253,-0.08685486591030729,-0.196450568670253,-0.023476075509855174,-0.047017284196415154,-0.006840764998588661,-0.013308280866223533,-0.002034427194201615,-0.003925552268604566,-0.0006086358237910147,-0.001171486731972681,-0.00018240571239616036,-0.00035080240958926,-5.469875700723739e-05,-0.00010515521197118245,-1.6405030886456214e-05,-3.153378166410193e-05,-4.92013078736481e-06,-9.456393981997045e-06,-1.4756258085248777e-06,-2.8357964831078587e-06,-4.425637488549756e-07,-8.504025642933902e-07,-1.3273193649112964e-07,-2.5501989414732635e-07,-3.980842607117275e-08,-7.647571464655527e-08,-1.1939177003254154e-08,-2.293363174981015e-08,-3.580730648932479e-09,-6.877332297120067e-09,-1.0738543918910028e-09,-2.0622612192658957e-09,-3.2185276468305943e-10,-6.180244139195597e-10,-9.581750836216629e-11,-1.8396894813887618e-10,-2.6365636661431318e-11,-5.061692505410941e-11,41.796925515986615,1.9696419807896317,-14.474411009433155,817.1451260443505,-1.828698132176917,-0.9219380499970811
4.5,1187.3988126223014,-0.0873343371564099,-0.18516845897265727,-0.0873343371564099,-0.18516845897265727,-0.023621857322094243,-0.04490348617543836,-0.006890762605159129,-0.012759308988255185,-0.00205178680083406,-0.0037710649510473964,-0.0006146010656308345,-0.0011270542317634493,-0.00018442776497905997,-0.00033795137408366364,-5.53756909822797e-05,-0.00010143537607799963,-1.6629305648622747e-05,-3.0457725708063802e-05,-4.99377617594741e-06,-9.145490184668231e-06,-1.499629691216153e-06,-2.7461009899234056e-06,-4.5033840738549665e-07,-8.245671354526623e-07,-1.3523650648572984e-07,-2.4759138906787086e-07,-4.061148601857717e-08,-7.434384749747126e-08,-1.2195612746662978e-08,-2.2323091417112865e-08,-3.6623194365414075e-09,-6.702880810992302e-09,-1.0997273842379546e-09,-2.01254179456192e-09,-3.3002747353671555e-10,-6.038995084589716e-10,-9.837332631753586e-11,-1.7998972635919703e-10,-2.7097810288337598e-11,-4.957545490847253e-11,41.799086807967,1.938039860996603,-14.450884728002428,817.1482874081041,-1.7432310440511622,-0.9253506286749092
5.0,1182.8808463216412,-0.08677546767613735,-0.15852099600692807,-0.08677546767613735,-0.15852099600692807,-0.023533425332804083,-0.03964154161989126,-0.006879904169021638,-0.01136088209566255,-0.002052835683009335,-0.0033707108408504213,-0.0006161930387847803,-0.0010100284275046316,-0.00018528971779517892,-0.00030354272529646483,-5.575014320496741e-05,-9.130452085286329e-05,-1.6776581140713046e-05,-2.747356173463928e-05,-5.048483440434824e-06,-8.266804177262115e-06,-1.5192120988940935e-06,-2.487484220724764e-06,-4.5716806401898844e-07,-7.484848574825949e-07,-1.3757304730439476e-07,-2.252193501069183e-07,-4.1399091514119894e-08,-6.776857670262397e-08,-1.2457992549202125e-08,-2.0391577769065036e-08,-3.748893724977467e-09,-6.1357986705074905e-09,-1.1280647287451005e-09,-1.8461510267049892e-09,-3.3923298649618804e-10,-5.551324859455101e-10,-1.0132163217502305e-10,-1.657933081144429e-10,-2.7958386386466245e-11,-4.574543344586251e-11,41.804440403576265,1.8774488597797299,-14.391436797591066,817.156433139744,-1.5355009580004682,-0.9183217333693291
5.5,1177.0323296126871,-0.08528824435130357,-0.1206296614561649,-0.08528824435130357,-0.1206296614561649,-0.023231017986440537,-0.031548071477042555,-0.006812257186430104,-0.009156608467491181,-0.002038303215541418,-0.0027316563569769947,-0.0006134936817357395,-0.0008214350057649312,-0.00018497682753203189,-0.0002475994012174566,-5.580633873189564e-05,-7.468806344452531e-05,-1.6838849021986068e-05,-2.253521745931401e-05,-5.080907345578136e-06,-6.799426876678278e-06,-1.5330988133165453e-06,-2.0515535709072882e-06,-4.625929604569988e-07,-6.190039439679071e-07,-1.3958150917410678e-07,-1.8676864512580054e-07,-4.2116933381482895e-08,-5.635267058743645e-08,-1.2708239455010574e-08,-1.7002971737281145e-08,-3.834526954373108e-09,-5.1301837502055404e-09,-1.1569471594468449e-09,-1.5478053565273333e-09,-3.4885451228078347e-10,-4.66690441620844e-10,-1.0446866057989309e-10,-1.3975033002861684e-10,-2.8891643128683023e-11,-3.8647702649091834e-11,41.81780714917961,1.7937071943179057,-14.300300250492572,817.1639335720932,-1.2198306309169458,-0.9020715893819566
6.0,1170.3350748565751,-0.08304837043062765,-0.07669446493998018,-0.08304837043062765,-0.07669446493998018,-0.02274859527863822,-0.02116527056743051,-0.0066953353505951226,-0.006241535793519619,-0.002009816600454824,-0.0018746669800282908,-0.0006068172723872777,-0.0005661119366809188,-0.0001835329353271811,-0.00017123161509323133,-5.554264915303481e-05,-5.1821407171520246e-05,-1.6811283665295543e-05,-1.5685092063315013e-05,-5.088328748888981e-06,-4.74749966207143e-06,-1.5401018726917427e-06,-1.4369538252293825e-06,-4.6614790329281436e-07,-4.349313201267021e-07,-1.4109058026968633e-07,-1.3164323665526622e-07,-4.270436666760628e-08,-3.9845235798361246e-08,-1.2925469898565691e-08,-1.2060186958441751e-08,-3.912173220821611e-09,-3.6503067548384377e-09,-1.1840351547422201e-09,-1.1047892929216917e-09,-3.581256863007698e-10,-3.341595607257725e-10,-1.0756808626889584e-10,-1.0037034193624321e-10,-2.982562667734068e-11,-2.78300957316194e-11,41.843041989963446,1.6938250723582697,-14.184132144320708,817.1655536130497,-0.8180372276809178,-0.8784334255982493
6.5,1163.3217896233473,-0.08032936317769528,-0.031644823534565915,-0.08032936317769528,-0.031644823534565915,-0.022144029086436832,-0.009245439086665646,-0.006543388173287864,-0.0027759048366814737,-0.0019709699687667135,-0.0008401211747982152,-0.0005970563258845926,-0.0002548691996556063,-0.00018117150217136988,-7.737866983272567e-05,-5.5006943706491175e-05,-2.349844756764736e-05,-1.6703412803030158e-05,-7.13603683399226e-06,-5.072159630465452e-06,-2.1670802528058133e-06,-1.5402123877420727e-06,-6.581015388938434e-07,-4.677010132741046e-07,-1.9985306719541764e-07,-1.4202212536409878e-07,-6.069161964284709e-08,-4.312644745682763e-08,-1.8430903161936064e-08,-1.3095773084129948e-08,-5.597115715197508e-09,-3.976639386698526e-09,-1.6997285327928109e-09,-1.2074674068202753e-09,-5.161417337623327e-10,-3.6639866932446643e-10,-1.5663093142783772e-10,-1.1040121504757636e-10,-4.719834747527813e-11,-3.06941355261104e-11,-1.3123012099864507e-11,41.88311155165733,1.5856059128819244,-14.051627350757911,817.1564587023252,-0.3579029375630182,-0.8501559094913441
7.0,1156.5425280293143,-0.07751361281065802,0.011079417441290965,-0.07751361281065802,0.011079417441290965,-0.021504657794644246,0.003333001040068593,-0.006379452710745206,0.001011470907286147,-0.0019280477074689153,0.0003077651317121452,-0.0005859307320431589,9.372112914951482e-05,-0.0001783599232070843,2.854940761440086e-05,-5.432471605927392e-05,8.696744080316878e-06,-1.6548389782230172e-05,2.649209350336851e-06,-5.040968904270885e-06,8.070043360093549e-07,-1.5355794627942276e-06,2.458303260220779e-07,-4.677680682127075e-07,7.488503653263857e-08,-1.4249146314537834e-07,2.281154142402577e-08,-4.340573344807993e-08,6.948870172414863e-09,-1.3222242728545176e-08,2.1167693402110612e-09,-4.027733134049979e-09,6.448079937915968e-10,-1.2268451412137802e-09,1.964087280181975e-10,-3.7345054298323206e-10,5.978681906246049e-11,-1.1287114560250469e-10,1.806992928891804e-11,-3.1463208556938345e-11,5.037066035806268e-12,41.94022809885743,1.4772284142213519,-13.91295372543727,817.132206938851,0.12876890901451427,-0.8210248041704727
7.5,1150.5300538479091,-0.07507581368786052,0.055934326234755756,-0.07507581368786052,0.055934326234755756,-0.020945520824595533,0.01596425322545546,-0.006235247712727635,0.0047817925792555125,-0.001890093097053745,0.001452166788312311,-0.0005760374857550168,0.0004428251497470813,-0.00017584335806216004,0.00013520439654997993,-5.3708986980049584e-05,4.130031043266626e-05,-1.6406814316360672e-05,1.2616590152744448e-05,-5.0118903957710035e-06,3.8541682959650816e-06,-1.5310129593824904e-06,1.1773873189214172e-06,-4.676879371379141e-07,3.5967316201019804e-07,-1.4286750753630867e-07,1.0987444894733552e-07,-4.364261310376427e-08,3.356490060968737e-08,-1.333176929105535e-08,1.0253538967538375e-08,-4.072511337211529e-09,3.1322734948896698e-09,-1.2439695520078021e-09,9.567941203238841e-10,-3.7972300680845505e-10,2.920700257977516e-10,-1.1507977371188403e-10,8.851768810270544e-11,-3.215366846375473e-11,2.473266410131343e-11,42.015951109382286,1.3768111109760361,-13.779023304388005,817.0888119534447,0.6083699732075961,-0.7957295673865613
8.0,1145.7662918085289,-0.07354077376643105,0.10270655052854533,-0.07354077376643105,0.10270655052854533,-0.020599261919025218,0.02780381951253851,-0.006148405041037316,0.008225047060728666,-0.0018681229560548326,0.0024925319873892087,-0.0005706272055420309,0.0007607343868679156,-0.00017458160526446446,0.00023268061323308156,-5.344269143579423e-05,7.121819088067218e-05,-1.6361895009263535e-05,2.180320579292382e-05,-5.00932122055444e-06,6.674976954166018e-06,-1.5336425930299761e-06,2.043521386665966e-06,-4.6953658960254384e-07,6.256170896962203e-07,-1.4375227243611215e-07,1.91530533266719e-07,-4.4010871981372e-08,5.863641488792337e-08,-1.34742619176936e-08,1.795132698877623e-08,-4.125222868732092e-09,5.495701368611116e-09,-1.2628806766662613e-09,1.6823725254370033e-09,-3.8635214623552484e-10,5.146682703679048e-10,-1.1734211095363822e-10,1.5630850269700436e-10,-3.2846408182227555e-11,4.375256124507026e-11,42.11119131556956,1.2919816856011292,-13.660642875188474,817.0229311179328,1.0478141616930225,-0.7794635087350716
8.5,1142.6519751218198,-0.07342463063263692,0.14691975909939012,-0.07342463063263692,0.14691975909939012,-0.020598890881996457,0.037877229926572824,-0.006157223237608058,0.011081971833543558,-0.0018735083291241776,0.003351012903162057,-0.0005731032849047878,0.0010230861427276811,-0.00017559450816669075,0.00031326277764871384,-5.38311190543103e-05,9.60044957562393e-05,-1.6504870681146935e-05,2.9432918888805122e-05,-5.060469872920615e-06,9.023501844904084e-06,-1.5515635249174863e-06,2.766412187857302e-06,-4.757165700041817e-07,8.48122660177232e-07,-1.458569052098412e-07,2.6001622127199247e-07,-4.472040077954068e-08,7.971539364049182e-08,-1.3711473618317073e-08,2.4439015191021205e-08,-4.2039734771893785e-09,7.492428339557087e-09,-1.2888665600683426e-09,2.2968554662630037e-09,-3.948749643142588e-10,7.036367957731864e-10,-1.2010036003284538e-10,2.1399196799113518e-10,-3.3659157931737865e-11,5.996887398136735e-11,42.22609623462529,1.229473023369017,-13.567614786411584,816.9321836305108,1.4168116462523623,-0.7773135359803124
9.0,1141.4813964379198,-0.07517148316810923,0.18288205085036033,-0.07517148316810923,0.18288205085036033,-0.02105672846876094,0.04534879077298555,-0.006293938908543034,0.01315264175398349,-0.001915826751977334,0.003968829266439691,-0.000586337627756945,0.001211386963835554,-0.00017974462163463832,0.00037102200673007026,-5.513312067000911e-05,0.00011375537503356426,-1.6913309249085343e-05,3.489204449922241e-05,-5.188533249516825e-06,1.07026566083631e-05,-1.5916978093203025e-06,3.2828932817102897e-06,-4.882886537212477e-07,1.006982536116255e-06,-1.497933883853805e-07,3.0887809498291087e-07,-4.595244597235813e-08,9.474411812005007e-08,-1.4096924518353883e-08,2.9061441960273473e-08,-4.3245157852344466e-09,8.914139698782752e-09,-1.3265470510691847e-09,2.7340961705888806e-09,-4.066405007672246e-10,8.380137277559712e-10,-1.2374433768265238e-10,2.5498612485647674e-10,-3.4696080878103595e-11,7.148742669687162e-11,42.35984792826088,1.194766873205218,-13.507877011771116,816.8155476431755,1.689936183526479,-0.7935515792452982
9.5,1142.4238487754583,-0.07909634235159299,0.20494983696475705,-0.07909634235159299,0.20494983696475705,-0.022044254449826862,0.0496185483831794,-0.0065781626174991606,0.014308622702723482,-0.002000740225211331,0.004309362511486304,-0.0006119870009208604,0.0013141529393831286,-0.00018751775167283904,0.0004022591813882006,-5.7490912027366084e-05,0.0001232709893475514,-1.7628733886106634e-05,3.779270677196949e-05,-5.405589291654703e-06,1.1587051729723057e-05,-1.6575436317777717e-06,3.5525311429686694e-06,-5.082611241345732e-07,1.0891879841905304e-06,-1.558507203678442e-07,3.3393949588618647e-07,-4.77893047041722e-08,1.023841454046663e-07,-1.4653870988935416e-08,3.139043873307872e-08,-4.493361823277071e-09,9.624084863861746e-09,-1.377725089331717e-09,2.950486773771508e-09,-4.2214074764671115e-10,9.03923443040852e-10,-1.284055648087544e-10,2.749178659065382e-10,-3.598974664670543e-11,7.704607962885707e-11,42.510447092463195,1.1918039959715652,-13.486775302502107,816.6737417883171,1.8483530939500412,-0.8309711558760745
10.0,1145.5129226023018,-0.0853421209223249,0.20926780271477263,-0.0853421209223249,0.20926780271477263,-0.02357774761130994,0.050367173928971984,-0.007012316601776001,0.014490304953204303,-0.002128539958996953,0.00435677326977123,-0.0006500286497148174,0.0013266070754426277,-0.00019887509143877042,0.00040547653679355957,-6.088313777831787e-05,0.00012407634653565435,-1.8641771071904443e-05,3.7984428384451e-05,-5.707912590874737e-06,1.1628953189706237e-05,-1.7477022982321775e-06,3.5602102767882195e-06,-5.351279077084347e-07,1.0899602916715328e-06,-1.6385048893629897e-07,3.3369192793301094e-07,-5.0169278984994524e-08,1.0215995727411271e-07,-1.5361291638432163e-08,3.127630657830128e-08,-4.70343366444299e-09,9.575195253328588e-09,-1.4400406722221895e-09,2.9312461200423705e-09,-4.405958851257989e-10,8.967328549562327e-10,-1.3383031141903357e-10,2.7234770439499773e-10,-3.746502705723552e-11,7.623413123003799e-11,42.67457863471117,1.2227767754199723,-13.506549219223452,816.5094781445874,1.881101320780396,-0.8904110022934477
10.5,1150.6443316168102,-0.09385547995994684,0.1951124288533023,-0.09385547995994684,0.1951124288533023,-0.025613435336276382,0.04756222767693365,-0.007580480106361873,0.013698640980636306,-0.0022938483762624173,0.004113073535630654,-0.0006986824366470864,0.0012498053594384012,-0.00021323334867124813,0.0003811287493931793,-6.512006181918966e-05,0.00011635144708950292,-1.9891089303736924e-05,3.5535103799723866e-05,-6.075784061559932e-06,1.0853154989783709e-05,-1.8558637688907586e-06,3.3147778009522234e-06,-5.668783308327885e-07,1.0124016358380577e-06,-1.7315443395674627e-07,3.092083779817137e-07,-5.289046140783033e-08,9.443862282385336e-08,-1.6155516998854816e-08,2.8843489779286497e-08,-4.934712301213068e-09,8.809341316559533e-09,-1.5072169688647128e-09,2.690370240277247e-09,-4.6004421292438227e-10,8.210898223593197e-10,-1.3941166928727046e-10,2.4879759785714423e-10,-3.894958822693379e-11,6.950442539722947e-11,42.84764516296336,1.2880163455242868,-13.566091021488038,816.3274875453659,1.7858510493862052,-0.9705722624480543
11.0,1157.5824038873427,-0.10438482394092055,0.1651300046010439,-0.10438482394092055,0.1651300046010439,-0.028053638701234975,0.041450927049073515,-0.008251087796220915,0.011990934711282696,-0.0024866131320120705,0.003596564406658385,-0.0007547605169205498,0.0010900727473160566,-0.0002295852820568906,0.00033142082853687303,-6.98845995196325e-05,0.00010085889568866914,-2.1277225733463656e-05,3.070567627277374e-05,-6.478113032535478e-06,9.348117365636575e-06,-1.9723411774673186e-06,2.845965595860291e-06,-6.005035262860399e-07,8.664332992551134e-07,-1.8283068229037599e-07,2.6377924571688206e-07,-5.566504670420047e-08,8.03056476748363e-08,-1.6947898277400367e-08,2.444844990891443e-08,-5.15996397943442e-09,7.443104608157993e-09,-1.5709092411826108e-09,2.2658467353643673e-09,-4.779369513067286e-10,6.893219888348397e-10,-1.4437842844746058e-10,2.082220069575e-10,-4.022869301863455e-11,5.8014547370025265e-11,43.02401779914014,1.3859813305509692,-13.661006460693999,816.1342615942253,1.5690874707337783,-1.0681737483256855
11.5,1165.9748305300377,-0.11650287482805474,0.12436401169439515,-0.11650287482805474,0.12436401169439515,-0.03076268214421376,0.03254641036126509,-0.008982776225855839,0.009482690083038783,-0.0026941074716388715,0.002842240603258389,-0.0008143378589572476,0.0008589466064341521,-0.00024672206356844483,0.0002602204960709937,-7.480548660805734e-05,7.889566269374527e-05,-2.2686500574798063e-05,2.3926731476200118e-05,-6.880208012420192e-06,7.2562731535128876e-06,-2.0865828177209566e-06,2.2006139923720623e-06,-6.328046834066354e-07,6.67381428245541e-07,-1.9191271112129572e-07,2.0239713569725624e-07,-5.820198219717583e-08,6.138108856461138e-08,-1.765109262819966e-08,1.8615066540115905e-08,-5.353071574340208e-09,5.645367761181491e-09,-1.623337790304815e-09,1.7119626295553731e-09,-4.919670551169381e-10,5.188210622224957e-10,-1.480534910496622e-10,1.5613369021792025e-10,-4.111878242787967e-11,4.3362564363318385e-11,43.19749861331475,1.5133494460145307,-13.783973830283434,815.9375177293963,1.2457022801441016,-1.1784160117159084
12.0,1175.3747452519485,-0.1296542119059511,0.07859522180876803,-0.1296542119059511,0.07859522180876803,-0.03358887795975223,0.02159233451165439,-0.009731771890513241,0.006349387395912201,-0.002903345171477891,0.0019023696462256885,-0.0008735349153182646,0.0005731200748539617,-0.0002634852613670298,0.0001729460586261062,-7.95379012406562e-05,5.221818657224026e-05,-2.4016664447512556e-05,1.576836707461656e-05,-7.251890761267295e-06,4.761586269448115e-06,-2.1897262099073066e-06,1.437859969581698e-06,-6.611932019949865e-07,4.341917114252061e-07,-1.996489089434197e-07,1.311132137353638e-07,-6.028447503037487e-08,3.959235887822025e-08,-1.8203035558245477e-08,1.195572961616387e-08,-5.49641976397575e-09,3.610260421904235e-09,-1.6595532507295496e-09,1.0901247119366762e-09,-5.007610279063085e-10,3.2895899352436964e-10,-1.5006275677350986e-10,9.858475865960283e-11,-4.1525707066481134e-11,2.7281978070840232e-11,43.361931522981266,1.6652068407263867,-13.925365592003008,815.7454577881496,0.8380087761442614,-1.2956578930076807
12.5,1185.268747459917,-0.14322345220270893,0.0328481894627424,-0.14322345220270893,0.0328481894627424,-0.03638743701451295,0.00948723715889591,-0.010458893959893785,0.002818991266773156,-0.00310324705573688,0.000844513498198796,-0.0009291893081889674,0.0002536157045433827,-0.0002789742565772502,7.622145638454352e-05,-8.382711070829858e-05,2.291346514012502e-05,-2.5196301683671816e-05,6.888177025608808e-06,-7.573368724827067e-06,2.070703075489696e-06,-2.2763624027215362e-06,6.224885351704962e-07,-6.842167566355026e-07,1.871306324838102e-07,-2.0565818873924662e-07,5.6254648112951205e-08,-6.181562850589911e-08,1.691110248998668e-08,-1.8580199672148237e-08,5.083762290483335e-09,-5.584705849304649e-09,1.5282569748147323e-09,-1.678519059807659e-09,4.5939213709447363e-10,-5.041817144662225e-10,1.3800834271438762e-10,-1.5041815891107996e-10,4.117922228485877e-11,-4.1465686520910235e-11,1.1353191826162046e-11,43.51185530741923,1.8353237574004977,-14.074068524930187,815.5659396697927,0.3742343291928011,-1.414165765902524
13.0,1195.1091081779873,-0.15661289997821884,-0.009584465565376791,-0.15661289997821884,-0.009584465565376791,-0.03903918326237895,-0.0028396488477493748,-0.011134573752708739,-0.000847194432643415,-0.0032860608332994485,-0.0002532811114005176,-0.0009792612418879352,-7.577132148033612e-05,-0.00029266107131712917,-2.2672627780827935e-05,-8.754046221699956e-05,-6.784203316552392e-06,-2.6193555289231234e-05,-2.0299991287019975e-06,-7.837545305151712e-06,-6.074252598385662e-07,-2.3451232841331137e-06,-1.8175645547541025e-07,-7.016997034819234e-07,-5.438596529066372e-08,-2.0996016535600633e-07,-1.6273607477397246e-08,-6.282355398736076e-08,-4.869460124453942e-09,-1.879783844425867e-08,-1.4570605750832354e-09,-5.624595011899016e-09,-4.3598579069641915e-10,-1.6828735249195423e-09,-1.3044995407505978e-10,-5.032146146343483e-10,-3.900830424812362e-11,-1.494704902804628e-10,-1.1586984337322631e-11,-4.1048922041262995e-11,-3.1821899959554998e-12,43.643075901030585,2.016499552637715,-14.218417042927575,815.4057028014817,-0.11341626802775932,-1.5287862082887498
13.5,1204.3481351934024,-0.1693126594298134,-0.05291245732858514,-0.1693126594298134,-0.05291245732858514,-0.041461431728059314,-0.014790607732217246,-0.011741062108781819,-0.004328289130500025,-0.0034478321123604183,-0.001282967975350316,-0.0010229243766062975,-0.00038171915813368847,-0.00030440221715254725,-0.00011369833483741746,-9.066603226182108e-05,-3.388054734217585e-05,-2.7014162261657553e-05,-1.0096174756479906e-05,-8.048934584434028e-06,-3.008592030265978e-06,-2.398199407631277e-06,-8.96540147297442e-07,-7.145492781522691e-07,-2.6716292119316335e-07,-2.1290167429359498e-07,-7.961274954672548e-08,-6.343456299218402e-08,-2.3724061770482663e-08,-1.890047214842011e-08,-7.069607366307929e-09,-5.631412804187652e-09,-2.106684743990306e-09,-1.6777980056980962e-09,-6.277422850417179e-10,-4.99585216597505e-10,-1.8694359296481924e-10,-1.4778292026898674e-10,-5.530737973836825e-11,-4.044199517898106e-11,-1.5137057973765673e-11,43.753050028297224,2.200956002369911,-14.347143908195044,815.2697756949806,-0.5909957754948126,-1.6354184192971546
14.0,1212.4725381774012,-0.18094555834254417,-0.09691122297442145,-0.18094555834254417,-0.09691122297442145,-0.04360974397755294,-0.02563709989431209,-0.01227185409514519,-0.007375670995200582,-0.00358801324245029,-0.0021698701158970866,-0.0010603893029951384,-0.0006424707433970032,-0.0003143682476035206,-0.0001905863866605073,-9.328622652068193e-05,-5.6571863490262594e-05,-2.7691949926375298e-05,-1.679481858016977e-05,-8.220335619786795e-06,-4.985975602207648e-06,-2.44020077639082e-06,-1.4802156147115421e-06,-7.243718630613505e-07,-4.3944023002941926e-07,-2.1502927098893726e-07,-1.3045917980193512e-07,-6.383128338017188e-08,-3.873017488545971e-08,-1.894826287731082e-08,-1.1498047642200748e-08,-5.6247510330149926e-09,-3.4134757889736117e-09,-1.6696115188528853e-09,-1.0133226342752668e-09,-4.953137440843412e-10,-3.0064322336567826e-10,-1.4599170890144518e-10,-8.862106855389473e-11,-3.982793691674929e-11,-2.417850835625617e-11,43.84101423352084,2.3807555650066283,-14.450256018115498,815.1611515362057,-1.0251881529665017,-1.7312157764783347
14.5,1219.0356345270643,-0.19127583692420796,-0.13727789808768712,-0.19127583692420796,-0.13727789808768712,-0.04547165130013445,-0.03459757459295035,-0.012729008425267288,-0.009815426723045424,-0.0037084814294841935,-0.0028702127876876807,-0.0010925597458953152,-0.0008465296591330778,-0.00032292658636634975,-0.0002502979455273954,-9.553865547485968e-05,-7.406429449911314e-05,-2.827597819295356e-05,-2.1921502145099477e-05,-8.368664790557025e-06,-6.4883120746553364e-06,-2.476821487749375e-06,-1.920406425585818e-06,-7.330493971104772e-07,-5.684006556910829e-07,-2.1695605429491486e-07,-1.682348592011506e-07,-6.421112701200144e-08,-4.979404338675642e-08,-1.9004158616181115e-08,-1.4738002723192487e-08,-5.6245157340887725e-09,-4.3621239993725565e-09,-1.6645632952511078e-09,-1.291029150891112e-09,-4.923482868372534e-10,-3.818835973605067e-10,-1.4469645285550263e-10,-1.1223768719912015e-10,-3.937581361435421e-11,-3.054427052280902e-11,43.907850743015935,2.5482209859641722,-14.519760540263437,815.0807570127056,-1.385646457090957,-1.814512937391232
15.0,1223.6853723482964,-0.2001823293248611,-0.16898962478609872,-0.2001823293248611,-0.16898962478609872,-0.04705514405247616,-0.0410574865738144,-0.013119350886924355,-0.011531925031042091,-0.0038122963184789964,-0.0033577733605955977,-0.0011206299029287276,-0.000987613920198961,-0.0003305126958912125,-0.00029133853397777983,-9.757544410594469e-05,-8.601842590369476e-05,-2.8817840843735553e-05,-2.540533096397305e-05,-8.511035697293071e-06,-7.5034021444094966e-06,-2.513641775919998e-06,-2.216111406669428e-06,-7.423767448324192e-07,-6.54523064422934e-07,-2.1925289224327905e-07,-1.9331177989432332e-07,-6.475395359643525e-08,-5.709415777298106e-08,-1.9124367742487238e-08,-1.6862612529815696e-08,-5.648148025662634e-09,-4.9803083479812356e-09,-1.6680308825685317e-09,-1.4708441082553708e-09,-4.923362852129476e-10,-4.341469439999008e-10,-1.443957289255619e-10,-1.2733309667901498e-10,-3.9224364545732965e-11,-3.4590221830590275e-11,43.95573899536204,2.6963340576496018,-14.550194723430826,815.0276765362424,-1.6471229771133697,-1.8845398583157285
15.5,1226.1864098228323,-0.2076087105094367,-0.1874086348667957,-0.2076087105094367,-0.1874086348667957,-0.04837548412947551,-0.04460026482785044,-0.013450566583800101,-0.012458615990172181,-0.003902494121572199,-0.0036192545414205322,-0.001145711226540104,-0.0010629539512130909,-0.0003375155510900686,-0.0003131741404194013,-9.95285182830115e-05,-9.235598866581306e-05,-2.936124762080472e-05,-2.7245827857270885e-05,-8.661672047187644e-06,-8.03775852926486e-06,-2.5552239339185018e-06,-2.3712093650835588e-06,-7.538001110007323e-07,-6.995275897057165e-07,-2.2237370198168922e-07,-2.0636678251645916e-07,-6.560102758146687e-08,-6.088001145665956e-08,-1.9352527739787786e-08,-1.7960130869738875e-08,-5.709038229306162e-09,-5.298372214779793e-09,-1.6840982248325316e-09,-1.5629844170801589e-09,-4.965160186020178e-10,-4.608167025666844e-10,-1.4546055626964079e-10,-1.3500433366582878e-10,-3.9475889270444796e-11,-3.663873510224554e-11,43.98768456224795,2.8190939953564906,-14.538943979775299,814.9995446658615,-1.7912383446915157,-1.9410319139394927
16.0,1226.4348636597745,-0.21351048007127257,-0.1895693576075656,-0.21351048007127257,-0.1895693576075656,-0.04944378227097104,-0.045007097580781405,-0.013728017438547851,-0.01256457904174477,-0.003981140239188128,-0.0036491374046864755,-0.0011685478096503214,-0.0010715678756327987,-0.00034419275417202296,-0.00031567257891213613,-0.00010148475542368336,-9.308176386732467e-05,-2.9934744743397037e-05,-2.745680247768772e-05,-8.829820554217377e-06,-8.099073018766231e-06,-2.604522994661886e-06,-2.389024862527606e-06,-7.68253441320443e-07,-7.047028441769339e-07,-2.2661091869095353e-07,-2.078697903566521e-07,-6.684318481366024e-08,-6.131640967429206e-08,-1.9716657046074903e-08,-1.808680685885108e-08,-5.815775321120275e-09,-5.335133326693025e-09,-1.7153835273239964e-09,-1.5736491896483578e-09,-5.056805757079457e-10,-4.639081147487749e-10,-1.481284452933859e-10,-1.3589482685642994e-10,-4.019597430475317e-11,-3.687690398210357e-11,44.00703571952404,2.911819160584873,-14.486358824961677,814.9929954964751,-1.8077671337105417,-1.983864627253331
16.5,1224.464799958896,-0.21781862438002414,-0.17508357744865638,-0.21781862438002414,-0.17508357744865638,-0.05026002730663477,-0.04224699573320514,-0.013952868603826742,-0.011844555906905146,-0.004048780851240077,-0.003446224337383337,-0.0011893536159748763,-0.001013154678645956,-0.0003506225588349392,-0.0002987562917636477,-0.0001034714419613794,-8.817584267565887e-05,-3.0547725547817556e-05,-2.6033191324336758e-05,-9.018624122763153e-06,-7.686085326097315e-06,-2.662574041269873e-06,-2.269253388931881e-06,-7.860733995172788e-07,-6.699783730092694e-07,-2.3207294075604923e-07,-1.9780559600268606e-07,-6.851503703328621e-08,-5.8400470992425654e-08,-2.022772923347385e-08,-1.724225123950105e-08,-5.971817632511312e-09,-5.090609201619761e-09,-1.7629706137468018e-09,-1.5028812764798752e-09,-5.201683377311385e-10,-4.4344508440245003e-10,-1.525039194598252e-10,-1.3001482608524115e-10,-4.141416401987887e-11,-3.5308107809513416e-11,44.01708901509221,2.9713792586740944,-14.395695500507792,815.0040635179183,-1.6953546277760108,-2.0128274396470394
17.0,1220.4460596659217,-0.2204340473331011,-0.14626828428343547,-0.2204340473331011,-0.14626828428343547,-0.05081210050702113,-0.03647694331644212,-0.014121825257216622,-0.010318192642920436,-0.0041043602191981,-0.003013392232268519,-0.0012077855999927357,-0.0008880239598872739,-0.00035669516889513315,-0.0002623830619836712,-0.00010545406061878736,-7.758843671518976e-05,-3.1189543792751445e-05,-2.2949691315667648e-05,-9.224848081962255e-06,-6.788232290442099e-06,-2.7284086838726403e-06,-2.00787439763185e-06,-8.069741504589652e-07,-5.939041893520817e-07,-2.38676588882182e-07,-1.756694470168901e-07,-7.059273502500243e-08,-5.196082844177151e-08,-2.0879016161581073e-08,-1.5369358307818985e-08,-6.175301818125479e-09,-4.546043040135826e-09,-1.8263549686146007e-09,-1.3445909465551717e-09,-5.398462059126023e-10,-3.9747019132997836e-10,-1.585531356793012e-10,-1.1674496802421432e-10,-4.312253187720169e-11,-3.175355220001827e-11,44.02085249724445,2.996348376232178,-14.272905803306463,815.028462676942,-1.461618470397073,-2.0276067643064057
17.5,1214.6735552777523,-0.22125700184291597,-0.10743820440464556,-0.22125700184291597,-0.10743820440464556,-0.05108095672751595,-0.028054379700518498,-0.014228492294131964,-0.008039162026831746,-0.004145604053306276,-0.0023607315713905347,-0.001223052313964619,-0.0006981097664943855,-0.0003621431151517857,-0.00020686767751057107,-0.00010734447991838502,-6.13408397264812e-05,-3.183174778937142e-05,-1.8192186219660756e-05,-9.43945958447231e-06,-5.395355539949033e-06,-2.7991990209703987e-06,-1.6001299157369815e-06,-8.300809051424254e-07,-4.745592255176685e-07,-2.4615409707821577e-07,-1.4074260831784553e-07,-7.299509848505578e-08,-4.1740798717465406e-08,-2.1646125050804716e-08,-1.2379290313751291e-08,-6.418960633540716e-09,-3.671375687063602e-09,-1.90338968024528e-09,-1.0887804803182558e-09,-5.640854616208702e-10,-3.2270514091364997e-10,-1.6609451658201086e-10,-9.503061925550545e-11,-4.527288501887241e-11,-2.590522031118516e-11,44.020987787092295,2.9870722840451744,-14.126292505579455,815.0617193583354,-1.1226278831949394,-2.027985682361874
18.0,1207.5487113466518,-0.2202443605524394,-0.06366238906041527,-0.2202443605524394,-0.06366238906041527,-0.05105078616596856,-0.017545052669327463,-0.014266085223023429,-0.005109524829472822,-0.004169804661229424,-0.0015108504611633464,-0.0012341436213269335,-0.00044873229985246027,-0.00036660787067044017,-0.00013345091386482482,-0.00010901996345522683,-3.970666818142646e-05,-3.243342798843689e-05,-1.1814895145463013e-05,-9.649099578620408e-06,-3.515574428445837e-06,-2.870653164044636e-06,-1.0460747564421194e-06,-8.540330131929547e-07,-3.112641812027273e-07,-2.5407889533866084e-07,-9.261803667326055e-08,-7.558968075513007e-08,-2.7558906339270436e-08,-2.2488280854679288e-08,-8.200271182839716e-09,-6.690337659979822e-09,-2.4400148974326262e-09,-1.99029602604451e-09,-7.259965921455438e-10,-5.917483483869409e-10,-2.1588683313878397e-10,-1.747899915685897e-10,-6.37787747084046e-11,-4.777256494170997e-11,-1.7434061397941574e-11,44.019901882929915,2.9456464999253384,-13.966035361864439,815.0991871912179,-0.701792255574772,-2.0142028314085105
18.5,1199.5542149646803,-0.2174774097395572,-0.019543719678552483,-0.2174774097395572,-0.019543719678552483,-0.05072176950177928,-0.00570098124590016,-0.0142309544070107,-0.0016909104730100843,-0.004174876141132671,-0.0005039687810339491,-0.0012401500021265454,-0.00015042250246231724,-0.0003697357400334091,-4.492041523858516e-05,-0.00011035160905746692,-1.3415630244228438e-05,-3.294953576315599e-05,-4.006622242759407e-06,-9.838480550678724e-06,-1.1965909542677978e-06,-2.9376953966795153e-06,-3.5736583707264373e-07,-8.771734818802788e-07,-1.0672848647244327e-07,-2.619173232513148e-07,-3.187481455893154e-08,-7.820651558967258e-08,-9.519518149638553e-09,-2.335185949581957e-08,-2.8430342062425666e-09,-6.9726518188298126e-09,-8.490771924821239e-10,-2.081860878104704e-09,-2.5356508781211563e-10,-6.212265491614986e-10,-7.567910890807044e-11,-1.8414953158534128e-10,-2.2437923405736597e-11,-5.048457173761867e-11,-6.152408757034223e-12,44.01991891374952,2.8758049614616477,-13.803587298585153,815.1360128554693,-0.22823069328731616,-1.9873635945058312
19.0,1191.2236627664915,-0.21321716604207686,0.022899571053030712,-0.21321716604207686,0.022899571053030712,-0.050122200444237104,0.006678324737569198,-0.014126158612583045,0.001985967631021961,-0.0041604781280678614,0.0005939500804278647,-0.0012406180846638404,0.00017793565442510227,-0.0003712893136894408,5.333664053409477e-05,-0.00011123885357954694,1.5989859441100473e-05,-3.33414315232322e-05,4.793620340245648e-06,-9.993571935308745e-06,1.437085551061881e-06,-2.9954166771661074e-06,4.3082570885631293e-07,-8.97829237341173e-07,1.291577883091585e-07,-2.6911025187630653e-07,3.872037781728357e-08,-8.066158003323508e-08,1.1608030920249739e-08,-2.4177033523111143e-08,3.4799846816247485e-09,-7.246648678099274e-09,1.043263487727581e-09,-2.171940659609489e-09,3.1274271650719255e-10,-6.50575490205955e-10,9.369558142796115e-11,-1.9356627189019232e-10,2.7882467726503673e-11,-5.3235714264959433e-11,7.669609437347883e-12,44.02344133828333,2.782723025883706,-13.650946300247446,815.16714103281,0.265266701267049,-1.9497753917838216
19.5,1183.108011657375,-0.20792588897447967,0.06869377798096536,-0.20792588897447967,0.06869377798096536,-0.04931648238738768,0.01902692028480207,-0.013964178614911157,0.005592893115661961,-0.004128945475329704,0.0016713487293783917,-0.0012358654223492019,0.0005018808400324218,-0.00037125216433236117,0.00015092517915130997,-0.00011164369632691837,4.5409483987735846e-05,-3.358790199218424e-05,1.3663719905597638e-05,-1.0105099988726545e-05,4.1114151771847595e-06,-3.0401733874809168e-06,1.2371253857087017e-06,-9.146524263366301e-07,3.722511966382533e-07,-2.751780741915806e-07,1.1201043521912106e-07,-8.27887920305494e-08,3.3703953721130476e-08,-2.4907438575253903e-08,1.0141519216667165e-08,-7.493494695058297e-09,3.0515676093818487e-09,-2.2543203058064094e-09,9.181609910757351e-10,-6.777668721645403e-10,2.7608825412112903e-10,-2.0238935420932316e-10,8.245519058262596e-11,-5.583595438151483e-11,2.2750874145739407e-11,44.033015101116376,2.672742936759244,-13.519825949461286,815.1874375812168,0.7445404612932387,-1.9050907047264514
20.0,1175.7409413053829,-0.20224312950988127,0.1156942745916714,-0.20224312950988127,0.1156942745916714,-0.04840601076995559,0.030444918849826908,-0.01376786820961947,0.008853706888978208,-0.004085735226118471,0.0026438781341670777,-0.0012271616945999757,0.0007956048103915407,-0.00036989724088441875,0.00023996563254487165,-0.00011161537070622152,7.242984808739922e-05,-3.3693780676790036e-05,2.1867011292541113e-05,-1.0171489002420284e-05,6.601783594618397e-06,-3.070572267183602e-06,1.9931185860636163e-06,-9.269453118258744e-07,6.017346130820667e-07,-2.7982653816173933e-07,1.8166733562506527e-07,-8.447411852099489e-08,5.4846470029425214e-08,-2.550105986035485e-08,1.655847395139934e-08,-7.698223757229214e-09,4.999075241939316e-09,-2.3237965783250914e-09,1.5091565791986322e-09,-7.010258709807478e-10,4.553099572810238e-10,-2.10027356884524e-10,1.364221528833832e-10,-5.8107715258917044e-11,3.7746232817627105e-11,44.051243424266545,2.5530346625493365,-13.420771645326106,815.1919746307041,1.1764568032676264,-1.858183115567713
20.5,1169.6053048124645,-0.19691913666916014,0.1591471620563868,-0.19691913666916014,0.1591471620563868,-0.047521338797282195,0.040001112610903874,-0.013568987469181792,0.011528509315014878,-0.0040391502747354965,0.0034406887528281326,-0.001216690769460775,0.0010372384620000086,-0.00036778926784654213,0.00031362507460541976,-0.00011129537479941797,9.491536900391356e-05,-3.369280452543499e-05,2.8735616394431256e-05,-1.0200137457356253e-05,8.699704509551175e-06,-3.0879828976961103e-06,2.6338345249164392e-06,-9.348539088750059e-07,7.97393094710611e-07,-2.8301705552074915e-07,2.4141066524884835e-07,-8.568039280981624e-08,7.308704712818889e-08,-2.593881161521302e-08,2.2127082963764937e-08,-7.852652657713828e-09,6.698932450532267e-09,-2.377154656976995e-09,2.027971087739118e-09,-7.191549953929647e-10,6.135386266866489e-10,-2.160540607403953e-10,1.8433020200009848e-10,-5.991666815804114e-11,5.1120359648826534e-11,44.080541743248304,2.431209656339432,-13.362292393060414,815.1764688171852,1.5312181834402623,-1.8147431038695117
21.0,1165.1027756034894,-0.19272155540362298,0.19324231987510151,-0.19272155540362298,0.19324231987510151,-0.04680615559597347,0.04690667123817708,-0.01340420142878969,0.013431313886647462,-0.003999251998203333,0.004007202404283069,-0.0012072522004980075,0.001209639467977249,-0.00036570398083839547,0.000366425865165426,-0.00011089621055029163,0.00011111496318769973,-3.3642240907496115e-05,3.370857512997314e-05,-1.0206142970070812e-05,1.0226262296260293e-05,-3.0962668216788225e-06,3.102369060440856e-06,-9.393233325019537e-07,9.411741556640935e-07,-2.84965208240613e-07,2.8552656722142937e-07,-8.645070700241246e-08,8.662096843077248e-08,-2.622678409265771e-08,2.6278424783598e-08,-7.9564468170685e-09,7.972109446173325e-09,-2.413612783784692e-09,2.4183630043216664e-09,-7.317063090008571e-10,7.331460442280134e-10,-2.2027137685568213e-10,2.207046653108229e-10,-6.119250542676837e-11,6.131284469491156e-11,44.12277878659827,2.3149089822825903,-13.350092213072282,815.1378088795824,1.784421013821653,-1.780647431263433
21.5,1162.528597740116,-0.19033742620906963,0.21249091114587268,-0.19033742620906963,0.21249091114587268,-0.04639597952497706,0.050600536257175206,-0.013309181007994315,0.01443982767645814,-0.003976119581633886,0.004307665007732066,-0.0012017408266556796,0.0013013756565894352,-0.000364472923147314,0.0003946336773727113,-0.00011065544645093441,0.00011980554471717575,-3.360942236074926e-05,3.6387322256837e-05,-1.0208399199318205e-05,1.1051938510984e-05,-3.1006606745314e-06,3.3568104842356036e-06,-9.417829795657304e-07,1.0195656274286845e-06,-2.860536092596369e-07,3.096731463743836e-07,-8.688484001906159e-08,9.405716561960484e-08,-2.63900588984261e-08,2.8568011216376934e-08,-8.015568321708091e-09,8.676922823545902e-09,-2.4344583006795464e-09,2.6352724603347914e-09,-7.389060908763525e-10,7.998419901453437e-10,-2.2269720827450943e-10,2.410581280331797e-10,-6.192795900068991e-11,6.703274926443885e-11,44.17889075852518,2.211389761454323,-13.386486172832095,815.0745673725637,1.918717747115543,-1.7612130789844989
22.0,1162.0530261977397,-0.19029009115895015,0.21345486921241985,-0.19029009115895015,0.21345486921241985,-0.046396295112183183,0.05078936522079825,-0.013312169149973007,0.014493474748553885,-0.003977873413853807,0.004324324163812283,-0.0012025336919062853,0.001306668224988003,-0.00036479359868263296,0.0003963231629318112,-0.00011077723237334057,0.00012034467854174264,-3.3653840445234286e-05,3.6559080192952525e-05,-1.0224149378843576e-05,1.1106551087581774e-05,-3.106130805097631e-06,3.3741406076162114e-06,-9.436529355906132e-07,1.0250549199299162e-06,-2.866849193474226e-07,3.114089502430466e-07,-8.709583366821527e-08,9.460520395287759e-08,-2.6459991058731822e-08,2.8740792724936307e-08,-8.038584927470255e-09,8.731323055665737e-09,-2.4419881147994105e-09,2.6523779555252874e-09,-7.413545713232435e-10,8.052102197898183e-10,-2.234830537616654e-10,2.427278198486142e-10,-6.215796528513496e-11,6.750944732136492e-11,44.24857409404338,2.1271345188707302,-13.470073358438066,814.9873761115459,1.9249767822171109,-1.7604798668915131
22.5,1163.7106232869623,-0.19288304347267884,0.19595952350767779,-0.19288304347267884,0.19595952350767779,-0.046865399465613924,0.04745769608435195,-0.013428742972046258,0.013588480412388268,-0.004009030812521412,0.004055890878513307,-0.001210970451664464,0.0012250491014207698,-0.00036706556563037205,0.0003713254350057576,-0.00011138082304100709,0.00011267251215893274,-3.3811060402989934e-05,3.420300105859575e-05,-1.0263985836081173e-05,1.0382938903373006e-05,-3.115826714502138e-06,3.1519286886980248e-06,-9.458680348118209e-07,9.568248978557903e-07,-2.8713610125532814e-07,2.904614828172372e-07,-8.716558099605226e-08,8.817482622134609e-08,-2.6460743359306322e-08,2.676704665305658e-08,-8.032609808235623e-09,8.125571507730941e-09,-2.4382907696783762e-09,2.4665025506078335e-09,-7.396632740992501e-10,7.482194258819308e-10,-2.228062043925582e-10,2.2538301276642123e-10,-6.193002139161617e-11,6.264609346044754e-11,44.33015078105555,2.0675065574803098,-13.595715523690345,814.8790619069416,1.802874124245863,-1.7806659326671155
23.0,1167.3980837687961,-0.1981750915038717,0.1631574488500235,-0.1981750915038717,0.1631574488500235,-0.04780617502267214,0.040868684932454075,-0.013659276447143187,0.01177781542502899,-0.004069705478271674,0.003517565555482835,-0.0012270989800538968,0.0010613910229812546,-0.0003713096129891806,0.00032124520326972934,-0.00011247496782259963,9.731931132352633e-05,-3.408463248763975e-05,2.9493431932720436e-05,-1.0329303813056292e-05,8.938232376566135e-06,-3.130282167742706e-06,2.7088064286451687e-06,-9.486279640314626e-07,8.209265496780625e-07,-2.874804768695072e-07,2.487886878810773e-07,-8.712058250841891e-08,7.539749862088032e-08,-2.640176558840544e-08,2.2849833128959793e-08,-8.000973377476942e-09,6.924792770133658e-09,-2.4245280126100143e-09,2.0984810529533176e-09,-7.342332099991129e-10,6.355148307707634e-10,-2.208027282721541e-10,1.911215435039021e-10,-6.128563604353497e-11,5.304876970913138e-11,44.42066096120318,2.0364710749753954,-13.754839761511473,814.7544849859509,1.5608902005029377,-1.8219058856807973
23.5,1172.8807253217976,-0.2059865385708424,0.12041039722232831,-0.2059865385708424,0.12041039722232831,-0.04916867464581335,0.03155650712605295,-0.013989811778447658,0.009176392795223434,-0.004155894334694639,0.0027427344144645674,-0.0012497684842127208,0.0008263371348061916,-0.00037719756138687466,0.0002495535505825989,-0.00011396731380223337,7.54217668503981e-05,-3.4449018045837944e-05,2.280027877801313e-05,-1.0413199482656181e-05,6.892608514287956e-06,-3.1476869186271645e-06,2.0836610197491966e-06,-9.514782608603837e-07,6.29898424444765e-07,-2.8761147474789385e-07,1.9042062003187322e-07,-8.69387774928993e-08,5.75648542101915e-08,-2.6279714237616455e-08,1.740205880582519e-08,-7.94374811705363e-09,5.2606761937267955e-09,-2.4010725648460596e-09,1.5902210349746631e-09,-7.252895772031295e-10,4.803962468819408e-10,-2.1757507404851313e-10,1.4412267333654156e-10,-6.026200682181442e-11,3.992058299588864e-11,44.516180969498976,2.036396813419568,-13.936050178691117,814.6200858947027,1.2157209540047456,-1.8823204579013209
24.0,1179.8072365416185,-0.21593409270811253,0.07357054042946312,-0.21593409270811253,0.07357054042946312,-0.0508625452988924,0.02029104936903205,-0.014395982736903786,0.005964190450783726,-0.004260726100747222,0.001784179056149971,-0.0012770266974847988,0.0005364980833566983,-0.00038417790527196994,0.00016157266278885236,-0.0001157038574606596,4.868579140792601e-05,-3.486188289953394e-05,1.4671751743689681e-05,-1.0504271410823684e-05,4.421419330078228e-06,-3.165053309847957e-06,1.3324209154943493e-06,-9.536656144134354e-07,4.0153293830219757e-07,-2.8735001031768884e-07,1.210043299169542e-07,-8.658173641301705e-08,3.646537012962669e-08,-2.608802285301482e-08,1.0989049828716307e-08,-7.860566039273851e-09,3.311596627926203e-09,-2.36832931348227e-09,9.979075479897805e-10,-7.131182280632966e-10,3.0052052974162827e-10,-2.1325894952939164e-10,8.988405936347885e-11,-5.890904110206171e-11,2.483196946681709e-11,44.61230707356297,2.0679472338966836,-14.126000425837095,814.4832111567748,0.791144132953971,-1.958394061566581
24.5,1187.7317558005193,-0.22749044260331908,0.02753868548435326,-0.22749044260331908,0.02753868548435326,-0.052775819628590855,0.00799606283200429,-0.014848729685071055,0.002377604707147434,-0.004376238950083653,0.0007118714998826443,-0.0013066750200243548,0.00021357699371209136,-0.0003916484927220919,6.412052700924183e-05,-0.00011752230766253228,1.925407921433624e-05,-3.528046974543605e-05,5.781605106587098e-06,-1.0591606680474925e-05,1.7360974387364916e-06,-3.179723310957839e-06,5.213144552696196e-07,-9.545898595136517e-07,1.5654003927551672e-07,-2.865789591806337e-07,4.70057631592677e-08,-8.603432754381826e-08,1.411486603973606e-08,-2.5828491616126196e-08,4.238402733135387e-09,-7.753971202737483e-09,1.2726985271581867e-09,-2.3276923726645906e-09,3.8214226901522056e-10,-6.983347862711031e-10,1.1467295157162679e-10,-2.0809767957196326e-10,3.4179032639666886e-11,-5.730830271819795e-11,9.41438594894425e-12,44.70470251884767,2.1300642486688597,-14.310449256994165,814.3513364614612,0.3164109449991376,-2.0455710735063155
25.0,1196.141893667694,-0.24006073509977693,-0.01496866850782823,-0.24006073509977693,-0.01496866850782823,-0.054795206410035435,-0.004399096570689241,-0.015320142165604463,-0.0013089993149121768,-0.00449513507328877,-0.00039093651783970437,-0.0013368000006291883,-0.0001168816521435881,-0.0003991170265594818,-3.495976511966287e-05,-0.00011930021901094944,-1.0456892944382506e-05,-3.5675913498109296e-05,-3.1277844595370324e-06,-1.0668999924443215e-05,-9.35558552362926e-07,-3.1905997135097606e-06,-2.7983699522762497e-07,-9.541593966583204e-07,-8.370266477665563e-08,-2.853445221361515e-07,-2.5036489755390868e-08,-8.533321941325725e-08,-7.488719704088135e-09,-2.551916956598985e-08,-2.2399665246491735e-09,-7.631552299098123e-09,-6.69997857969355e-10,-2.282107967223519e-09,-2.0039285263534216e-10,-6.820274487931117e-10,-5.99008632239624e-11,-2.0247614856481028e-10,-1.7786408774252668e-11,-5.558049123557634e-11,-4.883240092702604e-12,44.789590333294186,2.220042055628242,-14.475399039598054,814.2313257448002,-0.17573867076413863,-2.138938792468431
25.5,1204.4909381336856,-0.2530628264052706,-0.05877213223500837,-0.2530628264052706,-0.05877213223500837,-0.056823066364411284,-0.016313576024390784,-0.01578795098350814,-0.004764707489957546,-0.00461205030420353,-0.0014114635716005733,-0.0013661365247760796,-0.0004198525833572816,-0.0004063043659396248,-0.00012504161518810575,-0.00012098400567217381,-3.725723913542484e-05,-3.604125510993629e-05,-1.1101589669399093e-05,-1.0737120840272587e-05,-3.307955609397382e-06,-3.1987166811573887e-06,-9.856759832220736e-07,-9.529359459951505e-07,-2.9370319873902645e-07,-2.8389101151667633e-07,-8.751513698215285e-08,-8.457452321540649e-08,-2.6077002007410797e-08,-2.5195750502366588e-08,-7.770195907913965e-09,-7.506077727244712e-09,-2.315284109473114e-09,-2.236023916520456e-09,-6.89849265165626e-10,-6.657139365663834e-10,-2.054242183655047e-10,-1.9689966713295024e-10,-6.077053527363858e-11,-5.387708057090159e-11,-1.663123845776911e-11,44.86409088321732,2.3336840490733373,-14.608206808927553,814.128850162586,-0.6513121386946885,-2.233854216368628
26.0,1212.232219059403,-0.26599410491232245,-0.10259224982293849,-0.26599410491232245,-0.10259224982293849,-0.05878762759423051,-0.026966498418854998,-0.016237800355767603,-0.007746292666979301,-0.0047241012198063915,-0.002278089303815436,-0.0013941972688603338,-0.0006744912585921565,-0.0004131729687524226,-0.00020009765660877426,-0.00012259424325880726,-5.940022283732785e-05,-3.6392025066174715e-05,-1.7636294138687672e-05,-1.0803377187452168e-05,-5.236324984730067e-06,-3.2071026123122624e-06,-1.5546973264763279e-06,-9.520640616957567e-07,-4.6159926735517065e-07,-2.8263079898372667e-07,-1.3705168148782603e-07,-8.390209135099886e-08,-4.06914917161535e-08,-2.490725815331998e-08,-1.2081550918173727e-08,-7.3939605035541524e-09,-3.5870698236497414e-09,-2.194858630904402e-09,-1.064964617315895e-09,-6.51161532254098e-10,-3.159970715495046e-10,-1.9193459764243464e-10,-9.315620408053514e-11,-5.2363335327192545e-11,-2.541797424283502e-11,44.926346294446255,2.4655323227329213,-14.69856256580756,814.0480470117992,-1.0774037967155967,-2.326394203312687
26.5,1218.8534725964412,-0.2784686061131969,-0.1419186889215366,-0.2784686061131969,-0.1419186889215366,-0.060645108056704394,-0.03558666898769821,-0.01666316353809357,-0.010084587898228189,-0.004830715324054263,-0.0029481603922846883,-0.001421182730072869,-0.000869502042849201,-0.00041988864907036494,-0.00025710290683969084,-0.00012421092933553664,-7.608294495267247e-05,-3.676087821534188e-05,-2.2520729456898037e-05,-1.0880035294970201e-05,-6.666188533910739e-06,-3.2201398271605327e-06,-1.9732073801157675e-06,-9.530576163254279e-07,-5.840739943322989e-07,-2.82074340194055e-07,-1.7288726627639968e-07,-8.34849113368521e-08,-5.117503277502285e-08,-2.4708833149312393e-08,-1.514792300946243e-08,-7.312983916813218e-09,-4.483799473203209e-09,-2.1642912765120686e-09,-1.3271437529451273e-09,-6.401676840927431e-10,-3.925966124827217e-10,-1.881417364886225e-10,-1.1539505861872581e-10,-5.119897898485896e-11,-3.140551751919078e-11,44.975430866601755,2.6091568861421877,-14.739250438081203,813.9914376833492,-1.424475462306788,-2.4135578058000697
27.0,1223.9090463254277,-0.2902155676790181,-0.17168179453050714,-0.2902155676790181,-0.17168179453050714,-0.062374549726143626,-0.04158715414218892,-0.01706336056256398,-0.011671922026510675,-0.004932924523114349,-0.0033975907078497205,-0.0014477376798550017,-0.0009991718655778011,-0.000426738844541233,-0.0002947132135858229,-0.00012594666017047668,-8.700528799450113e-05,-3.7188953035549936e-05,-2.5694133046777688e-05,-1.0981480296922897e-05,-7.587912048469376e-06,-3.2427078380978464e-06,-2.2408387604992516e-06,-9.575352170466454e-07,-6.617575845154451e-07,-2.8274939822755424e-07,-1.9542820638223196e-07,-8.349271984707593e-08,-5.7713252542943265e-08,-2.4654452870203565e-08,-1.7043692739165133e-08,-7.280149597223588e-09,-5.033267465805284e-09,-2.1496330939085414e-09,-1.4863305892966267e-09,-6.34378378826143e-10,-4.3867277391928957e-10,-1.860238349439361e-10,-1.2864743605304633e-10,-5.0525123809807326e-11,-3.494419520336206e-11,45.01110130043859,2.757490153467906,-14.726641008255784,813.9600626847819,-1.6684141019447405,-2.4932136264035476
27.5,1227.047921532969,-0.3010423071349772,-0.18744579300534778,-0.3010423071349772,-0.18744579300534778,-0.06396776580617419,-0.044591239082534304,-0.017440470687643015,-0.01245144828481956,-0.005032379015976573,-0.00361580163320432,-0.0014746367547669407,-0.0010615315997794359,-0.00043403366130267317,-0.0003126339733095605,-0.00012791594749339156,-9.216091044172929e-05,-3.771649381325712e-05,-2.7177699536277802e-05,-1.1121388910758816e-05,-8.014540530867234e-06,-3.2793422401913003e-06,-2.363439916668115e-06,-9.669732448039795e-07,-6.969642507448726e-07,-2.8512951245278256e-07,-2.0553057526921802e-07,-8.407557992419681e-08,-6.060973146068068e-08,-2.479119237038472e-08,-1.787343911198831e-08,-7.3100974267753304e-09,-5.2707460410570185e-09,-2.1554017007216286e-09,-1.5542302384964319e-09,-6.351775925821945e-10,-4.5805793167772484e-10,-1.8599993108765821e-10,-1.3414518633249845e-10,-5.04582327691628e-11,-3.639369572731388e-11,45.033478147551286,2.9031912252284915,-14.660899650086133,813.9537469654489,-1.7922168261155582,-2.5638488598489135
28.0,1228.035791870566,-0.31077575446181505,-0.1866767033988075,-0.31077575446181505,-0.1866767033988075,-0.06541760609249078,-0.04442595102636176,-0.01779601433346544,-0.012402352640626953,-0.0051303361719434925,-0.0036001672098621433,-0.0015024738247431534,-0.0010564921615163227,-0.0004420113439831557,-0.0003110132584585686,-0.00013020684461208113,-9.164258154788107e-05,-3.837445681857257e-05,-2.7012815260608417e-05,-1.1310282728512755e-05,-7.962370504770933e-06,-3.3335324065888103e-06,-2.3470098706572236e-06,-9.825075614870369e-07,-6.918109787146082e-07,-2.8957903763511216e-07,-2.0392007510456264e-07,-8.53489780802046e-08,-6.010803091431513e-08,-2.5155292778350784e-08,-1.771759893975613e-08,-7.414103353921196e-09,-5.222463779803562e-09,-2.1850796303909486e-09,-1.5393074238041735e-09,-6.436332711394494e-10,-4.534587005198279e-10,-1.8839290091612432e-10,-1.327406608395892e-10,-5.1087982596092573e-11,-3.5999219978520337e-11,45.042761147208516,3.0390236892409654,-14.545926978742697,813.9713912190763,-1.7871820739860675,-2.6242249209957946
28.5,1226.7698110964925,-0.3192039826105329,-0.16951412663745521,-0.3192039826105329,-0.16951412663745521,-0.06670777211555963,-0.04110797394622913,-0.018128183647961076,-0.01152949191317719,-0.005226832113801635,-0.003352410171986112,-0.0015314108781412875,-0.000984670045446424,-0.0004507627699395332,-0.0002900664878105397,-0.00013285854896901266,-8.552371027401293e-05,-3.917796449367827e-05,-2.5224018782905465e-05,-1.1553644498930742e-05,-7.439470545651349e-06,-3.4071882735212318e-06,-2.1941674906446367e-06,-1.0047852807634616e-06,-6.471389257704132e-07,-2.9631278863651385e-07,-1.9086454897058065e-07,-8.738311320715682e-08,-5.629281976669955e-08,-2.57694099802365e-08,-1.6602771114301382e-08,-7.599405550825607e-09,-4.89673205535754e-09,-2.2409597398167524e-09,-1.4441468552842509e-09,-6.604657852851757e-10,-4.256749154037365e-10,-1.934266256612093e-10,-1.2467896106945886e-10,-5.247795953614248e-11,-3.382955987600979e-11,45.039064399902855,3.1582299590851615,-14.38906664244199,814.0111974891007,-1.6535245038749316,-2.673064970080211
29.0,1223.2850832283564,-0.32603978990728544,-0.13871723395944147,-0.32603978990728544,-0.13871723395944147,-0.0678068173171472,-0.03484082852253837,-0.018430202862612065,-0.009862673652349021,-0.00532018124079249,-0.0028783254535592905,-0.001561022665377218,-0.0008472819860778424,-0.00046018356981989615,-0.00025003837180542765,-0.00013584683411006144,-7.384522361946627e-05,-4.0121932546066014e-05,-2.1814620931953825e-05,-1.1850622654463064e-05,-6.4442581808513695e-06,-3.5002615374076552e-06,-1.9036986079314838e-06,-1.0338554508863754e-06,-5.623716939147167e-07,-3.0536492183128114e-07,-1.661302477284411e-07,-9.019416833999399e-08,-4.9076542503430574e-08,-2.66402078841497e-08,-1.4497697827536937e-08,-7.868553902964014e-09,-4.282745740751391e-09,-2.3239741800015425e-09,-1.2650991694647698e-09,-6.860050678714084e-10,-3.734963007289033e-10,-2.012134932043527e-10,-1.0956711458236256e-10,-5.466267757722308e-11,-2.976933334428712e-11,45.02241829040023,3.254884562614457,-14.200620792827443,814.0707749427712,-1.4003738055556652,-2.70888555631748
29.5,1217.7524872870429,-0.33092307836400386,-0.09881533629833694,-0.33092307836400386,-0.09881533629833694,-0.06866794287886828,-0.026023323111567385,-0.01869015172116693,-0.007465442446152449,-0.005406885718756491,-0.002190783950127478,-0.0015902574698805393,-0.0006470928964594168,-0.00046995867578976283,-0.00019149658320847255,-0.00013907832649554623,-5.6705773390335186e-05,-4.117903774475259e-05,-1.6794239033702603e-05,-1.219333107023242e-05,-4.973858001752127e-06,-3.6105098791690114e-06,-1.4730803445546725e-06,-1.0690910883411308e-06,-4.3627415581706647e-07,-3.1656352953098125e-07,-1.2920893216422322e-07,-9.37361335001498e-08,-3.826710197691586e-08,-2.7755753620431455e-08,-1.1333353662994252e-08,-8.218586568485465e-09,-3.3565214844762687e-09,-2.4334359014379565e-09,-9.94028985796153e-10,-7.201100314803245e-10,-2.94214850240855e-10,-2.117320099533712e-10,-8.652403318728454e-11,-5.764104340366262e-11,-2.3558896547373558e-11,44.992934566337325,3.3242084937534173,-13.993208327369253,814.1471225066252,-1.0451594405771472,-2.7300411439106154
30.0,1210.4679732904963,-0.33346871113314575,-0.05483493279286029,-0.33346871113314575,-0.05483493279286029,-0.0692349426210424,-0.015251139266420225,-0.018892320770390564,-0.004448162014322238,-0.005481977420585563,-0.001314636475230696,-0.0016175219005769065,-0.0003900368897752413,-0.00047958198246102413,-0.00011585104991895306,-0.00014239450089908057,-3.4425735806534744e-05,-4.230029916846169e-05,-1.0230059781157897e-05,-1.2566825997011398e-05,-3.0399966965053598e-06,-3.7334278656091466e-06,-9.033749667663206e-07,-1.1091490902831945e-06,-2.684497424826349e-07,-3.29512647561774e-07,-7.977336837502013e-08,-9.789358519037404e-08,-2.3705703751737736e-08,-2.9082799384959503e-08,-7.0444582949181685e-09,-8.640049721320566e-09,-2.09334305943806e-09,-2.5666957008610025e-09,-6.220299311835487e-10,-7.620514097107811e-10,-1.847283366291799e-10,-2.247857766566844e-10,-5.4503935596109566e-11,-6.136457840465223e-11,-1.4882343376341084e-11,44.95108212623596,3.362827108693725,-13.780992711362014,814.236534606608,-0.6124218313313914,-2.734988028945085
30.5,1201.8340020468388,-0.3333533958445464,-0.011165132586478159,-0.3333533958445464,-0.011165132586478159,-0.06945334716674144,-0.0032892393440879476,-0.019019908757675053,-0.0009776266183116975,-0.005539757799098685,-0.00029133245902437596,-0.0016408860099389024,-8.688620871949784e-05,-0.0004884120251229662,-2.5920391519304894e-05,-0.00014558626218125103,-7.73271968494706e-06,-4.3418705890136975e-05,-2.3068692338682752e-06,-1.294993907505615e-05,-6.881984449353372e-07,-3.862411801564506e-06,-2.053073024845975e-07,-1.151991900029371e-06,-6.12484505752761e-08,-3.4358980914453274e-07,-1.8271988577493384e-08,-1.0247810998523365e-07,-5.451004087115831e-09,-3.056481422245826e-08,-1.6261740250939268e-09,-9.116127793716501e-09,-4.851270804783067e-10,-2.7187948698895282e-09,-1.4471760866905155e-10,-8.103797890071186e-10,-4.314525467301313e-11,-2.399578424740192e-10,-1.2778399466029499e-11,-6.572265891267728e-11,-3.5005785837205888e-12,44.897986256478255,3.3689555182447064,-13.578802415177954,814.3345107284093,-0.1321258482719386,-2.7227097629604216
31.0,1192.3342949286086,-0.33042146815676454,0.03166682692267027,-0.33042146815676454,0.03166682692267027,-0.06928464107515818,0.009129718166676978,-0.01905863441777554,0.0027051899814323076,-0.005574843179808574,0.0008079133568440308,-0.0016583910438306446,0.00024185017335930697,-0.0004957615175344724,7.245168506183868e-05,-0.00014841945450455655,2.1709718762904543e-05,-4.445629831399211e-05,6.505188780132871e-06,-1.3317181244254596e-05,1.9492413295074378e-06,-3.989250635076406e-06,5.840786315189043e-07,-1.1950066858459062e-06,1.7501570611380354e-07,-3.5797223706082325e-07,5.244242062690985e-08,-1.0723297127451336e-07,1.571406040407244e-08,-3.2122337863207134e-08,4.708622978568601e-09,-9.622409953948787e-09,1.4109035144989788e-09,-2.882287183356391e-09,4.22743891388288e-10,-8.628404294290971e-10,1.265892444528877e-10,-2.565736813320708e-10,3.765317363910042e-11,-7.052942126353971e-11,1.0352985029102548e-11,44.83565225085168,3.3424983818246075,-13.401172212668689,814.4357592156495,0.3624145444563387,-2.6931964190201496
31.5,1182.5034801667102,-0.32477926460448747,0.07821041156708382,-0.32477926460448747,0.07821041156708382,-0.06872053864083208,0.021427532681766438,-0.01900062677045131,0.0062816443444519325,-0.005583360694733403,0.0018760652294312816,-0.0016684229914660132,0.0005633603219746545,-0.0005010128694443577,0.00016944529635467428,-0.00015067000325542194,5.099364779495354e-05,-4.533466897575024e-05,1.5348070619434457e-05,-1.3641822431268227e-05,4.619463049190602e-06,-4.105011097062049e-06,1.3903662153743723e-06,-1.2352540276741942e-06,4.184724917048568e-07,-3.71704843191399e-07,1.2595187050714935e-07,-1.1185107005428668e-07,3.7908998455105527e-08,-3.3657501185773905e-08,1.140984650004512e-08,-1.0127946746221854e-08,3.434117135378787e-09,-3.0474515989027833e-09,1.0335374757520827e-09,-9.164007217841083e-10,3.1086384265424835e-10,-2.7369970103949596e-10,9.286502181463881e-11,-7.552160001309809e-11,2.5628822654940947e-11,44.76702904703167,3.285055613757776,-13.26134739599606,814.5343674743593,0.8368614242182553,-2.647847165741747
32.0,1172.893542871456,-0.3168459699130814,0.1253932350468255,-0.3168459699130814,0.1253932350468255,-0.06779387169631665,0.032677268911136384,-0.01884779552105268,0.009489095512406318,-0.0055640757984711416,0.0028350584355051767,-0.0016700907879660528,0.0008540442271084591,-0.0005037430887701531,0.0002579092006409778,-0.00015216441428108664,7.794506392992887e-05,-4.59878686252106e-05,2.3562811059177965e-05,-1.3899940445362619e-05,7.123043294974354e-06,-4.201289386966744e-06,2.1532976542694886e-06,-1.2698495059677498e-06,6.509423843833355e-07,-3.8381497023173776e-07,1.9678003418400312e-07,-1.1600896336949805e-07,5.9486647424658564e-08,-3.5063961101979656e-08,1.7982818002338547e-08,-1.0598102874281739e-08,5.436178704088283e-09,-3.2030985772861475e-09,1.643253951606554e-09,-9.674732488722955e-10,4.96411582107282e-10,-2.9020173567535147e-10,1.4892572089892838e-10,-8.0371672573412e-11,4.125058908653454e-11,44.69586665630936,3.1998315912002946,-13.170310619926036,814.6241688223939,1.2582644385234352,-2.5896749591256087
32.5,1164.0391868200074,-0.30733869124934543,0.16821405825526406,-0.30733869124934543,0.16821405825526406,-0.06658285371711113,0.04196483613126101,-0.018613810303692583,0.012095931090986101,-0.005519181909677696,0.003616727319376938,-0.0016635242056141969,0.0010928704089611192,-0.0005038316256830439,0.0003312737587888767,-0.0001528175827989299,0.00010051176692384007,-4.63753311047751e-05,3.0508223838543302e-05,-1.4074751683955861e-05,9.260143563727549e-06,-4.271638179709396e-06,2.8107260279605435e-06,-1.2964273291602768e-06,8.531380478442945e-07,-3.9346118330783415e-07,2.589524978288689e-07,-1.1941409465645176e-07,7.85996982317794e-08,-3.6241742143206284e-08,2.38573076922511e-08,-1.0999176658913899e-08,7.241351315188796e-09,-3.337993678777135e-09,2.1978194042877593e-09,-1.0123506020988278e-09,6.666291660240579e-10,-3.0487631801395515e-10,2.0078106200809092e-10,-8.472483316091416e-11,5.580191250718979e-11,44.62637344281095,3.0914524298763215,-13.135905801852788,814.6992814492232,1.597381915973783,-2.5232316382225495
33.0,1156.4242844256414,-0.29718947856604755,0.20072452913709074,-0.29718947856604755,0.20072452913709074,-0.06520651635629374,0.04851902593095462,-0.018323919211718935,0.013920555372784638,-0.005454480767441733,0.00416730033544067,-0.0016499964685003485,0.001262784156066494,-0.0005015185958442799,0.00038404212045258586,-0.0001526569911529725,0.00011692427571149582,-4.6491230063467686e-05,3.5613720079516575e-05,-1.4160067436719459e-05,1.0847834002793948e-05,-4.3128028563734685e-06,3.3042182139615077e-06,-1.313572026078715e-06,1.0064551134551052e-06,-4.0008122741698254e-07,3.065632550826256e-07,-1.2185474229169336e-07,9.33782575370877e-08,-3.71138892483546e-08,2.8442725042692234e-08,-1.1303893377687862e-08,8.663516176785489e-09,-3.442652290530953e-09,2.6387040924754644e-09,-1.047786553297686e-09,8.031591968617347e-10,-3.166361953159155e-10,2.4272796893711495e-10,-8.825261496049307e-11,6.765703251300986e-11,44.56273219528945,2.965702872328143,-13.16213936541258,814.754742046462,1.8307370330084005,-2.454232760313143
33.5,1150.4515229281849,-0.28741440151265124,0.21750709540545823,-0.28741440151265124,0.21750709540545823,-0.06381100776030497,0.05179182049060927,-0.018012208949848677,0.014839989719950143,-0.005378771922875162,0.004449654949063468,-0.0016317980189097267,0.0013515982323049278,-0.0004973852132103937,0.00041214668420838527,-0.0001518229232709263,0.00012582466816340874,-4.636656107122567e-05,3.843044440479278e-05,-1.4161582112076627e-05,1.1738287673822909e-05,-4.325324183488191e-06,3.5853709120536e-06,-1.3210691530666117e-06,1.095124342701005e-06,-4.0348968638411985e-07,3.3449742001703536e-07,-1.2323648477567295e-07,1.0216969325016968e-07,-3.763968080676256e-08,3.1206939078267896e-08,-1.1496086792967501e-08,9.531861562438237e-09,-3.510969685709702e-09,2.9112346414925213e-09,-1.0715541426859263e-09,8.885597363799174e-10,-3.2469668995399854e-10,2.6926018093796707e-10,-9.070912133833811e-11,7.5225311466053e-11,44.50857310857885,2.8292002958710976,-13.248733220617462,814.7871203122253,1.9422545916869585,-2.3889306244814144
34.0,1146.4171540130676,-0.27896918611150445,0.21543138827682182,-0.27896918611150445,0.21543138827682182,-0.06254889717159315,0.05149745108793139,-0.017716567262830243,0.014788505888317663,-0.00530247081731548,0.004442856860258494,-0.0016118506959132935,0.0013520923228953457,-0.0004922476813104933,0.0004130758326467312,-0.00015054018765504534,0.0001263464141432923,-4.606196219206478e-05,3.866266995575597e-05,-1.4095186306929566e-05,1.1831529677453486e-05,-4.3131961286053406e-06,3.6206784128617073e-06,-1.3198591653932315e-06,1.107998079771937e-06,-4.0388337457290847e-07,3.3906898061010845e-07,-1.2359028607546687e-07,1.0376170296200738e-07,-3.7819210284496076e-08,3.1753081602165836e-08,-1.1572788316647212e-08,9.716997649904793e-09,-3.5410830531933813e-09,2.9733830154174448e-09,-1.082782295850163e-09,9.092356899533162e-10,-3.287013064749625e-10,2.760303394506304e-10,-9.197207487579707e-11,7.723752168778938e-11,44.46651614358477,2.689027421612519,-13.390986770772441,814.7949913328351,1.9243599025229874,-2.3333448818054228
34.5,1144.492433397693,-0.27262594116038763,0.1947980496505312,-0.27262594116038763,0.1947980496505312,-0.06155590480929182,0.04762823445324038,-0.01747239048934092,0.01375552491727889,-0.005235742341366712,0.00414171727877254,-0.001593143004176728,0.0012620860864594788,-0.00048698670546237267,0.00038597635355293417,-0.00014906714538588607,0.00011817006576669889,-4.5652670419069316e-05,3.619439612401833e-05,-1.3982593681680532e-05,1.108636532708427e-05,-4.282617517683331e-06,3.395760375248858e-06,-1.3116888908664275e-06,1.0401234473119472e-06,-4.0174676609890134e-07,3.18590436598939e-07,-1.230478178003964e-07,9.75844369774295e-08,-3.7687315017575626e-08,2.9890153224060375e-08,-1.1542872317490369e-08,9.155311668310254e-09,-3.535126545173253e-09,2.804080598838135e-09,-1.0819357713432247e-09,8.582487769366522e-10,-3.2873271445244196e-10,2.607835057501978e-10,-9.204986180103395e-11,7.302677789057479e-11,44.43788020071746,2.55234700579081,-13.579979832472914,814.7791643623385,1.7784676369413348,-2.292497376728467
35.0,1144.7129165670517,-0.2688934218365714,0.1592625641870123,-0.2688934218365714,0.1592625641870123,-0.0609306160329381,0.040464488734477985,-0.01730665080082948,0.011789741491009052,-0.005186655611889813,0.0035583893171087936,-0.0015781474760369354,0.0010850550077937363,-0.00048236365772438253,0.00033188679860513486,-0.00014763804065238525,0.00010160982201372403,-4.521056238535069e-05,3.112083976396601e-05,-1.3845790668580529e-05,9.531659182141156e-06,-4.240290522990058e-06,2.9193468893088184e-06,-1.2985942184157298e-06,8.941345986112676e-07,-3.9769608416329694e-07,2.7385463498970073e-07,-1.2179491055428455e-07,8.387591432992687e-08,-3.7299818958758424e-08,2.5689413936140584e-08,-1.1423040608723752e-08,7.868075788566331e-09,-3.4980750958289625e-09,2.4096572173804565e-09,-1.0704888059561369e-09,7.374752636871125e-10,-3.252229599374052e-10,2.2407047487843995e-10,-9.105946689092635e-11,6.274241705593734e-11,44.42261567573132,2.426021148255291,-13.803118210532148,814.7426141857449,1.514838322301232,-2.2698008878028877
35.5,1146.9762832082508,-0.2679875856716875,0.11455320108481498,-0.2679875856716875,0.11455320108481498,-0.06072211756597017,0.03057413189786696,-0.017233967735086644,0.00900851839942198,-0.005159908417333822,0.0027257064122469966,-0.0015684033402602548,0.0008311757130348879,-0.000478884243791879,0.0002540562985110533,-0.0001464186711495865,7.771287667463933e-05,-4.478981808550737e-05,2.3777740963892534e-05,-1.3702424402970624e-05,7.2752546237292165e-06,-4.19194456542647e-06,2.2260032993623863e-06,-1.2824299345222847e-06,6.81088283835125e-07,-3.9233021883881066e-07,2.0839198585693919e-07,-1.2002448516762991e-07,6.376151011093578e-08,-3.6718734215079765e-08,1.9509041549774288e-08,-1.1233187050494207e-08,5.969125473122058e-09,-3.4362986480171027e-09,1.826240959395716e-09,-1.0504760353059484e-09,5.583577485411192e-10,-3.188156207152215e-10,1.6948201231445797e-10,-8.918718865113265e-11,4.741719386424418e-11,44.41946118479277,2.3162553694944226,-14.04499182665597,814.6901234572981,1.1518270170290992,-2.2667184902739352
36.0,1151.0488270026297,-0.26984762532427753,0.06664852663380899,-0.26984762532427753,0.06664852663380899,-0.06092824433853089,0.018776375321266376,-0.017255723266744044,0.005603203490631606,-0.005156486535730978,0.0016994455578070427,-0.001564390786387232,0.0005179379601998089,-0.000476752934430162,0.00015808260489478358,-0.00014549009236613917,4.8274520623605695e-05,-4.4421158693681426e-05,1.4743309531542807e-05,-1.35637850386547e-05,4.502689475332127e-06,-4.14163587760487e-06,1.3751466363501788e-06,-1.2646283974645376e-06,4.199775003562132e-07,-3.8614813640112935e-07,1.2826348499575054e-07,-1.1790845109307913e-07,3.917238593949383e-08,-3.600275151238051e-08,1.1963459413871353e-08,-1.0993194905240987e-08,3.6536841995211297e-09,-3.356488604249845e-09,1.11577905978534e-09,-1.024134072656023e-09,3.405144145836913e-10,-3.1024745488419324e-10,1.0317399467593243e-10,-8.665336746163626e-11,2.8821652289628235e-11,44.42626989045357,2.2282840973890963,-14.288484248824588,814.6277054388154,0.7145883878239474,-2.282749541733528
36.5,1156.5802029564084,-0.27418735905389574,0.020354373766797697,-0.27418735905389574,0.020354373766797697,-0.06150408823145156,0.006049779645748897,-0.017362255539846192,0.0018294523450545384,-0.005174288322260601,0.0005560764060274241,-0.001565711218719552,0.00016928653630770733,-0.00047592425570549944,5.1564003749305224e-05,-0.00014486281436184648,1.57080170521777e-05,-4.411562030090666e-05,4.7851559570863946e-06,-1.3435749870783105e-05,1.4577089811835619e-06,-4.091960474883696e-06,4.4406399560874877e-07,-1.2462378863220727e-06,1.352758572835362e-07,-3.7955128637517915e-07,4.1209279876160135e-08,-1.1559524358763601e-07,1.2553641876417477e-08,-3.5205396032673784e-08,3.824231871590462e-09,-1.0722006190002298e-08,1.1649740284160007e-09,-3.2652497590445008e-09,3.548638426673083e-10,-9.937367412746891e-10,1.080243001870287e-10,-3.0028589550164086e-10,3.265029157759641e-11,-8.369151318664852e-11,9.101668159723773e-12,44.440411375631506,2.1661105136749046,-14.516044964296235,814.5619206894107,0.2333333586720086,-2.315725537571362
37.0,1163.1255055978704,-0.2805701820021994,-0.022582399862122286,-0.2805701820021994,-0.022582399862122286,-0.06237768067313802,-0.006673785581198737,-0.01753719835009501,-0.002010485667317948,-0.005209415621372592,-0.0006091077823867653,-0.0015714766719055276,-0.00018485426179045108,-0.0004762197486760882,-5.6132939216826976e-05,-0.00014451155054799895,-1.7047781102633804e-05,-4.3874733621978115e-05,-5.177474128005814e-06,-1.3321716060719422e-05,-1.5724180281714161e-06,-4.044881965627383e-06,-4.77549166612574e-07,-1.228150339934562e-06,-1.4503344679362326e-07,-3.729041450086122e-07,-4.4047193606786275e-08,-1.1322514046886866e-07,-1.3377294791008596e-08,-3.437860950143083e-08,-4.06273160523262e-09,-1.0438338195749634e-08,-1.2338591277573072e-09,-3.169192174712072e-09,-3.747029655923243e-10,-9.615793828705424e-10,-1.1371759867120305e-10,-2.8971052633769124e-10,-3.426953091259312e-11,-8.053990652240302e-11,-9.528881258461289e-12,44.45914243625972,2.1323104608169157,-14.71101551657395,814.4992169767544,-0.2587445870287668,-2.362332610361903
37.5,1170.1732907423852,-0.28849433271612623,-0.0673940071824463,-0.28849433271612623,-0.0673940071824463,-0.0634681651143264,-0.018805178280427017,-0.01776248557378256,-0.005562171836360313,-0.005257651045726584,-0.0016721737173957044,-0.0015807521634528688,-0.000505134343361444,-0.0004774600188028425,-0.00015281266775392401,-0.000144414278998548,-4.6252597322035364e-05,-4.370194247355507e-05,-1.4000770111929927e-05,-1.3225892379683333e-05,-4.238066077913915e-06,-4.002664855060541e-06,-1.282872580368083e-06,-1.2113606762963193e-06,-3.883285505056758e-07,-3.666044336447621e-07,-1.1754796606261883e-07,-1.1094862766883575e-07,-3.558204432521222e-08,-3.357731363749885e-08,-1.0770762863289003e-08,-1.016172980290969e-08,-3.2603161223795482e-09,-3.075134625040489e-09,-9.868421808322387e-10,-9.300046499030643e-10,-2.9851069251186127e-10,-2.79308783156841e-10,-8.967022296933819e-11,-7.743713876617639e-11,-2.4865042265887622e-11,44.47985778779131,2.127907537083501,-14.8588920537514,814.4454050608703,-0.7277387272245689,-2.418732880843428
38.0,1177.1777800690015,-0.29747308891900476,-0.11159739848080807,-0.29747308891900476,-0.11159739848080807,-0.06470166771693975,-0.02948559134334538,-0.01802255860313687,-0.008579243911645974,-0.0053156603480215715,-0.002561111980336872,-0.0015929044856287258,-0.0007702711698152799,-0.00047956553707005444,-0.00023217907417010542,-0.00014458106639906676,-7.003439940849394e-05,-4.361072914487147e-05,-2.1129891759278238e-05,-1.3155549764546948e-05,-6.375043257703842e-06,-3.968484201282213e-06,-1.923397289687631e-06,-1.1971272299594193e-06,-5.803030634571006e-07,-3.611236750562783e-07,-1.7508168800966482e-07,-1.0893604293678563e-07,-5.2823426478146564e-08,-3.286147297886864e-08,-1.593720682531757e-08,-9.912888248792924e-09,-4.808344751360712e-09,-2.9901212807826493e-09,-1.4506223527993351e-09,-9.013778687078843e-10,-4.373633482537602e-10,-2.698601503368833e-10,-1.3096112185924777e-10,-7.461576313096721e-11,-3.621536103240089e-11,44.50017398842548,2.1523244381877773,-14.948413309143984,814.4053390400143,-1.1413476824040827,-2.4811435916020184
38.5,1183.5932249295583,-0.30709361971912,-0.15037422077515633,-0.30709361971912,-0.15037422077515633,-0.06602127993804155,-0.03793073258971508,-0.018306785617847113,-0.010890038083430233,-0.005381627680722074,-0.0032318889829076867,-0.0016077702790291228,-0.0009682901142805604,-0.00048260031621495414,-0.00029092137095206895,-0.00014506504704485184,-8.748198198798283e-05,-4.362723602306969e-05,-2.6314943668976615e-05,-1.3121596497518412e-05,-7.915644393717685e-06,-3.946532266594532e-06,-2.3810587233180188e-06,-1.1869833769610585e-06,-7.162323568975099e-07,-3.570044377553999e-07,-2.1544566821391113e-07,-1.0737485109771761e-07,-6.480694925336601e-08,-3.2294705936930044e-08,-1.9494189757116545e-08,-9.713101457995959e-09,-5.863900989751836e-09,-2.921194237876481e-09,-1.763778139186767e-09,-8.780046432520621e-10,-5.301942163776984e-10,-2.6210725012381455e-10,-1.5829621892048096e-10,-7.229331216332917e-11,-4.366517674760123e-11,44.51785419954862,2.2034135857432675,-14.972384887682015,814.382811319732,-1.4710907466236824,-2.5462528448181265
39.0,1188.908270137463,-0.3170413212845878,-0.1784940217644864,-0.3170413212845878,-0.1784940217644864,-0.06738954303426223,-0.043566886345087034,-0.018609763461744783,-0.0123914821848961,-0.005455251009240767,-0.003661535440738216,-0.0016256286271792268,-0.00109371915233882,-0.0004867562312592452,-0.0003277442667132443,-0.0001459555841003711,-9.83056176264537e-05,-4.378760989344143e-05,-2.9497782011511965e-05,-1.3137613257731643e-05,-8.85116592087395e-06,-3.9416831047413245e-06,-2.65589928524667e-06,-1.1826246812641834e-06,-7.969346720339163e-07,-3.5482333163172946e-07,-2.391298769012166e-07,-1.0645777450806369e-07,-7.175380582950198e-08,-3.194055119799716e-08,-2.1530586096934738e-08,-9.583084209222582e-09,-6.4604777307462816e-09,-2.87504463792928e-09,-1.938428521798499e-09,-8.620281455811515e-10,-5.812625689878664e-10,-2.5672612432403003e-10,-1.7312730691268776e-10,-7.066456998941845e-11,-4.765794073276004e-11,44.530631795838175,2.277567604883664,-14.92818399727303,814.3806156684296,-1.6942691799048624,-2.611398538436446
39.5,1192.6781584832852,-0.3270844334077431,-0.19164451152856593,-0.3270844334077431,-0.19164451152856593,-0.0687839130545579,-0.04605161088904101,-0.018929774334619676,-0.013035790192567858,-0.0055372069897431445,-0.0038421292524667408,-0.0016470189029004231,-0.0011454078141463176,-0.0004922925375641934,-0.00034261404726945125,-0.0001473586527238336,-0.0001025848768882874,-4.413177042015014e-05,-3.072811657929704e-05,-1.3217910404442291e-05,-9.204302592232233e-06,-3.9588974974775225e-06,-2.75705756320145e-06,-1.1857297338265313e-06,-8.258492510369384e-07,-3.551380145937497e-07,-2.473749523217973e-07,-1.0636741318534938e-07,-7.409871059381206e-08,-3.18580982002579e-08,-2.2195523481197173e-08,-9.541771089934048e-09,-6.64841360086353e-09,-2.857688152247866e-09,-1.991348802068116e-09,-8.553438371968041e-10,-5.960965393577532e-10,-2.54306094932688e-10,-1.7724534251055435e-10,-6.989703753976434e-11,-4.8720655989745763e-11,44.5360229171201,2.369906930620301,-14.817925855968415,814.4006930188972,-1.7955352998805458,-2.6745014589555574
40.0,1194.5527523981712,-0.33702456486088567,-0.1877156440400728,-0.33702456486088567,-0.1877156440400728,-0.07018734824486654,-0.0452596915923497,-0.01926606567086231,-0.012813287206612612,-0.005628298060347793,-0.003774385657575168,-0.0016724715248997326,-0.0011243470322978193,-0.0004994518714712294,-0.00033603579928257615,-0.00014937104892023055,-0.00010053004474627777,-4.4695621804053544e-05,-3.0086975987692e-05,-1.3375215479282947e-05,-9.004550326070583e-06,-4.0025483907019224e-06,-2.69491778139591e-06,-1.1977671413852275e-06,-8.065457553244741e-07,-3.584331732578232e-07,-2.4138623371867036e-07,-1.0726152885379614e-07,-7.224303301069742e-08,-3.209811918171196e-08,-2.1621173363271842e-08,-9.60534826592941e-09,-6.4708371949131435e-09,-2.874243013909134e-09,-1.936504485000881e-09,-8.595579479093261e-10,-5.791855425404535e-10,-2.553441981630176e-10,-1.7207389726295366e-10,-7.013167799177262e-11,-4.726535343830861e-11,44.53122308095876,2.4745377011097216,-14.648305319674922,814.4442638889212,-1.7679564185654428,-2.7338090135892554
40.5,1194.298612008868,-0.34662879479307424,-0.16744173157678963,-0.34662879479307424,-0.16744173157678963,-0.071577106289319,-0.041263621845193554,-0.01961578316687011,-0.011741077827087625,-0.00572852187076302,-0.003463668832025505,-0.0017022217104504856,-0.00103233095213179,-0.0005083729730031619,-0.0003086121490330568,-0.00015205416585128853,-9.234250580030238e-05,-4.550330065300477e-05,-2.7640370799394434e-05,-1.3618420840110023e-05,-8.273439098390938e-06,-4.075778756990973e-06,-2.47644270083199e-06,-1.2198163552262955e-06,-7.412598770911297e-07,-3.6507181183386664e-07,-2.2187721257538458e-07,-1.0926023580699962e-07,-6.641327430637584e-08,-3.269985130366806e-08,-1.9879108075756754e-08,-9.78649909353201e-09,-5.9502721699537845e-09,-2.9287733754419914e-09,-1.7809575822736074e-09,-8.759622301848935e-10,-5.327350819988527e-10,-2.6024543292715284e-10,-1.5829445470655607e-10,-7.148443250281602e-11,-4.348535116768129e-11,44.51315999231018,2.584868437028571,-14.430148579003674,814.5118704442743,-1.6134972204729072,-2.7875562355468535
41.0,1191.813742285762,-0.35556517910727375,-0.13413615219668718,-0.35556517910727375,-0.13413615219668718,-0.07291500981486032,-0.03432722822368573,-0.019971353882108064,-0.009862441332233527,-0.005836278389615569,-0.0029197178093724185,-0.0017359648210221797,-0.000871823380902229,-0.0005190157355413569,-0.0002609870125173526,-0.00015541134344883675,-7.819011207671852e-05,-4.65604340290701e-05,-2.3431668079662534e-05,-1.3950608326282065e-05,-7.021898989705675e-06,-4.179932526878869e-06,-2.1042917325040282e-06,-1.2524067419758455e-06,-6.306048691857843e-07,-3.7525070868066954e-07,-1.8897688649960907e-07,-1.1243399133223709e-07,-5.663175778780914e-08,-3.36878694448976e-08,-1.6971147355619256e-08,-1.009362960482837e-08,-5.085811558515525e-09,-3.0241117195749495e-09,-1.5240034270877666e-09,-9.054984760823879e-10,-4.5640547200816215e-10,-2.693170457769399e-10,-1.3576880980121866e-10,-7.40462699064011e-11,-3.733378569247912e-11,44.478730304604824,2.693969360283244,-14.177718675736235,814.6032937268938,-1.3428878099073012,-2.83367204750919
41.5,1187.1340826120615,-0.3633644474119476,-0.09265456913256244,-0.3633644474119476,-0.09265456913256244,-0.07414193785780877,-0.024909500177352467,-0.020318949400105087,-0.0072557250432949165,-0.00594787818170987,-0.002159726040176104,-0.00177269596946173,-0.0006469210407204435,-0.0005311093401676309,-0.00019414076440757642,-0.0001593713379722273,-5.82978254853314e-05,-4.784894752669641e-05,-1.7508834234815453e-05,-1.4367440331192432e-05,-5.258502760896291e-06,-4.3140623216872765e-06,-1.5793085315181934e-06,-1.2953687840577441e-06,-4.743204578673316e-07,-3.889559665633359e-07,-1.4245468277620045e-07,-1.167904765933047e-07,-4.27840196901222e-08,-3.506826111251667e-08,-1.2849500573360968e-08,-1.0529770073291251e-08,-3.859124258539833e-09,-3.161548208496843e-09,-1.1589574563661558e-09,-9.486742325543373e-10,-3.4784221378511565e-10,-2.8274691307133616e-10,-1.0369508383394002e-10,-7.787799346272737e-11,-2.8566505956753722e-11,44.4251943404956,2.7949542308872037,-13.907818793107303,814.717364494267,-0.9748895446846452,-2.8696452326620894
42.0,1180.4313309552233,-0.36942641745809024,-0.048056786756224025,-0.36942641745809024,-0.048056786756224025,-0.07517831314563943,-0.013658082915302877,-0.020638415223105132,-0.004046413304251094,-0.00605745392708618,-0.001213054070264432,-0.001810661536351991,-0.00036492904478537994,-0.0005441307792109074,-0.00010989834319591557,-0.00016377974662758958,-3.310961587621146e-05,-4.9323848094439506e-05,-9.97526710311615e-06,-1.4856001482694287e-05,-3.005349084972836e-06,-4.474524770308107e-06,-9.054517568028555e-07,-1.347695874529229e-06,-2.727945607392185e-07,-4.059166628523287e-07,-8.218756161003419e-08,-1.222592823094224e-07,-2.4761472472302452e-08,-3.6823630486327726e-08,-7.460134145863396e-09,-1.1090960608949905e-08,-2.2475770950402467e-09,-3.3403149618848507e-09,-6.771083979531436e-10,-1.0053967417052266e-09,-2.0386053158007375e-10,-3.005508133433317e-10,-6.095866321944088e-11,-8.299481019886559e-11,-1.6837319143863275e-11,44.35065390381506,2.8813619032824302,-13.638735462933317,814.8517339051916,-0.5350117305689857,-2.892619693082296
42.5,1172.0022392994686,-0.373080480225927,-0.0045495896331156395,-0.373080480225927,-0.0045495896331156395,-0.07593109165292375,-0.0013722664633334365,-0.02090477939505285,-0.0004146449236063253,-0.006157315673407112,-0.00012535698484568447,-0.0018474375756939306,-3.79061978440108e-05,-0.0005573190640179059,-1.1462529969514255e-05,-0.00016840016944751456,-3.4661770574370767e-06,-5.0912556204679024e-05,-1.0481441204883686e-06,-1.5394269236966033e-05,-3.1695036898035805e-07,-4.6547166946167275e-06,-9.584324753593633e-08,-1.4074320234731008e-06,-2.8982228747669842e-08,-4.255607855971029e-07,-8.763993309572375e-09,-1.2867546797112376e-07,-2.650161103088538e-09,-3.8907175530256474e-08,-8.013870233968793e-10,-1.176417157259004e-08,-2.4233159192168623e-10,-3.5568699102914097e-09,-7.327447756344071e-11,-1.0747326101283802e-09,-2.2142219176903862e-11,-3.2249358433116573e-10,-6.644724610910555e-12,-8.934309795073298e-11,-1.8409708194019624e-12,44.254507250330526,2.9475139053778934,-13.389066245142946,815.0026989533825,-0.05376642640270796,-2.899724570042404
43.0,1162.2500528892742,-0.37369590876564346,0.038911039833093054,-0.37369590876564346,0.038911039833093054,-0.07630642498897547,0.011274364946985726,-0.02109118686871573,0.0033782671693260075,-0.00623873172949703,0.0010221593173204775,-0.0018801385098047426,0.00031017541723393565,-0.0005697288593890717,9.42066830497071e-05,-0.00017292704334233216,2.8622717517727787e-05,-5.2517603160362705e-05,8.696410186434966e-06,-1.5951524725966545e-05,2.642221168677074e-06,-4.845063859850048e-06,8.027832811994067e-07,-1.471623822850657e-06,2.439088006427728e-07,-4.469861961800279e-07,7.410655420816578e-08,-1.3576611587140348e-07,2.2515715334756288e-08,-4.1237131786956016e-08,6.840922248247834e-09,-1.2525155135914603e-08,2.078457541719058e-09,-3.804099395298258e-09,6.314539488708398e-10,-1.1546211365672112e-09,1.9171700297567233e-10,-3.479892336828621e-10,5.779826965168575e-11,-9.676961858769994e-11,1.607671620348098e-11,44.13777057614058,2.988825490743098,-13.176485836706062,815.1651783806874,0.43542419999984533,-2.888578565166344
43.5,1151.6592594659971,-0.3708215035393279,0.08596156345298114,-0.3708215035393279,0.08596156345298114,-0.07622593525305742,0.023665441711227288,-0.021172867364443126,0.0070175689300010745,-0.006293059764614842,0.0021240187222194822,-0.0019057460924690774,0.0006467913460168887,-0.0005803246127797085,0.00019731774272381411,-0.00017701177369048812,6.023323205500695e-05,-5.402359045400753e-05,1.838986042575063e-05,-1.6490099274306538e-05,5.614624268509521e-06,-5.033419137686669e-06,1.7142058148634802e-06,-1.5363951292304093e-06,5.23365666918897e-07,-4.689674988175373e-07,1.5978922587298725e-07,-1.4314709777370675e-07,4.878538471910846e-08,-4.36940311372408e-08,1.4894699315680839e-08,-1.3337031599532103e-08,4.547484620333178e-09,-4.070702235223905e-09,1.388301439994963e-09,-1.2416252098786455e-09,4.2355221196692354e-10,-3.7600629260637217e-10,1.2829535734663752e-10,-1.0498973731385895e-10,3.583006665044172e-11,44.00317898414352,3.002050806298409,-13.016519059396595,815.3329067198146,0.8985320971154526,-2.857855960112514
44.0,1140.765235036595,-0.36431952358514336,0.13299227057172533,-0.36431952358514336,0.13299227057172533,-0.07564357405572193,0.03485585490527068,-0.021131539588708267,0.010245247240353784,-0.00631309194847297,0.0031040388168795396,-0.001921529963447261,0.0009488300155548317,-0.0005881107553196116,0.0002908143819647097,-0.0001803022872776213,8.920841619110957e-05,-5.53089407878278e-05,2.737398615452737e-05,-1.6968779401151536e-05,8.399825374877145e-06,-5.206020405330405e-06,2.5775225399472158e-06,-1.597206717215422e-06,7.909238755980439e-07,-4.900229134119767e-07,2.426983913564306e-07,-1.503389889663664e-07,7.447304079622151e-08,-4.6123962614077616e-08,2.285235830301625e-08,-1.4150734248194597e-08,7.012297507478505e-09,-4.341135705390205e-09,2.1516004906117776e-09,-1.3308537830127625e-09,6.597284805290372e-10,-4.0502617048171426e-10,2.0081330239636593e-10,-1.1357184291970204e-10,5.631759720704724e-11,43.85502643868778,2.985447764644141,-12.921403301502567,815.4988640671934,1.3032869122494377,-2.8077767411169288
44.5,1130.1206933821766,-0.35445250945242973,0.17476133892646914,-0.35445250945242973,0.17476133892646914,-0.07455949413512358,0.04393670550602732,-0.020959486717700232,0.01283300285351082,-0.0062944114407805256,0.0038946529604980728,-0.0019255054646855616,0.0011952283063141561,-0.0005922842394416111,0.00036804311734687167,-0.00018249293374712048,0.00011344755558503921,-5.626192547541345e-05,3.498424838405534e-05,-1.7347866569010822e-05,1.0788483914994194e-05,-5.34906105567883e-06,3.32696543602291e-06,-1.6493356140806765e-06,1.0259735374237691e-06,-5.085580302372482e-07,3.163909317491509e-07,-1.5680935547645881e-07,9.756900353462237e-08,-4.835074411202266e-08,3.008842472903246e-08,-1.4908419079352814e-08,9.278638719703506e-09,-4.596539091687998e-09,2.861145812755952e-09,-1.4161998182599e-09,8.816367994261682e-10,-4.330977709483947e-10,2.6965330246621264e-10,-1.2194780882525274e-10,7.593467455235316e-11,43.698762149341015,2.93885434980903,-12.899130407276406,815.6559003207489,1.621436707838002,-2.740390877555223
45.0,1120.2610473460527,-0.3418894736506183,0.20520133495277754,-0.3418894736506183,0.20520133495277754,-0.07302742562361844,0.050146640366360795,-0.020662430626614794,0.01460099569968535,-0.0062364937583346694,0.004441770999004308,-0.0019168448903694383,0.0013685044068264824,-0.0005923835017831552,0.0004232620976243555,-0.00018337698595496477,0.00013106497245043871,-5.679874638370685e-05,4.060336039232911e-05,-1.759528865687967e-05,1.2579434150423819e-05,-5.450722113245271e-06,3.897267664974491e-06,-1.6885412974148551e-06,1.207422771276173e-06,-5.230814628272439e-07,3.740748301578003e-07,-1.6204175779389561e-07,1.158931016514481e-07,-5.019775401273206e-08,3.5905122150105483e-08,-1.555029867215477e-08,1.1123778603348708e-08,-4.816849455186611e-09,3.4460226969940084e-09,-1.49098598954716e-09,1.0667678427317842e-09,-4.5803329480298524e-10,3.2774312710504646e-10,-1.294665406998987e-10,9.264637731635079e-11,43.54041526717332,2.863674658737081,-12.95275429905651,815.7974606867377,1.8307431412734194,-2.659566168219888
45.5,1111.6708583170398,-0.32762093743510756,0.21900728134350367,-0.32762093743510756,0.21900728134350367,-0.0711529044329768,0.05294629668121611,-0.020260353949155537,0.015424257529124769,-0.006143254022751237,0.004706334387947639,-0.0018961364010020947,0.0014554250889588188,-0.0005883971545341922,0.0004519283758877965,-0.00018288931947480904,0.00014050637587564356,-5.687957153812677e-05,4.370480978828969e-05,-1.769243992274703e-05,1.3595445238158206e-05,-5.503248740113416e-06,4.229194271938389e-06,-1.7117902792231818e-06,1.315593852508746e-06,-5.324538431159658e-07,4.0924749788523245e-07,-1.656202166633146e-07,1.2730638983468365e-07,-5.151627353014586e-08,3.960172294680021e-08,-1.6024058741390006e-08,1.2318985779434654e-08,-4.983902921429125e-09,3.831817084512376e-09,-1.548978856964376e-09,1.191004234586934e-09,-4.777336504999703e-10,3.673544881264548e-10,-1.3549043672234026e-10,1.0419217595535681e-10,43.385956570299214,2.762779167319228,-13.080034840881387,815.9182882524256,1.9165610817373364,-2.5706522654372588
46.0,1104.753481947708,-0.3128028687124454,0.21342250879468858,-0.3128028687124454,0.21342250879468858,-0.06908144987213911,0.052056595573871614,-0.019785678918889507,0.015231307416974406,-0.006022787555134749,0.004663907868872474,-0.0018653898803264377,0.0014471439277834422,-0.0005807939026129087,0.00045084592872157627,-0.00018112504258904093,0.0001406330870365967,-5.651741046582391e-05,4.388872951359281e-05,-1.7637952345066672e-05,1.369776284609803e-05,-5.50445182057868e-06,4.2750999873874574e-06,-1.7178292144735867e-06,1.3342675073012067e-06,-5.361001035343512e-07,4.164276332011316e-07,-1.6730609715420466e-07,1.299679118973422e-07,-5.221284340674575e-08,4.056322172248804e-08,-1.629445426853288e-08,1.2659764807471014e-08,-5.084760000048008e-09,3.950817637311667e-09,-1.585528424719165e-09,1.2320296130691292e-09,-4.90571363117695e-10,3.812228992456413e-10,-1.3951003663762392e-10,1.0841955554444045e-10,43.24071546020159,2.640328795821258,-13.273462911172414,816.0149777570971,1.8728801544548666,-2.479866591501736
46.5,1099.8058173153352,-0.29857356849488875,0.1893054942962229,-0.29857356849488875,0.1893054942962229,-0.06697826945234645,0.04748129889487256,-0.019278789122663568,0.014004840271757076,-0.005886218504982191,0.004305259368404333,-0.0018277393140175562,0.0013396568112618399,-0.0005704499560586307,0.00041841187208146107,-0.0001783239590882539,0.00013083260371978694,-5.577576418811414e-05,4.092830307679352e-05,-1.7447829568562486e-05,1.2804280979653948e-05,-5.458047255813854e-06,4.005775932214657e-06,-1.70739172518776e-06,1.2531934306578653e-06,-5.341079596308848e-07,3.920573168854903e-07,-1.6708016578150865e-07,1.2265379402581675e-07,-5.226614088092212e-08,3.837179356828843e-08,-1.6349813338496843e-08,1.2004388319669557e-08,-5.114141467233699e-09,3.7552212397315715e-09,-1.5984582740303184e-09,1.1738146037858796e-09,-4.957075116627565e-10,3.640475809406535e-10,-1.4124582435503264e-10,1.0373792814182685e-10,43.10895092074539,2.5015358869941196,-13.520680323361256,816.0862830705528,1.7027467590003493,-2.3935132241806922
47.0,1096.9997460645895,-0.2858927699607336,0.15088366953252233,-0.2858927699607336,0.15088366953252233,-0.06500365022808587,0.039528507485616114,-0.018781694213894733,0.011791022631610682,-0.005745845616387552,0.0036398739963513704,-0.0017868853919625462,0.0011351293819985562,-0.0005584822271431837,0.0003551131660992141,-0.00017482146137005135,0.00011120182660301792,-5.475450330070154e-05,3.4836379827786394e-05,-1.7151508434398965e-05,1.0913471604890646e-05,-5.3726036002242956e-06,3.418950621617218e-06,-1.6829347419997237e-06,1.0710820320448945e-06,-5.271688621297106e-07,3.3554644056342923e-07,-1.6513236201570464e-07,1.0511931135979189e-07,-5.1726646175997985e-08,3.2931541666968866e-08,-1.620291797934461e-08,1.0316642942844557e-08,-5.075039305562368e-09,3.231706983323617e-09,-1.5883699024538844e-09,1.011559426697772e-09,-4.932226039255293e-10,3.1414384557769537e-10,-1.4069379933313113e-10,8.961886198084924e-11,42.993631866267116,2.352377117615471,-13.80527500202772,816.133132260819,1.4180352775054048,-2.317186321026282
47.5,1096.3714277141626,-0.27543766149466375,0.10426882335248208,-0.27543766149466375,0.10426882335248208,-0.06328984335950232,0.028819215899374556,-0.01833137770644792,0.008714616792859866,-0.005613053449568485,0.0027015766313635346,-0.0017464251145885355,0.000843806381162524,-0.0005460330820828958,0.0002641654215409683,-0.00017097987152890162,8.276266733667118e-05,-5.356816184311507e-05,2.593682002095537e-05,-1.678506126488313e-05,8.128286030979229e-06,-5.259435305113502e-06,2.5473066373814185e-06,-1.6479927759552e-06,7.982951234313807e-07,-5.163824658338149e-07,2.5017604495102475e-07,-1.6180339845347793e-07,7.840214368719514e-08,-5.069947671116401e-08,2.4570264817765357e-08,-1.5886055927374183e-08,7.699960638262295e-09,-4.977323621045433e-09,2.412872168021434e-09,-1.5582646354454095e-09,7.555189790244945e-10,-4.840184513986256e-10,2.347091010508297e-10,-1.381031878489122e-10,6.697705228538807e-11,42.89642758484711,2.1992739209218173,-14.107899557519183,816.1583656509948,1.0385901285079264,-2.2551139503098563
48.0,1097.8191236773246,-0.26756692429151,0.05552220613728965,-0.26756692429151,0.05552220613728965,-0.06192505765245132,0.016247801139785963,-0.017954625488401807,0.0049872392295084444,-0.005496588697977487,0.0015523233544534598,-0.0017092710532580911,0.00048524363396039026,-0.0005340749177828106,0.0001518847411793308,-0.00016712302945074876,4.756456220613684e-05,-5.2324181920908726e-05,1.4896763843467733e-05,-1.6384003928974043e-05,4.665523295317905e-06,-5.130239496495613e-06,1.4611970657067648e-06,-1.6064056987070712e-06,4.576328803125512e-07,-5.030056102730594e-07,1.433262195999952e-07,-1.5750356605238332e-07,4.4888391211101866e-08,-4.931824784949335e-08,1.4058601468339094e-08,-1.5442644984238392e-08,4.402982852211498e-09,-4.8350735241256864e-09,1.3788568015044196e-09,-1.5126946294686963e-09,4.314770857655423e-10,-4.695515617655299e-10,1.3396075143309874e-10,-1.3389977423631504e-10,3.820750642675225e-11,42.81785779682209,2.048755739372883,-14.40763222498725,816.1662685638802,0.5908094133490039,-2.2097648216714414
48.5,1101.109686655354,-0.2623442446027721,0.009281659565347105,-0.2623442446027721,0.009281659565347105,-0.06094804230562801,0.0028741629643271338,-0.017665689736681534,0.00089597027412818,-0.0054016870393333635,0.00027988416877154377,-0.0016773324185075165,8.748860885482593e-05,-0.0005232951348261415,2.735514148922613e-05,-0.00016349525746615006,8.553156527349448e-06,-5.1108417029885396e-05,2.6743230924086335e-06,-1.597821767409418e-05,8.361829904240591e-07,-4.9953306101824595e-06,2.614500826141122e-07,-1.561709096552175e-06,8.174783083733475e-08,-4.882430165074172e-07,2.5560167103747546e-08,-1.5264124853048233e-07,7.991919655247238e-09,-4.77207731123021e-08,2.498838683983872e-09,-1.4919005655002397e-08,7.813078272193597e-10,-4.663800977553961e-09,2.4427207776229595e-10,-1.4568331685295213e-09,7.631237240930042e-11,-4.5152581780450227e-10,2.3654707651142216e-11,-1.2859356540812905e-10,6.737463870362838e-12,42.7575180611805,1.907120954997726,-14.683475357545824,816.1620075147807,0.10578077083949508,-2.181778382240207
49.0,1105.8933075850614,-0.2596031408724621,-0.03483005414796336,-0.2596031408724621,-0.03483005414796336,-0.06035350135419542,-0.010411683499057224,-0.01746716199352951,-0.003206804992474016,-0.0053302162968456345,-0.000996548766310104,-0.0016515237793726203,-0.0003105392516133196,-0.0005140867898531344,-9.685145543784762e-05,-0.00016025422890147498,-3.0217133891880634e-05,-4.9981433503085616e-05,-9.427583473159677e-06,-1.5590283904670543e-05,-2.941355406477382e-06,-4.862944801654473e-06,-9.176870883101686e-07,-1.5168570550370568e-06,-2.8631344232930123e-07,-4.7314033047749306e-07,-8.932825553512073e-08,-1.4758263251597938e-07,-2.7869933856250362e-08,-4.603416150382871e-08,-8.695263007578934e-09,-1.4358931891606275e-08,-2.7128539633597955e-09,-4.478497351884751e-09,-8.463272845939295e-10,-1.3957781599725175e-09,-2.638297347985468e-10,-4.3164936374011466e-10,-8.160878099807364e-11,-1.2270239542342997e-10,-2.3202922903884135e-11,42.71428873746611,1.780110104563541,-14.915871420881691,816.1510873687669,-0.38289234064507516,-2.170204443998489
49.5,1111.7255934686727,-0.2590332369469868,-0.08141770350200497,-0.2590332369469868,-0.08141770350200497,-0.060105515414851735,-0.02295106395565077,-0.017353359414731623,-0.00694032594677258,-0.005281633650615081,-0.002140675779629769,-0.0016320405253718029,-0.0006642242815879199,-0.0005066267539011445,-0.000206479539383297,-0.00015749247275928475,-6.422591713179061e-05,-4.89841504199342e-05,-1.9981287687175342e-05,-1.5236853931405453e-05,-6.216366779368551e-06,-4.739527290279191e-06,-1.933970249450957e-06,-1.4742622739150987e-06,-6.01676358005249e-07,-4.585793277965313e-07,-1.8718718016805797e-07,-1.426442159743021e-07,-5.8235690454920465e-08,-4.437042309040386e-08,-1.8117658344865634e-08,-1.3801616774858694e-08,-5.636530863327962e-09,-4.292747119187671e-09,-1.7534388454516448e-09,-1.3341956887241017e-09,-5.450645519177129e-10,-4.114981644170322e-10,-1.6813856962268706e-10,-1.167071740892885e-10,-4.769331197954959e-11,42.686455822067124,1.6726060995287573,-15.088113220595687,816.1389257969539,-0.8414207025226448,-2.1729704390459053
50.0,1118.0955887876273,-0.2602694577538233,-0.12664700462416406,-0.2602694577538233,-0.12664700462416406,-0.06015426990382881,-0.0337756605277441,-0.01731482145046682,-0.010046925572011318,-0.0052543077170713465,-0.0030773715566797,-0.0016187548481232652,-0.0009508183476805158,-0.0005009938777271644,-0.000294556016659967,-0.00015527221061818205,-9.132696492164732e-05,-4.814793723088267e-05,-2.8325400563304986e-05,-1.4931513658425688e-05,-8.785229179148688e-06,-4.630522363721525e-06,-2.7247717663212076e-06,-1.436005607717026e-06,-8.450981780348531e-07,-4.4533033887050263e-07,-2.621103665455926e-07,-1.3810468239901143e-07,-8.129450724671567e-08,-4.282863607635231e-08,-2.5213778196902168e-08,-1.3281806908003431e-08,-7.82008960465121e-09,-4.118601040853577e-09,-2.425242370161088e-09,-1.276222910982354e-09,-7.51592801690958e-10,-3.924674521449542e-10,-2.3115803038503827e-10,-1.1103267939226412e-10,-6.540306286335708e-11,42.67171322249883,1.588376373953415,-15.187536205092314,816.1305966770652,-1.23815825088612,-2.187448285316383
50.5,1124.457979744264,-0.2629673793501668,-0.16518939897020682,-0.2629673793501668,-0.16518939897020682,-0.06045111023485257,-0.04207294088815369,-0.017342387454121855,-0.0123497286650897,-0.005246714037013909,-0.003760312849084068,-0.0016115725607254935,-0.001157293637639203,-0.0004972753596694686,-0.0003573357945431945,-0.00015365681147515487,-0.0001104442985793554,-4.7503811623594676e-05,-3.4149748314584974e-05,-1.4687437147808564e-05,-1.0559416592721918e-05,-4.5411263346567585e-06,-3.265068829961195e-06,-1.4040453869376832e-06,-1.009589342711583e-06,-4.341089174744898e-07,-3.121743179152466e-07,-1.3421969333556816e-07,-9.652716697914695e-08,-4.149860582094526e-08,-2.984706822521322e-08,-1.2830628590645962e-08,-9.228921605871291e-09,-3.966730449344698e-09,-2.8534518273487405e-09,-1.22548210580821e-09,-8.816160512764884e-10,-3.7576560164604406e-10,-2.7034811699965343e-10,-1.0604361907717858e-10,-7.629913381634039e-11,42.66706593454968,1.5298716205672775,-15.206405442434718,816.1307387659081,-1.5457762923683565,-2.2109785323714894
51.0,1130.267457752571,-0.2668506537534619,-0.1914968424141623,-0.2668506537534619,-0.1914968424141623,-0.0609580805134347,-0.047278565296220786,-0.017429710152323783,-0.013750876564209733,-0.005258147157073275,-0.0041680277273889055,-0.0016106383033018068,-0.0012785733983158392,-0.0004956258729723688,-0.000393632633101202,-0.00015272772750160815,-0.00012132126960631411,-4.708725046552719e-05,-3.7408634556027574e-05,-1.4518740635878657e-05,-1.1535147750292028e-05,-4.476664650566535e-06,-3.5569230259521592e-06,-1.3803212609100568e-06,-1.0967957826288065e-06,-4.256040874327503e-07,-3.382027032062007e-07,-1.3122947077399737e-07,-1.0428656231971666e-07,-4.04628717187081e-08,-3.215728431958609e-08,-1.2476112051194026e-08,-9.915796828776999e-09,-3.846562372072434e-09,-3.0573615860881373e-09,-1.185115002752744e-09,-9.420199779269213e-10,-3.624233735419722e-10,-2.880982708671489e-10,-1.020467551582507e-10,-8.112317800924156e-11,42.66869734233469,1.4980944034728736,-15.142443780605221,816.1435758022367,-1.7431399096160152,-2.2412295773822066
51.5,1135.0130829253676,-0.2717216437206929,-0.2013489980737938,-0.2717216437206929,-0.2013489980737938,-0.06165009623312184,-0.04909007695824562,-0.017573710290412284,-0.014214234499578184,-0.0052888095012981135,-0.004296334115998657,-0.0016163493097521636,-0.0013147681669216235,-0.000496268152593025,-0.0004038507552998395,-0.00015258372220699,-0.00012419016495821954,-4.693771702488848e-05,-3.820726633482952e-05,-1.4440284534646584e-05,-1.1755017291669929e-05,-4.442521508163152e-06,-3.616600839945049e-06,-1.36673188782931e-06,-1.112699480260588e-06,-4.2047203185157046e-07,-3.423380634220817e-07,-1.2935728013612187e-07,-1.0532524301950557e-07,-3.979645455653203e-08,-3.2404811174031615e-08,-1.2243206703580857e-08,-9.969739483440121e-09,-3.766321686170923e-09,-3.0671113279833292e-09,-1.157811009279968e-09,-9.429164719296756e-10,-3.533066489966836e-10,-2.8774659594209616e-10,-9.929587353578614e-11,-8.087403870054083e-11,42.671888588186185,1.4925479804696615,-14.99898344299827,816.1729633719505,-1.8167604831930342,-2.2763194234180277
52.0,1138.2504883052718,-0.27743440057207885,-0.19317894410854597,-0.27743440057207885,-0.19317894410854597,-0.06251008111068115,-0.04744252770797971,-0.017773129294039493,-0.013744703182038178,-0.005339340625409831,-0.004150614396138456,-0.0016292019275408387,-0.0012684890963781672,-0.000499443815486357,-0.0003890688190220118,-0.00015332545153304517,-0.00011946569502233196,-4.7093937199109325e-05,-3.669846251825594e-05,-1.4466261819692413e-05,-1.1273726765271279e-05,-4.443729776547942e-06,-3.463276291445724e-06,-1.3650198346036423e-06,-1.0639146144999144e-06,-4.193052311162997e-07,-3.268333816566612e-07,-1.2880169392417257e-07,-1.0040284426058988e-07,-3.9565131907594145e-08,-3.084362208067681e-08,-1.2153489666822302e-08,-9.475062073924824e-09,-3.733026894322859e-09,-2.910519339714277e-09,-1.1458343821460827e-09,-8.934276871362728e-10,-3.491355503166118e-10,-2.722444978803926e-10,-9.79998720473401e-11,-7.6421212450325e-11,42.671076219200984,1.51127102501017,-14.784753318039956,816.222374973187,-1.7617232159524208,-2.31469485372452
52.5,1139.6299012606576,-0.28383814382717815,-0.16853981659583595,-0.28383814382717815,-0.16853981659583595,-0.06351919263916572,-0.04248280633626534,-0.018025811909961185,-0.01237595770091061,-0.005409984336174872,-0.0037414115020067747,-0.001649532989016269,-0.0011433087447555521,-0.0005053337821043409,-0.00035051008256723924,-0.00015503135935085357,-0.00010756398965345165,-4.75867315423285e-05,-3.3022425466457553e-05,-1.460811092589467e-05,-1.0138111745299529e-05,-4.484378268854473e-06,-3.112470035238544e-06,-1.3766084164987941e-06,-9.555497078175166e-07,-4.2258940030547457e-07,-2.933603310370036e-07,-1.297259185744163e-07,-9.006363387836362e-08,-3.9823062865788446e-08,-2.7650137425661724e-08,-1.2224748118430192e-08,-8.488725191293561e-09,-3.752468544199015e-09,-2.6059106852552334e-09,-1.1510546414536188e-09,-7.994257598994907e-10,-3.5050459274635596e-10,-2.4345268813898653e-10,-9.833112184779784e-11,-6.830379085306043e-11,42.66010594841123,1.5509579558755817,-14.513333716042295,816.2947653847036,-1.5820223952625583,-2.3548311390047605
53.0,1138.9182212905657,-0.290706911813246,-0.1315391033345354,-0.290706911813246,-0.1315391033345354,-0.0646453267226162,-0.03456020886776079,-0.01832558408687491,-0.010170803408340076,-0.0054996446381358685,-0.0030844425479031753,-0.0016772294206157429,-0.0009436815747773135,-0.0005139695475311024,-0.00028948945179490485,-0.0001577309353693063,-8.887931212513115e-05,-4.8431086842244216e-05,-2.7296688585333837e-05,-1.4872208654690366e-05,-8.38338180051358e-06,-4.5669549181859456e-06,-2.5747112213874223e-06,-1.402419620744183e-06,-7.907474608399949e-07,-4.306547397607483e-07,-2.428550192874524e-07,-1.322453650358211e-07,-7.458583185023905e-08,-4.0609855089771915e-08,-2.290684848519817e-08,-1.2470382306783451e-08,-7.035122944510654e-09,-3.829128273402367e-09,-2.160477940537495e-09,-1.1749548699113094e-09,-6.630234109386163e-10,-3.578966366675375e-10,-2.0198615678323904e-10,-1.0043227578423967e-10,-5.668723729643358e-11,42.63269232389873,1.6071579977435375,-14.202319385625149,816.3922962352719,-1.2902788235184544,-2.3948664384021217
53.5,1136.0137669401572,-0.2976753637184427,-0.0875292620181917,-0.2976753637184427,-0.0875292620181917,-0.06583333253450463,-0.024224802719621463,-0.018659599158278473,-0.007230930164025931,-0.005605071245476358,-0.002204075617263547,-0.0017114728055047138,-0.0006760346881953243,-0.0005251534476431273,-0.00020774771253843008,-0.00016138011826973117,-6.388219365995362e-05,-4.96186720916692e-05,-1.9647337242378754e-05,-1.5257626012647204e-05,-6.04265192841562e-06,-4.691684434594483e-06,-1.8584524648113765e-06,-1.442682027344264e-06,-5.715777780508714e-07,-4.436213581973218e-07,-1.757920425096465e-07,-1.3641252529466626e-07,-5.406585364128246e-08,-4.194650637791881e-08,-1.6628254426579646e-08,-1.2898364602792215e-08,-5.114080514884999e-09,-3.96592996833639e-09,-1.5727509438557207e-09,-1.2185806997187693e-09,-4.833379369372097e-10,-3.7167479954763746e-10,-1.474481171925958e-10,-1.0441604476318998e-10,-4.142966301193014e-11,42.58303857562722,1.6745398506621112,-13.872234606146732,816.5159631548322,-0.9068596854183713,-2.4323048840847497
54.0,1130.9527651549854,-0.3042014616840453,-0.04166866036464091,-0.3042014616840453,-0.04166866036464091,-0.06699987745068203,-0.012208614385002689,-0.01900686335347605,-0.0037077033481444904,-0.005720366143921517,-0.0011378972318075037,-0.001750570825066866,-0.00035033556003926064,-0.0005384016488213493,-0.0001079665254492171,-0.00016584231457174666,-3.328653461753517e-05,-5.111161600066179e-05,-1.0262521601973108e-05,-1.575411610113113e-05,-3.164022654812005e-06,-4.855885873624817e-06,-9.75495082771804e-07,-1.4967280585325795e-06,-3.007534268458898e-07,-4.6133598037395287e-07,-9.272483777373763e-08,-1.4219742402699567e-07,-2.858785394227405e-08,-4.38294348541519e-08,-8.813872550937073e-09,-1.3509437342949516e-08,-2.717372758165558e-09,-4.163702449248568e-09,-8.377272417778467e-10,-1.2823805145418344e-09,-2.580776737030262e-10,-3.9203616396053103e-10,-7.891640108207917e-11,-1.1035297249356026e-10,-2.2218621986242385e-11,42.506522345457874,1.7472038575211637,-13.545247766384112,816.6652102058791,-0.4584655524813802,-2.463905503749156
54.5,1123.9071752553414,-0.30957395606637816,0.00203988273212256,-0.30957395606637816,0.00203988273212256,-0.06803487454493412,0.000630253829423786,-0.019338385568420793,0.0001948815795987857,-0.005836935550171237,6.027607766344508e-05,-0.001791911356622868,1.8644529335265863e-05,-0.0005529200060789811,5.767105087268158e-06,-0.0001708778192841184,1.783874534428818e-06,-5.2838276461168084e-05,5.517860878918971e-07,-1.6340512603805292e-05,1.7067785929743848e-07,-5.053388755887888e-06,5.279388569825034e-08,-1.5627868306119995e-06,1.633014602376232e-08,-4.832999759486188e-07,5.051222582777495e-09,-1.4946302889796476e-07,1.562438453243488e-09,-4.622218917519026e-08,4.832913883236324e-10,-1.4294349560939236e-08,1.4949006979371795e-10,-4.420267657384183e-09,4.623659794049716e-11,-1.3659093100540175e-09,1.4290524925298714e-11,-4.1891734244533994e-10,4.38370412345349e-12,-1.1824372987360364e-10,1.2375554960380612e-12,42.40032456343511,1.8190205004189222,-13.243742178518355,816.8376414474807,0.023713275038857177,-2.4858254640889426
55.0,1115.1739841896529,-0.31297554586942206,0.04663244183664276,-0.31297554586942206,0.04663244183664276,-0.06881004779267672,0.013681603894319506,-0.019619087915555666,0.004178407878860594,-0.005943940687607065,0.001291185454954382,-0.0018320603450044733,0.00040042670239052704,-0.0005676206547842522,0.00012431903525818354,-0.00017614440996775624,3.861373846718545e-05,-5.4691935427355396e-05,1.1994008423436166e-05,-1.6983841574679844e-05,3.725519563050182e-06,-5.274102522753501e-06,1.1572024567225084e-06,-1.637801276222592e-06,3.5944450228687923e-07,-5.085970534068623e-07,1.1164887235023897e-07,-1.5793793194527051e-07,3.467981797831684e-08,-4.9045455153195904e-08,1.0772065651410241e-08,-1.523028875315666e-08,3.3459404841154074e-09,-4.729190808812882e-09,1.0392181048197085e-09,-1.4673962130440803e-09,3.2253481972564925e-10,-4.51847687453458e-10,9.93407771285888e-11,-1.279741896560392e-10,2.814159130573523e-11,42.26387890780152,1.883973219308807,-12.988816000015623,817.0289332760201,0.506141891910321,-2.49401882273551
55.5,1105.1566456169423,-0.3136002122707684,0.09429129997568098,-0.3136002122707684,0.09429129997568098,-0.06919377830066335,0.026260122395917747,-0.019811312886084825,0.00793297541096449,-0.0060292332021470805,0.002451412929591514,-0.0018670110466726222,0.0007627139162222219,-0.0005811854183061551,0.00023780525605125656,-0.0001812121146498147,7.419630259386277e-05,-5.6533672781084345e-05,2.315510005007419e-05,-1.7639626761372455e-05,7.226218013375565e-06,-5.503913277455959e-06,2.2551501249530573e-06,-1.7173300635393677e-06,7.037847562081634e-07,-5.358410242219803e-07,2.1963636670812227e-07,-1.6719301069374705e-07,6.854386922737524e-08,-5.216749426295877e-08,2.1391078520257375e-08,-1.627716417693044e-08,6.675651405254019e-09,-5.0783860442259376e-09,2.0831606751378967e-09,-1.5832373320328397e-09,6.495684098078114e-10,-4.89771180286389e-10,2.009794180462429e-10,-1.3926046248746285e-10,5.715493413513027e-11,42.099049389360005,1.936484797439924,-12.798803285047608,817.233014780554,0.9552423588448822,-2.4848233005793006
56.0,1094.3398290006144,-0.31080607308457386,0.14101641649558885,-0.31080607308457386,0.14101641649558885,-0.06907004114834588,0.03740117456566795,-0.01987950108537321,0.011200206733017023,-0.006080697374776784,0.003464502934143713,-0.0018925772378058016,0.0010820654374994003,-0.0005921791792245969,0.0003389702318505448,-0.00018559488204026667,0.0001062852778943851,-5.820081815257755e-05,3.3339227440011215e-05,-1.8253994303574137e-05,1.0457865152637124e-05,-5.7251481781067385e-06,3.2804282504768234e-06,-1.7956246230200997e-06,1.0290063356730206e-06,-5.631762993694276e-07,3.227792076956492e-07,-1.766335329998747e-07,1.0124953142308241e-07,-5.5398961375308814e-08,3.175997656017762e-08,-1.7375080968295763e-08,9.962402105302528e-09,-5.449027287742517e-09,3.124746991776925e-09,-1.7075557971076213e-09,9.793302821805413e-10,-5.308775635206276e-10,3.0451262904055486e-10,-1.5159159722791414e-10,8.69629373092848e-11,41.909996940755846,1.9717094157324804,-12.687923508297033,817.4425255674392,1.3397003967416892,-2.455614141736942
56.5,1083.2590652526326,-0.3042675650060867,0.18125905561711733,-0.3042675650060867,0.18125905561711733,-0.06835818031112788,0.046202744778365015,-0.019795398272482,0.013756982449359684,-0.0060878565053119225,0.0042640507514601555,-0.0019049025459035604,0.0013374834286645437,-0.0005992102299648554,0.0004210669221677892,-0.00018880019833029545,0.0001327129497824031,-5.952197873811806e-05,4.184768329448248e-05,-1.87681134697875e-05,1.3196378135409512e-05,-5.917849014234882e-06,4.161386776440526e-06,-1.8659806692413348e-06,1.312264601280257e-06,-5.883698321554982e-07,4.138135825819155e-07,-1.8552123184063541e-07,1.3049324623859065e-07,-5.8497391476152014e-08,4.115010874213287e-08,-1.844488528409713e-08,1.297628911186716e-08,-5.8154188629391585e-09,4.091622855450983e-09,-1.8320598773657665e-09,1.2891223089672408e-09,-5.725265046569737e-10,4.0289213010682776e-10,-1.6420038445282382e-10,1.155580496221091e-10,41.702759197083125,1.9857762666118974,-12.665171571550987,817.6494965248825,1.632626801468631,-2.405378455241334
57.0,1072.4671961359077,-0.2940810557965463,0.20884978763959638,-0.2940810557965463,0.20884978763959638,-0.06702964718314097,0.051924544597387434,-0.0195429749732463,0.015429463414379566,-0.00604352859815725,0.004797026992451164,-0.0019010289367770287,0.001511452977357972,-0.0006011236579903661,0.000478205217313102,-0.000190393823017947,0.00015149512256082295,-6.033834643007754e-05,4.8017125526127596e-05,-1.9125098363630738e-05,1.522065480299489e-05,-6.0619723448032305e-06,4.824702230221136e-06,-1.9214284799857054e-06,1.5293528361477866e-06,-6.09024119815255e-07,4.847801926918309e-07,-1.9303885176354703e-07,1.5366749259056845e-07,-6.11863569673036e-08,4.8710073029492315e-08,-1.9393708803936832e-08,1.544016572944015e-08,-6.146548870786587e-09,4.8938348806437695e-09,-1.946458937831567e-09,1.5498510868136422e-09,-6.113505665783444e-10,4.868116990033706e-10,-1.760855706396171e-10,1.4022212058906175e-10,41.48462461620204,1.9759746590813554,-12.733550417059549,817.8461460065328,1.8134301465546194,-2.3350719958856603
57.5,1062.4997354646327,-0.2807845143667565,0.21872351893391725,-0.2807845143667565,0.21872351893391725,-0.06511783020020179,0.054052253629833936,-0.019122113790148693,0.016095479308169864,-0.005945239788631613,0.005023967816897392,-0.0018794309606364606,0.0015901546450908391,-0.0005971983810843461,0.0005054904699147711,-0.00019007073420657304,0.0001609089760560152,-6.052871373084347e-05,5.124702392483796e-05,-1.9278677795868392e-05,1.6323152546534906e-05,-6.140348846094505e-06,5.199234777345213e-06,-1.9557297607729825e-06,1.6560552359648673e-06,-6.229090494682048e-07,5.274851083716289e-07,-1.9839941941452182e-07,1.680140303451187e-07,-6.319107894576372e-08,5.351561409705324e-08,-2.012645922940421e-08,1.70455770687254e-08,-6.409761239421793e-09,5.428823944716317e-09,-2.0396236461686627e-09,1.7275611009087333e-09,-6.436161880820782e-10,5.451665284521873e-10,-1.8611435651194055e-10,1.576515105473149e-10,41.263418033617754,1.940874326815321,-12.889724234721834,818.0256561184445,1.8692709939975785,-2.2476623886855944
58.0,1053.841318518391,-0.26527692410151954,0.20870424267253251,-0.26527692410151954,0.20870424267253251,-0.0627179336405508,0.05233152355711142,-0.018550101551641506,0.015681983597032736,-0.005796049989904594,0.00491818643169099,-0.0018403900720208122,0.0015634797567887014,-0.0005873029602192995,0.0004991346479921196,-0.0001877166663982438,0.00015956067672239738,-6.003290123308364e-05,5.103318282545179e-05,-1.9201878873901157e-05,1.6323959039512155e-05,-6.141834638685522e-06,5.2215367324855825e-06,-1.964502168904651e-06,1.6702103796421344e-06,-6.283576424362967e-07,5.342493651911443e-07,-2.0098389073853583e-07,1.7089006307951038e-07,-6.428582094720294e-08,5.4662463771889043e-08,-2.0561993504023276e-08,1.748467931691902e-08,-6.576228464831496e-09,5.5922654935486935e-09,-2.1014234636030065e-09,1.787075081026401e-09,-6.658303622613833e-10,5.662531338767048e-10,-1.9320357684012996e-10,1.6431500866177375e-10,41.0468209366054,1.8803779106294647,-13.124135641054824,818.1827983873713,1.7959899293714414,-2.1478298729559007
58.5,1046.8953477097582,-0.2486581883130773,0.18041560096560413,-0.2486581883130773,0.18041560096560413,-0.0599756798297157,0.04679649670769421,-0.017860186867138625,0.014168675976013822,-0.005604471118655416,0.00446740067067018,-0.001786078796184377,0.0014258664017373715,-0.0005719591964008428,0.00045684373167156217,-0.00018344091408593682,0.000146550206786381,-5.886646840741963e-05,4.703384876474784e-05,-1.889315200738558e-05,1.5096305309596497e-05,-6.063743968202956e-06,4.845413249409898e-06,-1.9461543980435714e-06,1.5552169256127994e-06,-6.246168902976776e-07,4.991730396082962e-07,-2.0047033333279862e-07,1.6021796999259848e-07,-6.434074477813721e-08,5.142459866319619e-08,-2.0649902432717546e-08,1.6505418609372137e-08,-6.6269023789649954e-09,5.297156584417263e-09,-2.1248142939259523e-09,1.6985439935946957e-09,-6.75459901552891e-10,5.399807085883113e-10,-1.9654281138249837e-10,1.5712855778304866e-10,40.84182584188264,1.7957053200985642,-13.421590390418142,818.314313438189,1.5984336657822298,-2.041373413153125
59.0,1041.9587417132127,-0.23203826983720782,0.1387733226970004,-0.23203826983720782,0.1387733226970004,-0.0570663008648068,0.03780407633911197,-0.017097052542254337,0.011603709816445346,-0.005383324924404529,0.0036796389680954873,-0.0017202739545054903,0.001178512221590518,-0.0005522766840528477,0.000378642458321116,-0.00017756479746968616,0.0001217757925837557,-5.712040231110389e-05,3.918086061823749e-05,-1.837747319415092e-05,1.2606774543009204e-05,-5.912625039356155e-06,4.056336738182898e-06,-1.9022819103812644e-06,1.3051607815227575e-06,-6.120253532583483e-07,4.199465570565303e-07,-1.9690824615739373e-07,1.3512135453454756e-07,-6.335165495149256e-08,4.347639492448296e-08,-2.038205076538988e-08,1.3988750051880541e-08,-6.556887375149057e-09,4.500535564361112e-09,-2.107464132081776e-09,1.4466449200816643e-09,-6.715188837015146e-10,4.6099282578217046e-10,-1.957834166801738e-10,1.3441280019124345e-10,40.654378150037886,1.6893120576744067,-13.762272972815246,818.419005723415,1.2901448639511561,-1.934437384674107
59.5,1039.2033745943863,-0.2163703829573648,0.09025214908077415,-0.2163703829573648,0.09025214908077415,-0.05416818892567546,0.026051080187055816,-0.016309956054527768,0.008125778563713368,-0.0051476962964187,0.002591749523915856,-0.0016477265012564677,0.0008323996949708115,-0.0005297592779096417,0.00026793485364179375,-0.00017056314881142823,8.630634238197043e-05,-5.4943837524432916e-05,2.780896156413048e-05,-1.7701395944151373e-05,8.96038833202758e-06,-5.7029037734509325e-06,2.8871469677217886e-06,-1.8373190181467209e-06,9.30274146115947e-07,-5.919337360364043e-07,2.9974573065011816e-07,-1.9070477588097228e-07,9.658173783684381e-08,-6.143977429598748e-08,3.111978513374114e-08,-1.9793994544026448e-08,1.0027067826137621e-08,-6.3764182422918385e-09,3.230507783756267e-09,-2.0522479510216863e-09,1.0398652017148961e-09,-6.547870167177981e-10,3.3181715053510414e-10,-1.9111736902588267e-10,9.68595500137225e-11,40.48920449871742,1.5647458495670392,-14.123119395328715,818.4975769527877,0.8924294593595242,-1.8327143117764846
60.0,1038.665371121891,-0.202346027644999,0.04087823551640732,-0.202346027644999,0.04087823551640732,-0.05143749799693692,0.012527046422870442,-0.015545172881109383,0.003975192871102302,-0.004912479271260161,0.0012749546059120569,-0.0015733452200690375,0.0004102955183448269,-0.0005060330203176773,0.00013218067958014116,-0.00016297411160008248,4.2601911981365765e-05,-5.2514382371006046e-05,1.3731401206960425e-05,-1.6923366432005907e-05,4.425890067746373e-06,-5.453750352243932e-06,1.4265479970764155e-06,-1.7575340575382059e-06,4.59803373925385e-07,-5.663856486311938e-07,1.482033137770556e-07,-1.8252429747627595e-07,4.7768722772640565e-08,-5.882049742907574e-08,1.5396744601250155e-08,-1.895537961689143e-08,4.962607871644576e-09,-6.107953212448279e-09,1.5993753018680326e-09,-1.966382416893882e-09,5.149908171271346e-10,-6.275578656723704e-10,1.6438405216764704e-10,-1.8321087038497436e-10,4.7997632669569546e-11,40.3497794311295,1.4264482684227455,-14.479442188992904,818.5522746424216,0.4328652828950304,-1.7407816563768024
60.5,1040.2429308116912,-0.19036236183220961,-0.005060418269416711,-0.19036236183220961,-0.005060418269416711,-0.04898986142839355,-0.0016247507987223902,-0.014839753212079738,-0.0005226735668081516,-0.004690203416131536,-0.00016824694329587345,-0.0015014335891090432,-5.417089509038268e-05,-0.00048257871027995134,-1.744249893917455e-05,-0.0001553059408298172,-5.616314235442059e-06,-5.000584789961554e-05,-1.8083983092779772e-06,-1.610261534482037e-05,-5.822865865160225e-07,-5.185277958347816e-06,-1.8749059155877066e-07,-1.6697354372265445e-06,-6.037013851075911e-08,-5.376792572081096e-07,-1.94385945204847e-08,-1.7314057491956657e-07,-6.259036786339315e-09,-5.575373863327634e-08,-2.0153464489899734e-09,-1.7953327389946305e-08,-6.489148966715758e-10,-5.780635248475085e-09,-2.0892261730640527e-10,-1.8595888826582143e-09,-6.720384113127779e-11,-5.930374421081881e-10,-2.1430264901401546e-11,-1.730251688656709e-10,-6.252130327935657e-12,40.23835494109178,1.2795105366594375,-14.806679903693851,818.5864621202545,-0.056638531674952586,-1.6616952409130685
61.0,1043.7028173629537,-0.18055020175302802,-0.05189023618477304,-0.18055020175302802,-0.05189023618477304,-0.04689307841953736,-0.015651020383463478,-0.014218189810923113,-0.004934931897507993,-0.004489737698983718,-0.0015769337863243082,-0.0014351999276892298,-0.0005060209251274752,-0.0004605495506572052,-0.00016259414986582478,-0.00014796993904113258,-5.227091096837771e-05,-4.7563840572091646e-05,-1.680594914776648e-05,-1.5290353499231417e-05,-5.403386348612881e-06,-4.9153917616162364e-06,-1.7372767090941898e-06,-1.580151573497904e-06,-5.585627541127627e-07,-5.07971508732911e-07,-1.795870199498779e-07,-1.632976430455367e-07,-5.7740145095638274e-08,-5.249525526825986e-08,-1.8564376630028685e-08,-1.6875477637445425e-08,-5.968686267717046e-09,-5.424406999098602e-09,-1.9188333573567846e-09,-1.742058926405723e-09,-6.163250783405705e-10,-5.546511785691042e-10,-1.9625783492544342e-10,-1.6160325034669954e-10,-5.7188379655452534e-11,40.155976782828574,1.1293952987514224,-15.082132131230091,818.6042166735164,-0.5420864245477999,-1.5968984955645613
61.5,1048.6951056665705,-0.17284069346212133,-0.1011181156553317,-0.17284069346212133,-0.1011181156553317,-0.045171107600718005,-0.02868504184664055,-0.013692549027152391,-0.008876692124437117,-0.00431612689731262,-0.0028154106348286167,-0.0013766455350576186,-0.0008997647271032879,-0.00044071529032393454,-0.00028824355726605295,-0.00014125557804733826,-9.241187575333235e-05,-4.529534580210493e-05,-2.9637375433553025e-05,-1.4525581407165478e-05,-9.504990732248383e-06,-4.658150003332135e-06,-3.048341747264106e-06,-1.4938032993401705e-06,-9.776324522525327e-07,-4.790417382452944e-07,-3.135361062576289e-07,-1.5362194238851427e-07,-1.005540272683576e-07,-4.9264347511116335e-08,-3.2248607207221684e-08,-1.579822146838601e-08,-1.0342331009542462e-08,-5.065759416077112e-09,-3.3165517768194018e-09,-1.6229325926080133e-09,-1.0626115659334896e-09,-5.155081790726248e-10,-3.375518148662001e-10,-1.4990057333283867e-10,-9.815990612879296e-11,40.102436153798195,0.9816386276553383,-15.286544191946485,818.6100345778666,-0.9897796832890756,-1.5464318645592898
62.0,1054.7752597145718,-0.16704798119951533,-0.14802074632676146,-0.16704798119951533,-0.14802074632676146,-0.043816424596045296,-0.03966370583587648,-0.013265431030139706,-0.012070853815727743,-0.004171394670343245,-0.0038015813922086723,-0.0013267857197792365,-0.0012097512294421077,-0.00042352110955426524,-0.0003862272142575412,-0.00013534509381242773,-0.0001234351230496502,-4.32718518354072e-05,-3.9465605057853825e-05,-1.3835530910939054e-05,-1.2618769692587815e-05,-4.423705190460137e-06,-4.034737293474679e-06,-1.4144139259103736e-06,-1.2900706969126015e-06,-4.522378070723181e-07,-4.124884139285795e-07,-1.4459629619466e-07,-1.3188941970672277e-07,-4.6232467249459786e-08,-4.2170403910136444e-08,-1.4781995484648237e-08,-1.348346943092379e-08,-4.7258597492899676e-09,-4.3107944188610906e-09,-1.5095738095798442e-09,-1.3770150988313098e-09,-4.781302880320238e-10,-4.361523458467721e-10,-1.386960382719203e-10,-1.265209494955283e-10,40.07614707194629,0.8415485486505813,-15.405423903924193,818.6086743476749,-1.3686669421764133,-1.5093585922846915
62.5,1061.4321541119389,-0.16294857335951654,-0.1865386299425523,-0.16294857335951654,-0.1865386299425523,-0.04280584487894928,-0.04774353932364247,-0.012934306768664071,-0.014337285933292797,-0.004055844661456137,-0.004487672383533302,-0.0012860488404829015,-0.001422161541471283,-0.00040920996351830627,-0.00045243177374554164,-0.0001303506687174441,-0.00014410765677507463,-4.1540501455916476e-05,-4.5922517222158784e-05,-1.3238955405329197e-05,-1.4635190920069902e-05,-4.219254319641641e-06,-4.664134855908926e-06,-1.3446761055464706e-06,-1.486427751502509e-06,-4.2854819252294577e-07,-4.737143133158969e-07,-1.3657827043477094e-07,-1.509694838382303e-07,-4.3527443908012076e-08,-4.811289044252722e-08,-1.3872059153285912e-08,-1.5333098940830796e-08,-4.420601652897862e-09,-4.886086130060637e-09,-1.4075190160665977e-09,-1.5556961387554601e-09,-4.444142217771671e-10,-4.911899934272813e-10,-1.2857545115529479e-10,-1.4210586621936713e-10,40.073985493329566,0.7139175300757095,-15.430003879290268,818.6051166228638,-1.6524992088011836,-1.484277416568633
63.0,1068.1202784347133,-0.1603423604285772,-0.21067029260622183,-0.1603423604285772,-0.21067029260622183,-0.042114668906293715,-0.052377238699668274,-0.01269558392131612,-0.015587508121747596,-0.003969312706962102,-0.004855366845257221,-0.0012546696631821742,-0.0015329427655307736,-0.00039794661217270287,-0.00048601324981995203,-0.0001263534792468037,-0.00015429175813276794,-4.0136344161609595e-05,-4.900638947249919e-05,-1.2749960533413119e-05,-1.556698637783248e-05,-4.050231703825116e-06,-4.944887135907613e-06,-1.2866217739597315e-06,-1.5707541697728084e-06,-4.087162651183589e-07,-4.989534791848042e-07,-1.298353364389854e-07,-1.5849364442275586e-07,-4.124426077664176e-08,-5.034580367717687e-08,-1.3101784966104042e-08,-1.5992303834969437e-08,-4.161606426441358e-09,-5.0795167314151985e-09,-1.3207802084700223e-09,-1.6120290548059537e-09,-4.1572191618593224e-10,-5.073722456531908e-10,-1.1995584979152726e-10,-1.4639611145957658e-10,40.091162176257356,0.60276633815043,-15.357800610502238,818.6045758054532,-1.821645161069563,-1.4697796997494603
63.5,1074.2941008555047,-0.15908508809337904,-0.21632311767824114,-0.15908508809337904,-0.21632311767824114,-0.04172523515797332,-0.053314265704543236,-0.012547127685088083,-0.01580104217079266,-0.003911950733881161,-0.004905864775674561,-0.001232938045204304,-0.0015441558472130295,-0.00038989716808604546,-0.0004880968407859468,-0.00012342925909232985,-0.0001544892122231604,-3.909058141473662e-05,-4.8922275630117034e-05,-1.2380674362534984e-05,-1.5493769787271197e-05,-3.921177227552608e-06,-4.906903840943764e-06,-1.2419057627307966e-06,-1.5540249800458432e-06,-3.933333845829194e-07,-4.921624096184259e-07,-1.2457558660665767e-07,-1.5586867713352558e-07,-3.945524204125586e-08,-4.93638357336661e-08,-1.2496054601160386e-08,-1.5633469841625915e-08,-3.957359777386561e-09,-4.950696414821555e-09,-1.2522270919476352e-09,-1.5664705534918774e-09,-3.9300837007355404e-10,-4.916091681710232e-10,-1.1312506195524848e-10,-1.415009272037611e-10,40.12121668319117,0.5111351337769857,-15.192758317139388,818.6124771086805,-1.864447235829828,-1.4647312485333788
64.0,1079.442431783671,-0.1590881353139548,-0.202668137541936,-0.1590881353139548,-0.202668137541936,-0.041628063744363994,-0.050563891895303345,-0.01248865140823349,-0.015000803945162941,-0.0038843569856386495,-0.004650670061237914,-0.001221244067124718,-0.0014606900586215015,-0.00038524533270505176,-0.0004606210298990055,-0.00012165429900434396,-0.00014543717151933327,-3.843281992042048e-05,-4.594255338196205e-05,-1.2142100777978553e-05,-1.4514089817378655e-05,-3.836060210866175e-06,-4.585265460840839e-06,-1.2119284956173199e-06,-1.4485689143517873e-06,-3.828851961968972e-07,-4.5762931296017876e-07,-1.2096510848448232e-07,-1.4457342660258357e-07,-3.821653562392359e-08,-4.567333935320823e-08,-1.207366222939663e-08,-1.4428911474479256e-08,-3.814097468939439e-09,-4.557948812959757e-09,-1.203911099420897e-09,-1.4386503722570547e-09,-3.7693789695103955e-10,-4.5041651239104977e-10,-1.0827862963915983e-10,-1.2938185843150473e-10,40.15620955192412,0.4409346540261586,-14.944994067199318,818.6343191977434,-1.778028239228152,-1.46831224300895
64.5,1083.1206282674218,-0.1602883344899998,-0.17234361102267792,-0.1602883344899998,-0.17234361102267792,-0.041816030218041304,-0.04436467217139036,-0.012520108063330891,-0.013240956400863028,-0.003887099003636221,-0.004107100206617082,-0.001219936222474841,-0.0012886071239227956,-0.00038415107511073767,-0.00040573520731166,-0.00012109379634452811,-0.00012789270619566667,-3.818794093392879e-05,-4.033109783097294e-05,-1.2043339881269157e-05,-1.2719084312423594e-05,-3.798110920355438e-06,-4.011175356863688e-06,-1.1978111301088697e-06,-1.2649910431911543e-06,-3.7775397344893034e-07,-3.989360184610969e-07,-1.1913234869872602e-07,-1.258111155380468e-07,-3.7570764026114857e-08,-3.9676598943909134e-08,-1.184859681240881e-08,-1.251256756895296e-08,-3.736365520087183e-09,-3.945699193026063e-09,-1.1772943666641934e-09,-1.2432394780439473e-09,-3.679729196513736e-10,-3.885803794827454e-10,-1.0554986281096482e-10,-1.1145992976312681e-10,40.187155078879194,0.3928659714706628,-14.630177652050318,818.6753756075587,-1.5684918566214718,-1.4798191243859158
65.0,1084.9786155789257,-0.16259683939121808,-0.1304795125052272,-0.16259683939121808,-0.1304795125052272,-0.04227383121880614,-0.03517387519314782,-0.012638750024037552,-0.010609677035123048,-0.003919836004647407,-0.0032990836483699137,-0.001229057169161842,-0.0010352684317054214,-0.0003866717870742609,-0.0003257945843363186,-0.0001217787134939427,-0.00010261717955797295,-3.8369454756311456e-05,-3.233425346199509e-05,-1.2089733933580167e-05,-1.0188445047856225e-05,-3.809323523241179e-06,-3.2103543881235126e-06,-1.2002700616099631e-06,-1.01157490084174e-06,-3.781900383667955e-07,-3.187448013540962e-07,-1.1916292737142035e-07,-1.0043570732941205e-07,-3.754671147890562e-08,-3.164702114851212e-08,-1.1830394945232298e-08,-9.971813080852018e-09,-3.727282911960469e-09,-3.1418191532634748e-09,-1.1733848189105052e-09,-9.891067854616077e-10,-3.664332454325856e-10,-3.088951352146102e-10,-1.0503103482855108e-10,-8.854117575358554e-11,40.20468598421784,0.36641211436071264,-14.268586670666886,818.7402390071451,-1.250499192649485,-1.498301529127058
65.5,1084.782965226266,-0.16584028737511222,-0.08304209359049915,-0.16584028737511222,-0.08304209359049915,-0.042966048138772625,-0.02365931202986781,-0.012835796175208988,-0.007240378911380595,-0.003980317050026289,-0.002261292135697788,-0.0012480386767521488,-0.0007106385275113529,-0.00039266984972335733,-0.00022375955396726076,-0.00012367808022567043,-7.050140975147871e-05,-3.897131984493414e-05,-2.2218131230549972e-05,-1.228049322721227e-05,-7.001921764655066e-06,-3.869782047256002e-06,-2.2066171041219227e-06,-1.2194309140294353e-06,-6.95403234128277e-07,-3.8426240149538325e-07,-2.1915249975548842e-07,-1.2108728776562894e-07,-6.906469818246499e-08,-3.815652996235468e-08,-2.17653406761903e-08,-1.2023635185419557e-08,-6.859167621312456e-09,-3.788510105311732e-09,-2.1614394743986763e-09,-1.1927679888222645e-09,-6.8056469181664e-10,-3.725191746953574e-10,-2.1256893067605646e-10,-1.0678339621762023e-10,-6.093783120747939e-11,40.19988545908442,0.3598994062439873,-13.88387999615945,818.8322675143744,-0.8462468075974054,-1.5221566497365109
66.0,1082.4316420936798,-0.1697093671888326,-0.03529522389221265,-0.1697093671888326,-0.03529522389221265,-0.04382731779690835,-0.01066285610776757,-0.013093664854384674,-0.003320172178642439,-0.0040635266792318474,-0.001043289553490898,-0.001275432701746867,-0.0003287605282404137,-0.00040172809713899277,-0.00010369083810524645,-0.0001266726163923883,-3.271657706462663e-05,-3.995978953046846e-05,-1.0322816872949083e-05,-1.2606201687031386e-05,-3.2570812032316748e-06,-3.976905855396073e-06,-1.0276824721621616e-06,-1.2546031359698263e-06,-3.242569640623945e-07,-3.95792375669717e-07,-1.0231037383032241e-07,-1.2486147052814424e-07,-3.228122427691171e-08,-3.939028512573083e-08,-1.0185444335427746e-08,-1.242642966255843e-08,-3.2137087834630926e-09,-3.919846513987331e-09,-1.0139078097464996e-09,-1.235504729355838e-09,-3.196264944344314e-10,-3.862875971267454e-10,-9.994845253938462e-11,-1.1083261504837503e-10,-2.86806953242433e-11,40.16517545626586,0.3706214632869784,-13.501638300509818,818.9530363042554,-0.38391666590092494,-1.5488193977641869
66.5,1077.9604940382128,-0.17372991908806654,0.009238244585456135,-0.17372991908806654,0.009238244585456135,-0.04475761209547246,0.0028927819894135217,-0.01338456226210012,0.0009118354203196439,-0.004161198848745378,0.00028802013858584446,-0.00130874054737904,9.103739343736212e-05,-0.00041309028021811,2.8783062360187952e-05,-0.00013053427275896653,9.10026800582174e-06,-4.1266476799667566e-05,2.877208711886784e-06,-1.3046493567882659e-05,9.096797991431269e-07,-4.124679585017466e-06,2.876111605935748e-07,-1.3040271378712564e-06,9.093329291540908e-08,-4.1227123895837063e-07,2.8750148906579278e-08,-1.3034050878441853e-07,9.089861024473102e-09,-4.120742100812038e-08,2.873915780180164e-09,-1.3027706095512156e-08,9.086305265284565e-10,-4.11836994125346e-09,2.872536014249406e-10,-1.300862034473524e-09,9.073858805929811e-11,-4.0756883758891846e-10,2.8430324482406627e-11,-1.1714492277540837e-10,8.171870736624651e-12,40.09512494855514,0.39501499923922045,-13.147733440687956,819.1019175206603,0.10429027863322457,-1.5746655221905772
67.0,1071.5410761238745,-0.17727008202792108,0.055549408800615006,-0.17727008202792108,0.055549408800615006,-0.045624612961294345,0.016458880159427678,-0.01367093192792038,0.005114753373307579,-0.004261847596922007,0.001612002846328823,-0.001344384917743564,0.0005102744003397262,-0.00042563998552689334,0.0001617478732418171,-0.00013491566319806742,5.129733728550938e-05,-4.2783784513833704e-05,1.6270387002685654e-05,-1.356822331455057e-05,5.160608858538767e-06,-4.302954635398516e-06,1.636831612149262e-06,-1.364616291441325e-06,5.191669816667354e-07,-4.3276719491614376e-07,1.6466834499801814e-07,-1.3724548821461976e-07,5.222917192721488e-08,-4.352526835891379e-08,1.656592904112025e-08,-1.3803245864905773e-08,5.254299597795859e-09,-4.377085639195204e-09,1.666394748089795e-09,-1.3868555610791737e-09,5.280597225252891e-10,-4.3581456100036733e-10,1.6596278446760633e-10,-1.2558159254882483e-10,4.7828125256301785e-11,39.98704609701646,0.4288743090191971,-12.846609353491504,819.2758996806268,0.5843933992917821,-1.5951925624372498
67.5,1063.469946152091,-0.17959268695916764,0.10423504883092143,-0.17959268695916764,0.10423504883092143,-0.046273826513288374,0.029256453226568224,-0.013907932452218226,0.008982486899703468,-0.0043513832978672035,0.002828142457518643,-0.001377853252974728,0.0008973238134458565,-0.0004379290054299114,0.0002853958058218553,-0.0001393534232961668,9.084152276174961e-05,-4.436412076483527e-05,2.8924259850636542e-05,-1.4124611976184545e-05,9.209585908117356e-06,-4.496982246198597e-06,2.9323644935153966e-06,-1.4317454765151985e-06,9.336751511487993e-07,-4.558379327871823e-07,2.97285443828949e-07,-1.4512928854129083e-07,9.46567198567428e-08,-4.620609740726023e-08,3.013900252456716e-08,-1.4710917504670437e-08,9.596271900883665e-09,-4.6832054050011114e-09,3.0551966284854195e-09,-1.4896393725127285e-09,9.718743848969168e-10,-4.69886402114046e-10,3.065871147714351e-10,-1.3583329057776866e-10,8.863276578917831e-11,39.841280648890056,0.46759055777186687,-12.619580702373066,819.4697154122337,1.0229833412212095,-1.6054738768146868
68.0,1054.150104038282,-0.1799531335186816,0.15084205180637472,-0.1799531335186816,0.15084205180637472,-0.046545568253761195,0.04030265926787763,-0.01404776375975739,0.012259197904912958,-0.004414302364695804,0.003861141799235775,-0.0014040238640185246,0.001228983362541016,-0.00044826368204354134,0.0003924764617245015,-0.0001432896835444791,0.00012546930815217358,-4.582466932467976e-05,4.0127989419259675e-05,-1.4656060750851684e-05,1.2834445142683129e-05,-4.687434080281082e-06,4.104939830957231e-06,-1.4991776173862921e-06,1.3129146459408565e-06,-4.794805574241214e-07,4.1991963853137604e-07,-1.5335179807549506e-07,1.3430613081045675e-07,-4.904631039938013e-08,4.295612408840759e-08,-1.568627727432455e-08,1.3738851013028356e-08,-5.016434293185346e-09,4.393771114807121e-09,-1.6028597268680037e-09,1.4039431780736286e-09,-5.078206790151938e-10,4.4481124445451414e-10,-1.473439167546527e-10,1.2906458567798703e-10,39.661136219355384,0.5064024729463898,-12.483273913991749,819.6762832588398,1.3895205666875696,-1.600811053749879
68.5,1044.0657412166202,-0.17772878510112883,0.18942789050331282,-0.17772878510112883,0.18942789050331282,-0.04629644764681062,0.04871392475625912,-0.014045340317165561,0.014733923468708485,-0.004435356251097591,0.004648671041080209,-0.0014176657984548771,0.0014854267889293238,-0.00045485318059293656,0.0004765479210576366,-0.0001461151320531242,0.00015307846285877883,-4.695952819990456e-05,4.9196339469184494e-05,-1.5093432286611061e-05,1.5812211827574928e-05,-4.8512348165707896e-06,5.082208260980081e-06,-1.5592529766241478e-06,1.6334742452584426e-06,-5.011651492089834e-07,5.250154944185559e-07,-1.6108129033791133e-07,1.687453856873649e-07,-5.177366544644186e-08,5.423645154375249e-08,-1.664058595888943e-08,1.7431971959876477e-08,-5.34796485213797e-09,5.602243688723115e-09,-1.7172090911669062e-09,1.7988386606927954e-09,-5.466466666630316e-10,5.726265181928556e-10,-1.5924826081378512e-10,1.6681526009053063e-10,39.45249853837111,0.5406461824735429,-12.448340884788685,819.8874015525571,1.6584275986334498,-1.5774562623985908
69.0,1033.7518866118253,-0.17254996499659142,0.2137390254342693,-0.17254996499659142,0.2137390254342693,-0.04542171608706798,0.05379256202045638,-0.013864533979001089,0.016247519590947234,-0.004401519815525866,0.005142166727385764,-0.0014140752058861342,0.0016503972316461062,-0.00045601471400543705,0.0005320448237223685,-0.00014723447911329517,0.00017175981995900286,-4.756030166149397e-05,5.547820893750854e-05,-1.536442747123486e-05,1.7921692757691903e-05,-4.963501559963259e-06,5.789427550205995e-06,-1.6034666930399535e-06,1.8702179405666864e-06,-5.180023365089159e-07,6.041556049825571e-07,-1.6734141892846007e-07,1.9516653522839671e-07,-5.405983638591032e-08,6.304656748688949e-08,-1.746391818411556e-08,2.0366351025672425e-08,-5.641145897866933e-09,6.578451771946172e-09,-1.8205252976364378e-09,2.122941319939822e-09,-5.823798382120642e-10,6.790987667095283e-10,-1.7035954101751964e-10,1.9864643770324338e-10,39.22320437576573,0.565993207480988,-12.518564383896774,820.0945779848848,1.810840051057461,-1.5332513281616655
69.5,1023.7608563855886,-0.16439301571793247,0.21909177131369678,-0.16439301571793247,0.21909177131369678,-0.0438740846998947,0.055075096407165146,-0.01348398912497955,0.016689151495834904,-0.004303986738494126,0.005305001429414135,-0.001389772710598133,0.0017107259746894877,-0.0004504158804378563,0.0005541808584208085,-0.00014614969027522022,0.000179786869848483,-4.7444329882188035e-05,5.835767616926096e-05,-1.5403048442179113e-05,1.8945241190242382e-05,-5.0006797832850785e-06,6.150384786723977e-06,-1.6234966965317602e-06,1.9966614621048153e-06,-5.270766389276794e-07,6.481963463480815e-07,-1.7111814998617346e-07,2.1043049247615247e-07,-5.555432903638613e-08,6.831408993638452e-08,-1.8035792053860747e-08,2.2177234397247754e-08,-5.854767244269385e-09,7.198824752169075e-09,-1.8987893060755444e-09,2.334579416561798e-09,-6.103180417427491e-10,7.503581376965057e-10,-1.7924984982642158e-10,2.2037120403093822e-10,38.98229571801904,0.578666638324105,-12.690446502730886,820.2898519907741,1.835905617169491,-1.4680412451913474
70.0,1014.6276154971313,-0.15360126255168824,0.20409746481073737,-0.15360126255168824,0.20409746481073737,-0.04167464740519303,0.05235777723479201,-0.012901373113871682,0.015991747089010813,-0.004139828925178721,0.005111017475867394,-0.0013431412829844698,0.00165610088865027,-0.000437314544383999,0.000538971285673441,-0.000142548333358122,0.00017565404299372923,-4.648664379987849e-05,5.727683540401703e-05,-1.5160986629685658e-05,1.8679227245334853e-05,-4.944549589950682e-06,6.091704053676521e-06,-1.6125975973428468e-06,1.9866377627221423e-06,-5.259267664959162e-07,6.478859634214463e-07,-1.7152383819656653e-07,2.1128973656791974e-07,-5.5940094662247906e-08,6.890610966311485e-08,-1.8243879110877035e-08,2.247151437431533e-08,-5.94931241273057e-09,7.3276137104814045e-09,-1.9382005033607297e-09,2.387125397726382e-09,-6.257192690096917e-10,7.706149662223295e-10,-1.8445072762886753e-10,2.271551905020409e-10,38.73928035734311,0.5756262447972387,-12.95333160402404,820.4664751783533,1.7315472989578233,-1.3837652507693312
70.5,1006.8362274934666,-0.1408221706013826,0.17131264456643425,-0.1408221706013826,0.17131264456643425,-0.038912623954407186,0.04572893192928829,-0.012134950185618406,0.014138657608230354,-0.003912904596248029,0.004547233649770573,-0.0012748481848742351,0.0014802730155333782,-0.0004167384201109265,0.0004837493528387168,-0.0001363761454469125,0.0001582871506496611,-4.4648266336195506e-05,5.181818648735795e-05,-1.4618380790668025e-05,1.6965408154438115e-05,-4.786234146179853e-06,5.554518467580243e-06,-1.56707077193071e-06,1.8185636962765523e-06,-5.130778592575159e-07,5.954024440272398e-07,-1.6798785351040734e-07,1.9493627027540296e-07,-5.5001174482731237e-08,6.382255223576151e-08,-1.8007820106632737e-08,2.0895404429266857e-08,-5.8952822555415805e-09,6.840402938833803e-09,-1.9280633549964855e-09,2.237102546974891e-09,-6.247865713493525e-10,7.249101345448226e-10,-1.8475696783333394e-10,2.143597196261794e-10,38.503497921210354,0.554713942573275,-13.290068897825277,820.6193549474043,1.5046371604124913,-1.2841986655496065
71.0,1000.7895005688425,-0.1268794652110949,0.12638435148819058,-0.1268794652110949,0.12638435148819058,-0.03573288962935227,0.035613957446700005,-0.011221703888873754,0.011186028971420058,-0.003633654750657014,0.0036222690819674294,-0.0011878973468657055,0.0011841929803087343,-0.0003895419253493407,0.0003883292008718954,-0.00012786933236281188,0.00012747151098046084,-4.199151814518794e-05,4.1860927563887775e-05,-1.3790456864607506e-05,1.3747576677839972e-05,-4.528931291303927e-06,4.51485132972731e-06,-1.4873487376026443e-06,1.4827254995186193e-06,-4.884609838705832e-07,4.86942916563663e-07,-1.6041570794709871e-07,1.5991724173909124e-07,-5.268213427484377e-08,5.2518460172798396e-08,-1.7301142576343657e-08,1.7247399936328253e-08,-5.681191503994695e-09,5.663546929633773e-09,-1.86367449150718e-09,1.857887298327673e-09,-6.056906080101377e-10,6.038100802066389e-10,-1.795500767946933e-10,1.789926721627251e-10,38.28364284475942,0.5147520713303184,-13.678172450634987,820.7452267341883,1.1705606589535034,-1.1743965853584437
71.5,996.7837371008982,-0.11262148160230852,0.07606600674519177,-0.11262148160230852,0.07606600674519177,-0.03231337678543947,0.022796757373445414,-0.01021198121011151,0.0072912375231232365,-0.0033176505159829553,0.0023776409601255033,-0.0010872284323942079,0.0007801404875886763,-0.0003572994782593976,0.0002564909471143767,-0.00011752848505014823,8.438543917667193e-05,-3.867472282761258e-05,2.7770532604185513e-05,-1.2726973872287529e-05,9.139046838243621e-06,-4.188158364633702e-06,3.0075828319569718e-06,-1.3782278987486545e-06,9.89770009471124e-07,-4.535435260187869e-07,3.2572491318877947e-07,-1.4925086157443746e-07,1.0719329063082328e-07,-4.911500185760712e-08,3.527635238749512e-08,-1.616241813782736e-08,1.1608994229195882e-08,-5.318032838391343e-09,3.8199528452599295e-09,-1.7480619003419007e-09,1.2556899705532456e-09,-5.692243869392571e-10,4.0890941032705103e-10,-1.6901580014874735e-10,1.2141882418872927e-10,38.087441979988654,0.45558871614976526,-14.09139242715109,820.8425843987725,0.7521897351022716,-1.0599565011078615
72.0,994.9901732022921,-0.0987899204500453,0.02622013913993006,-0.0987899204500453,0.02622013913993006,-0.028837464297572776,0.008359899574370092,-0.009161661218031062,0.0027252314587786304,-0.0029831231661489924,0.0008946794318380749,-0.000978913798561409,0.0002943933813257497,-0.00032204345493911816,9.694313449417172e-05,-0.00010603357235267347,3.1934208187325956e-05,-3.49249023151349e-05,1.0519503602505192e-05,-1.1503551569297541e-05,3.4652481561573894e-06,-3.789035613825622e-06,1.1414934806059249e-06,-1.248031164379259e-06,3.760213714639225e-07,-4.1107604212529945e-07,1.2386585823800077e-07,-1.3540005526646634e-07,4.080286344453841e-08,-4.4597955903442095e-08,1.34409233435225e-08,-1.4689461563545556e-08,4.4275387718952394e-09,-4.83781193201026e-09,1.4583030631179639e-09,-1.5916623977512853e-09,4.798349007227354e-10,-5.187528915055535e-10,1.564019159607202e-10,-1.5414348297407792e-10,4.647728404768395e-11,37.92144067123053,0.37808699105927585,-14.501574317218674,820.9114490191372,0.27832438854677405,-0.946254249599152
72.5,995.4442744697526,-0.08593791342873881,-0.020378142269848177,-0.08593791342873881,-0.020378142269848177,-0.0254680970519055,-0.006545182311457222,-0.00812374719137469,-0.0021381950993223735,-0.0026480819281509064,-0.0007023245668928865,-0.0008691536532123522,-0.00023110019492439353,-0.0002859132685604093,-7.609079110898824e-05,-9.412267817497641e-05,-2.505900967117921e-05,-3.099548010076377e-05,-8.252693348885297e-06,-1.020710210655163e-05,-2.717862693068313e-06,-3.361294390456173e-06,-8.950747719075867e-07,-1.106905744909946e-06,-2.947753203311821e-07,-3.6451443021743574e-07,-9.707846861743107e-08,-1.2003799942522772e-07,-3.197088458594175e-08,-3.952958104022135e-08,-1.0528968530027377e-08,-1.301728745563456e-08,-3.4674628813279727e-09,-4.28618620017371e-09,-1.1418000115981938e-09,-1.4098761487467096e-09,-3.7560166175647406e-10,-4.594112204225624e-10,-1.2239811821755605e-10,-1.3648710577351873e-10,-3.636529126192132e-11,37.790829686951604,0.28405866765421417,-14.880656578198888,820.9530808244112,-0.2182956666233045,-0.8378074949635104
73.0,998.0435604802119,-0.07440450696384644,-0.07053232780756252,-0.07440450696384644,-0.07053232780756252,-0.02232972857474891,-0.02126695915152881,-0.007141557990111709,-0.006810755791719214,-0.0023278032913004705,-0.002220915975105856,-0.0007633542053002908,-0.0007284047845642056,-0.000250818952505964,-0.0002393471966337443,-8.246811230539006e-05,-7.869825582066867e-05,-2.7122426037808174e-05,-2.58827101022385e-05,-8.920126502244695e-06,-8.51244637178589e-06,-2.933685087425361e-06,-2.7996196276222215e-06,-9.648414937327173e-07,-9.207541175835684e-07,-3.173207302158695e-07,-3.0282261344964565e-07,-1.0436163095780455e-07,-9.959393152106564e-08,-3.432280058797613e-08,-3.275494670440653e-08,-1.1288063999307032e-08,-1.0772482661264712e-08,-3.7120081552262612e-09,-3.5424801056251933e-09,-1.219441319301044e-09,-1.1637549814419961e-09,-3.9686454414399405e-10,-3.7874336490645996e-10,-1.1778243141639506e-10,-1.1240484025648114e-10,37.69925153719532,0.1761463630525658,-15.202645451179608,820.9697318824482,-0.7032705931246497,-0.7378844209646395
73.5,1002.5540946926535,-0.06433584989087685,-0.12271624602392062,-0.06433584989087685,-0.12271624602392062,-0.01950148190526865,-0.03469892043667767,-0.006245142039321574,-0.010901610362039302,-0.0020333411583852395,-0.0035283393658392193,-0.0006655399930445751,-0.0011526075377873415,-0.00021821480140255797,-0.0003776536630952496,-7.159083436116631e-05,-0.00012385964820324583,-2.349210984250206e-05,-4.063923527134261e-05,-7.708797219234427e-06,-1.3334599754243454e-05,-2.529596317861645e-06,-4.375366548731399e-06,-8.300721032990056e-07,-1.4356510701312474e-06,-2.7238325816338426e-07,-4.710677249886633e-07,-8.938094550161087e-08,-1.5456734338303588e-07,-2.9329788986568735e-08,-5.071677105178872e-08,-9.624272895521224e-09,-1.6641039411564292e-08,-3.1577695418107012e-09,-5.4596253307826135e-09,-1.0350488852759476e-09,-1.7894242561077884e-09,-3.361267462202994e-10,-5.810674991087505e-10,-9.957583067998441e-11,-1.7212863759079166e-10,37.64855500788256,0.05766214340168069,-15.445411625587452,820.9645021314553,-1.142946174797348,-0.6484126083871308
74.0,1008.6252319365428,-0.05573570435153637,-0.17142905620509524,-0.05573570435153637,-0.17142905620509524,-0.017021350393779403,-0.04571560981534172,-0.005451387514964907,-0.014122276463195216,-0.0017713141527380908,-0.0045380086115825394,-0.0005782135864146521,-0.001475966917195528,-0.0001890301233732918,-0.00048191339118591633,-6.183177631378008e-05,-0.00015754572184375676,-2.022838063691462e-05,-5.152939858242246e-05,-6.6177523529313e-06,-1.685576584627529e-05,-2.1650099919821376e-06,-5.513684421986925e-06,-7.082870449725364e-07,-1.8035796259523112e-06,-2.317174207515953e-07,-5.899683721424509e-07,-7.580677433544155e-08,-1.9298434649857846e-07,-2.4800293887902937e-08,-6.312696597054495e-08,-8.113360538322049e-09,-2.0649183925536534e-08,-2.6539899500909537e-09,-6.7537575227588704e-09,-8.673070836377522e-10,-2.206802470992176e-09,-2.808351698630047e-10,-7.144770082345764e-10,-8.299313916525365e-11,-2.1112216344128403e-10,37.63851063249908,-0.067606679593337,-15.592177074776414,820.9413098375267,-1.5067695393932872,-0.5701698741620332
74.5,1015.8116968147364,-0.04852722368102204,-0.20979632062414116,-0.04852722368102204,-0.20979632062414116,-0.014898182970339229,-0.05346022190910887,-0.004767075507320917,-0.016296258867494067,-0.0015447667170736016,-0.005203219812636478,-0.0005026050925361799,-0.0016847754703113852,-0.00016374118409678137,-0.0005479572424236439,-5.337097495382361e-05,-0.00017847441330639307,-1.7398084187988485e-05,-5.81616058019932e-05,-5.671497169977314e-06,-1.8956494527249794e-05,-1.8488173638789546e-06,-6.17845191454806e-06,-6.026848887145851e-07,-2.0137303316924214e-06,-1.9646563117291507e-07,-6.563310440723255e-07,-6.40446446478969e-08,-2.1391662046437067e-07,-2.0877502941253127e-08,-6.97213219322392e-08,-6.805649657667599e-09,-2.272385484918275e-08,-2.218280061642115e-09,-7.405496934465698e-09,-7.223481791128412e-10,-2.4110722411886226e-09,-2.330946154647978e-10,-7.779005609540159e-10,-6.868613763112048e-11,-2.291926463765614e-10,37.66654306584292,-0.19561193936057847,-15.632597856525468,820.9049352755748,-1.7694245394976578,-0.5031725214423844
75.0,1023.601605722034,-0.04261057033312302,-0.231386597205194,-0.04261057033312302,-0.231386597205194,-0.013126530575112752,-0.05741740850087053,-0.0041933138575615415,-0.017348860112319356,-0.0013545799886682257,-0.005510408007852193,-0.00043913174789120236,-0.001776617043283275,-0.00014252219287766625,-0.0005755171074698712,-4.6277296213109296e-05,-0.00018671663405470795,-1.5027479655191801e-05,-6.061049366279402e-05,-4.879825816591029e-06,-1.9677964987037504e-05,-1.5846103633192078e-06,-6.3887007441397304e-06,-5.145654977784869e-07,-2.0741726684232818e-06,-1.670932200638097e-07,-6.734064368533431e-07,-5.425964440318257e-08,-2.186299064622334e-07,-1.7619540600168435e-08,-7.098088309752932e-08,-5.7214708622554814e-09,-2.304457531155112e-08,-1.8577096127889403e-09,-7.480887299326061e-09,-6.026153408702681e-10,-2.426219943460136e-09,-1.9373666451643296e-10,-7.798646652861951e-10,-5.6910432100003193e-11,-2.290497574726883e-10,37.72756536790263,-0.3222659237084915,-15.563392368673039,820.8610587512094,-1.9125971328996496,-0.4471325212519218
75.5,1031.448671722927,-0.037904808218814465,-0.23236457626333132,-0.037904808218814465,-0.23236457626333132,-0.011699420545141375,-0.05739724089157303,-0.0037296317082449815,-0.01727695395420317,-0.001200833470627273,-0.005466861649932821,-0.0003878580196066551,-0.0017558448327234634,-0.00012540187333864264,-0.0005665974760055693,-4.056189443585862e-05,-0.00018311188460991677,-1.3120547432670992e-05,-5.921017107742887e-05,-4.244100708932716e-06,-1.914876274375866e-05,-1.3728383603599954e-06,-6.192772422121288e-06,-4.4407173410173244e-07,-2.0027628281897336e-06,-1.4364378826002068e-07,-6.477000325804547e-07,-4.6464420173140364e-08,-2.0946828073440622e-07,-1.5029818525142462e-08,-6.774264682058995e-08,-4.861637641065687e-09,-2.190794779037304e-08,-1.5724241511802315e-09,-7.084342810920931e-09,-5.08109966614727e-10,-2.2887522329213883e-09,-1.627452527319604e-10,-7.329315307235987e-10,-4.765672317667104e-11,-2.145886450189944e-10,37.81400588894409,-0.44365677021202854,-15.388505389953089,820.8162018075028,-1.9262518165685762,-0.40184425632755966
76.0,1038.8065687092896,-0.03436717193808215,-0.21280094702377977,-0.03436717193808215,-0.21280094702377977,-0.010615478382707167,-0.05348747393248129,-0.0033764365954547064,-0.016121919044576105,-0.0010836646005556686,-0.00509058100979439,-0.0003487989167445738,-0.001629886860813367,-0.00011237088448201696,-0.0005241395282673808,-3.621629924591644e-05,-0.00016878845809679388,-1.1672499821549662e-05,-5.4383103353955105e-05,-3.762042365371965e-06,-1.75242159619774e-05,-1.2125048595792284e-06,-5.64694043006455e-06,-3.907898662456024e-07,-1.8196498064140987e-06,-1.2595142755589576e-07,-5.863574134334937e-07,-4.059409366158128e-08,-1.889456854942407e-07,-1.3083446633253227e-08,-6.08851110039777e-08,-4.216744292554438e-09,-1.9619187320311986e-08,-1.358913344583012e-09,-6.321357970531349e-09,-4.3753730347396536e-10,-2.0349278056623162e-09,-1.3965297834367434e-10,-6.493847327749568e-10,-4.0774552609830295e-11,-1.8957101067264688e-10,37.916098076123575,-0.5562463926765024,-15.118828866480923,820.7774971610436,-1.8093358245301578,-0.3673867058465279
76.5,1045.1632955849186,-0.03198813670406937,-0.17652915025027335,-0.03198813670406937,-0.17652915025027335,-0.009878916173263586,-0.04602172851794142,-0.003135269209735021,-0.013959379571889873,-0.0010034313135427366,-0.00440633026436228,-0.000322000320165696,-0.0014076838476204732,-0.00010341751359898289,-0.00045141347986372234,-3.322734742876983e-05,-0.00014493285023626346,-1.0675788340812e-05,-4.6554612887171734e-05,-3.4300799045338463e-06,-1.4955241854619079e-05,-1.1020683227201246e-06,-4.804234103532896e-06,-3.540892983090316e-07,-1.5433160840401176e-06,-1.1376720231315617e-07,-4.957761130342569e-07,-3.655285570288717e-08,-1.5926350553539846e-07,-1.174424552175109e-08,-5.1161883032597214e-08,-3.773330429768842e-09,-1.643511254753072e-08,-1.2122296010274617e-09,-5.2790919656296794e-09,-3.8909930064547205e-10,-1.694188199110348e-09,-1.2381973608586775e-10,-5.39039003497722e-10,-3.606018164525186e-11,-1.5696338014832187e-10,38.022461030333076,-0.657041224637077,-14.771517938168115,820.7522543952532,-1.5698650506009673,-0.3440823273008619
77.0,1050.0733812238016,-0.030765920455716456,-0.1297118289408113,-0.030765920455716456,-0.1297118289408113,-0.009493056407730021,-0.03556928539652601,-0.003007033382505866,-0.010905271710646853,-0.000960233616363307,-0.0034475308552041803,-0.00030741477167412986,-0.0011001229145147047,-9.84978889978057e-05,-0.0003520910521603676,-3.157088033958318e-05,-0.00011279149368513212,-1.0119206619645524e-05,-3.6146919999060314e-05,-3.243442739264707e-06,-1.1584474432003462e-05,-1.039599367593916e-06,-3.7126274621118877e-06,-3.3321594703215134e-07,-1.189834095586196e-06,-1.0680351458951907e-07,-3.813216313410117e-07,-3.4233024319598654e-08,-1.2220709843937792e-07,-1.0972474526400392e-08,-3.9165259838397784e-08,-3.5168989943964848e-09,-1.255167246391347e-08,-1.1271358359475396e-09,-4.022196366067491e-09,-3.6092191567552866e-10,-1.2877923277246782e-09,-1.1458719462362365e-10,-4.0880474398754325e-10,-3.330616916427274e-11,-1.1881190614974696e-10,38.12094325233843,-0.7437282315118665,-14.368947640960487,820.7473441380956,-1.2243836423586247,-0.3322250103446388
77.5,1053.1859066228146,-0.030668020658101997,-0.07885286859155763,-0.030668020658101997,-0.07885286859155763,-0.009449701110784456,-0.022918104235269368,-0.0029889173615304724,-0.007127864433646213,-0.0009530190359310886,-0.002260814707372195,-0.000304643688986407,-0.0007214622708201226,-9.746200919566311e-05,-0.00023067424002734226,-3.119132841606276e-05,-7.380209376172181e-05,-9.982340569299743e-06,-2.3617714297418378e-05,-3.1947059744084435e-06,-7.558002763823762e-06,-1.0224201619274072e-06,-2.4186678291606634e-06,-3.2721101559812576e-07,-7.740079283529869e-07,-1.0471922570889424e-07,-2.4769348657523957e-07,-3.351389368153949e-08,-7.926541213728568e-08,-1.0725633367241683e-08,-2.5366027156389743e-08,-3.432551488700774e-09,-8.117405458434367e-09,-1.0984307149572659e-09,-2.5974281272837075e-09,-3.511980344231862e-10,-8.304122952475863e-10,-1.1133646895450035e-10,-2.632393909259566e-10,-3.232122530247175e-11,-7.641477058469087e-11,38.199646067104744,-0.8147709547114426,-13.937358569209898,820.7684790828348,-0.7968285805225819,-0.33165722193335456
78.0,1054.2665834923014,-0.03158946291596171,-0.029225787646359257,-0.03158946291596171,-0.029225787646359257,-0.009717515667472762,-0.00901656571516878,-0.003070978316637958,-0.0028519594270615158,-0.0009785657975733262,-0.0009090276346505214,-0.00031263445278134996,-0.0002904445238994156,-9.996410098135817e-05,-9.287285471559226e-05,-3.197514345326756e-05,-2.970700720824167e-05,-1.0227771522147009e-05,-9.502305920990275e-06,-3.271519655994371e-06,-3.0394787729590174e-06,-1.0464489586272029e-06,-9.722304551373305e-07,-3.3472377885752294e-07,-3.1098491797231944e-07,-1.0706686279330846e-07,-9.947396503008238e-08,-3.424707997345067e-08,-3.1818484469350534e-08,-1.0954476208511471e-08,-1.0177688366476372e-08,-3.503932733325047e-09,-3.255478877642315e-09,-1.1206798131178585e-09,-1.0412194253688734e-09,-3.5812304619190333e-10,-3.3273200416551656e-10,-1.1347390109277763e-10,-1.0542893961286058e-10,-3.29275154326153e-11,-3.059314049093221e-11,38.24799962904207,-0.8694626750918586,-13.5052458858378,820.8195110829769,-0.31687145573769254,-0.3413226399615248
78.5,1053.2125019855744,-0.03331783991977401,0.016488747842412554,-0.03331783991977401,0.016488747842412554,-0.010232691576394014,0.005173901082475329,-0.0032333655177666787,0.0016455084889266942,-0.0010306289661198898,0.0005255604884020471,-0.00032941501609171683,0.00016808561855585015,-0.00010538142785475076,5.378427776938676e-05,-3.372492432409118e-05,1.7211951120826224e-05,-1.0792997545417778e-05,5.50813869165327e-06,-3.4540862092392537e-06,1.7627049736256804e-06,-1.1054122350570786e-06,5.640977828738385e-07,-3.537654054421532e-07,1.805215921558445e-07,-1.1321564653178054e-07,5.777020565162659e-08,-3.6232433150403285e-08,1.8487518878683304e-08,-1.159546432041151e-08,5.9163375368509e-09,-3.71086233244817e-09,1.8933169117122464e-09,-1.1874710793893092e-09,6.058361618709606e-10,-3.7966021880759e-10,1.9369169259140082e-10,-1.2035754390856272e-10,6.140072460104436e-11,-3.493957035383013e-11,1.7823965099380517e-11,38.2577440436011,-0.9079360081092533,-13.101560123579931,820.9018780180126,0.18215003978605387,-0.35893330244795413
79.0,1050.0586208950685,-0.035514641514346856,0.06468228275435838,-0.035514641514346856,0.06468228275435838,-0.010894664949572488,0.0191506072535217,-0.0034449878725347086,0.005993369901930811,-0.00109948286507325,0.0019066326137235495,-0.00035193349103778326,0.0006096511311523884,-0.00011275548572200136,0.00019525414267392162,-3.613995733321722e-05,6.257045513153692e-05,-1.15837023788457e-05,2.005446178150069e-05,-3.712847792369383e-06,6.427657214534125e-06,-1.1900546368474042e-06,2.0601289485031803e-06,-3.814403703708387e-07,6.602920999213689e-07,-1.2226056702988097e-07,2.1163027352592716e-07,-3.918736971585282e-08,6.782962931334092e-08,-1.256045613717225e-08,2.1740057217047213e-08,-4.025878917260843e-09,6.967836067684762e-09,-1.2902594566581977e-09,2.2330385745945884e-09,-4.131559695305468e-10,7.150151556018717e-10,-1.3117070923111867e-10,2.2699728093172295e-10,-3.81263494801976e-11,6.597725858771592e-11,38.22367719840722,-0.9311302739601255,-12.753809997802431,821.0143166411426,0.6655634514438458,-0.3808669577708706
79.5,1044.9755924958138,-0.03772110627116618,0.1145413052308414,-0.03772110627116618,0.1145413052308414,-0.011568782233142333,0.032042590258568836,-0.0036641612120581696,0.009891992315281687,-0.00117202302078947,0.0031390762052944257,-0.0003760532291918428,0.0010046075552039581,-0.0001207797127959682,0.00032237031350561816,-3.880776075959493e-05,0.00010353451232665852,-1.2469788892824547e-05,3.326439967907656e-05,-4.006818017493236e-06,1.0687527200213485e-05,-1.2874789430843362e-06,3.4337982572527178e-06,-4.13695361215317e-07,1.1032458900988935e-06,-1.3292943625811395e-07,3.544621407666107e-07,-4.271315296854989e-08,1.1388521608954752e-07,-1.3724662595866473e-08,3.659016959147683e-08,-4.409990204316744e-09,1.1755941110849146e-08,-1.41688266844116e-09,3.776684660129571e-09,-4.548262272164817e-10,1.212214863007966e-09,-1.4474707150749853e-10,3.8574692767898007e-10,-4.2157730493046485e-11,1.1234013584718011e-10,38.14406892434984,-0.9407197601074475,-12.486181760620383,821.1529106788898,1.0997847482554584,-0.40235730624242777
80.0,1038.2590586946174,-0.039394150709986,0.16111873950127467,-0.039394150709986,0.16111873950127467,-0.012096617494784242,0.04286798651083353,-0.003841441445554515,0.013098273708128896,-0.0012325123854251725,0.004153146945193352,-0.00039673844486343076,0.0013317570120187992,-0.00012784116182711053,0.00042856485073566294,-4.121193262479005e-05,0.00013807079448816987,-1.3286071895921575e-05,4.450239764461409e-05,-4.283218358880362e-06,1.4344802794671579e-05,-1.3808415046803572e-06,4.623871478593618e-06,-4.4516134818866025e-07,1.4904483342340373e-06,-1.4351293976520569e-07,4.804277589480417e-07,-4.6266284848089624e-08,1.5485998561049928e-07,-1.4915497854167924e-08,4.9917163292102004e-08,-4.808467171655844e-09,1.6090011667492003e-08,-1.5500112979376897e-09,5.185876542354264e-09,-4.991962757592997e-10,1.6699234368444199e-09,-1.593735106844199e-10,5.330663317993103e-10,-4.654228352797593e-11,1.5565466886519171e-10,38.02070031644052,-0.9390074999780564,-12.317808501321133,821.311477591348,1.454655056695313,-0.4179701608489691
80.5,1030.3110910343466,-0.039972482066967165,0.19810257593668226,-0.039972482066967165,0.19810257593668226,-0.012313200806417861,0.05078423211884445,-0.003924479499518695,0.015422995567676411,-0.0012639663105144053,0.0048947224195681534,-0.00040844530545961773,0.0015741701263827798,-0.000132128596658638,0.0005083906486666869,-4.276108895887054e-05,0.00016440985269991392,-1.3839658167980607e-05,5.319590739512994e-05,-4.479215634296209e-06,1.7213875844862815e-05,-1.4497014631780956e-06,5.5703067411432685e-06,-4.69196953545968e-07,1.8025177731226058e-06,-1.5185594021851237e-07,5.832839081594051e-07,-4.914828165674283e-08,1.8874714302091862e-07,-1.5906858994424478e-08,6.107736865155305e-08,-5.1482085872115225e-09,1.9764046565386206e-08,-1.6660419394709348e-09,6.394838275641033e-09,-5.386607939255562e-10,2.0672037763928067e-09,-1.7262343747651027e-10,6.623604640721986e-10,-5.057226683613082e-11,1.940195133563426e-10,37.8585536699008,-0.9287904716172413,-12.261328795608993,821.4822288372949,1.7055229374585132,-0.4222885242716458
81.0,1021.6149407349508,-0.038964171990078865,0.2192503814692498,-0.038964171990078865,0.2192503814692498,-0.012068827744329802,0.05515951961577809,-0.0038643430868357934,0.016730510224979907,-0.0012500646761756662,0.005323513794478209,-0.00040570482287483436,0.0017184826119651274,-0.00013180946857444437,0.0005572811465319605,-4.284211540215722e-05,0.00018098460352479245,-1.3925785209205881e-05,5.880892896305836e-05,-4.526562049332764e-06,1.9112082257316324e-05,-1.4713543024885432e-06,6.211160355933569e-06,-4.782621903558e-07,2.01854054388907e-06,-1.5545862721480429e-07,6.559975344007984e-07,-5.053165904522103e-08,2.1319002781639935e-07,-1.6425242966435063e-08,6.928370173555885e-08,-5.338945308447051e-09,2.2515972639766413e-08,-1.7352252375557017e-09,7.316563009905119e-09,-5.634381069268169e-10,2.3752752473372517e-09,-1.8131432488568235e-10,7.642210449652082e-10,-5.330409929662133e-11,2.246360793779463e-10,37.66523620717395,-0.9132032366631121,-12.321863114386664,821.6565847903191,1.8349294893524133,-0.4106755891439617
81.5,1012.7046853096293,-0.03603675867242216,0.22037766728539915,-0.03603675867242216,0.22037766728539915,-0.011251666162867694,0.05560221717857262,-0.003622379505626923,0.016929206402374983,-0.0011773597393924529,0.005409216319855122,-0.0003838434525796213,0.0017537084577149294,-0.000125265195453052,0.0005712055609714345,-4.0896653819034845e-05,0.00018632787112138785,-1.3352563322761676e-05,6.0813660859196145e-05,-4.3595485360409805e-06,1.985143404884943e-05,-1.4233719006691445e-06,6.480113648368148e-06,-4.647241676471984e-07,2.1153067699555127e-06,-1.5173023226414118e-07,6.90500647572494e-07,-4.953919362818192e-08,2.2540044411937809e-07,-1.617429035331459e-08,7.357748468437722e-08,-5.2807640801332495e-09,2.4017640770692103e-08,-1.7239455028762355e-09,7.839187568261143e-09,-5.622508126974495e-10,2.5561835700694304e-09,-1.8170633135618316e-10,8.259412988363485e-10,-5.361133031841524e-11,2.436498452571121e-10,37.450255344673266,-0.8955480251889242,-12.496508712153197,821.8260005155481,1.8337884855158506,-0.3799600688776041
82.0,1004.1316789633074,-0.031084445537891824,0.200939873586294,-0.031084445537891824,0.200939873586294,-0.00980649318222183,0.05197651781504721,-0.0031764081093032435,0.01596537596688878,-0.0010374285037142918,0.005129527954821269,-0.00033973782602762456,0.0016707977154253723,-0.00011135479482626406,0.0005466046334443466,-3.651251881267849e-05,0.000179077404227138,-1.1972463080811019e-05,5.87000113186986e-05,-3.925773320459686e-06,1.924409242293008e-05,-1.2872619491262033e-06,6.308944151855071e-06,-4.220934801905038e-07,2.0683114267002687e-06,-1.3840454426507503e-07,6.780710040091261e-07,-4.538287429618055e-08,2.222973872805486e-07,-1.4881034109082088e-08,7.287742340357192e-08,-4.8794318257370545e-09,2.3891680555471723e-08,-1.5997759399415216e-09,7.831667084596613e-09,-5.239849008505505e-10,2.564672346273839e-09,-1.700398890600117e-10,8.321176254267075e-10,-5.034327621709674e-11,2.4632526325014224e-10,37.22426684346373,-0.8791200785787135,-12.774413127863781,821.9826685871128,1.701992454907904,-0.32890013987912403
82.5,996.4299148124709,-0.024249842835695406,0.1643640772921818,-0.024249842835695406,0.1643640772921818,-0.0077450403256488455,0.04443581902976816,-0.0025249196158223684,0.01383252467352026,-0.0008285288768145873,0.004473779847514288,-0.00027245260422654587,0.0014641270517191207,-8.965688262277758e-05,0.000480990302386803,-2.9512729379361112e-05,0.00015820984017945447,-9.714828019223967e-06,5.2064357659604266e-05,-3.197870391068823e-06,1.713535654691618e-05,-1.0526563121931659e-06,5.639567203683933e-06,-3.4650726080601126e-07,1.85608733042098e-06,-1.1406123594011242e-07,6.10873140112276e-07,-3.75460060992777e-08,2.0104977564300939e-07,-1.2359157348262444e-08,6.616915653443526e-08,-4.06826111446873e-09,2.1777220867912317e-08,-1.3390018345318936e-09,7.1664119306189896e-09,-4.402647486947219e-10,2.3559272250395306e-09,-1.4340467864725334e-10,7.672574062184176e-10,-4.2590226915527334e-11,2.2783943217597422e-10,36.998390873186985,-0.867037549309986,-13.137438281858332,822.1200066063474,1.4484137868093179,-0.25832890586838686
83.0,990.0824753414805,-0.015884482905287867,0.11686353634865106,-0.015884482905287867,0.11686353634865106,-0.0051461998232755855,0.03347246010984416,-0.001688837507714238,0.01059830661108118,-0.0005565478724099644,0.0034530712093606437,-0.00018365896044109483,0.0011352317033445298,-6.063784297641908e-05,0.00037431208586966594,-2.002340346311291e-05,0.00012353775294430226,-6.611987936348364e-06,4.0789051148989096e-05,-2.183364309201254e-06,1.3468092282642416e-05,-7.209752576146237e-07,4.447014691216893e-06,-2.3807539543250894e-07,1.4683549249394846e-06,-7.861558688992232e-08,4.848345016755763e-07,-2.5959883811855147e-08,1.6008694889988983e-07,-8.572278019561455e-09,5.285885579490714e-08,-2.830638687011889e-09,1.7453168418677922e-08,-9.345959358862784e-10,5.762117170800621e-09,-3.082591857908599e-10,1.9003901252156794e-09,-1.007114704028771e-10,6.208336699020666e-10,-2.998649006357865e-11,1.848402337609713e-10,36.78364449303116,-0.8620852223654953,-13.5613765834957,822.2328981133239,1.0903056335549055,-0.17095470446469316
83.5,985.4911791343876,-0.006498093276361162,0.06529628103423946,-0.006498093276361162,0.06529628103423946,-0.002138188691029242,0.01993708624971125,-0.0007062732141792918,0.006435983894260786,-0.00023358852627095234,0.0021130307992011012,-7.729009420033666e-05,0.0006975203904793198,-2.557818066575008e-05,0.0002306648293245067,-8.464775893191654e-06,7.632676410614819e-05,-2.8013106896723056e-06,2.5262355159276645e-05,-9.27058398119384e-07,8.361242555717492e-06,-3.0679826999602794e-07,2.7673736916957867e-06,-1.0153101304379043e-07,9.15935291370163e-07,-3.3600406027586024e-08,3.031529303971425e-07,-1.1119628200016139e-08,1.0033643890058444e-07,-3.6798948796516606e-09,3.320893899888236e-08,-1.2177976535235143e-09,1.0991219613059234e-08,-4.029631226342466e-10,3.6373674570435528e-09,-1.3319954359718497e-10,1.2024733023442498e-09,-4.36092662303333e-11,3.937318717193366e-10,-1.3007375331514031e-11,1.174498708795354e-10,36.59048768077176,-0.8665805849836957,-14.017631875749883,822.3177190362021,0.6521407840582735,-0.07086610973584041
84.0,982.9513310893173,0.0033936828403129385,0.015267609289026571,0.0033936828403129385,0.015267609289026571,0.001122392948098578,0.004967838310677043,0.00037168952363944785,0.0016365470390430545,0.0001231408882183466,0.0005412998426840531,4.080420148717015e-05,0.00017927637001028367,1.352121522229192e-05,5.940534184947136e-05,4.480500890201849e-06,1.968735307991085e-05,1.4846955615332789e-06,6.524528926613122e-06,4.919809111474997e-07,2.1622753216173775e-06,1.6302683402299014e-07,7.165934304408497e-07,5.4021910125233844e-08,2.3748416241318364e-07,1.790114333703546e-08,7.870394010234865e-08,5.931868816268856e-09,2.608304142106135e-08,1.965629684583932e-09,8.644092047914175e-09,6.51337933845769e-10,2.864672858431059e-09,2.158047552601365e-10,9.49250006131995e-10,7.142654423340608e-11,3.1421714276485405e-10,2.3414111035880964e-11,1.0301413297805851e-10,6.991041667969638e-12,3.07611042170157e-11,36.42844011143355,-0.882269256284312,-14.475235640073343,822.3722301756825,0.16395889066551278,0.03714510000952062
84.5,982.6331626537213,0.013780334881704949,-0.032574607973617664,0.013780334881704949,-0.032574607973617664,0.004492651676868548,-0.010368531180359445,0.0014811089742558612,-0.0033925600955179505,0.000490062944490028,-0.0011197784696335138,0.0001623444717847692,-0.00037065999622518873,5.3805434369810835e-05,-0.0001228082161884671,1.7834522544927683e-05,-4.070569825473378e-05,5.9114882749453325e-06,-1.3492759263571529e-05,1.9594409402461784e-06,-4.4724586568531925e-06,6.494826038718117e-07,-1.482490426346556e-06,2.1527959494399346e-07,-4.914026106719497e-07,7.135726645824903e-08,-1.6288572082683352e-07,2.3652305266996134e-08,-5.3991886518733864e-08,7.839856991159309e-09,-1.78967175792779e-08,2.5985872189383607e-09,-5.932158659456005e-09,8.612243659897662e-10,-1.966083572100252e-09,2.8512715912807123e-10,-6.509301686430946e-10,9.349233963540103e-11,-2.134428626190389e-10,2.7921587927883588e-11,-6.374614296281529e-11,36.30570959381065,-0.9102545979157808,-14.903037371874612,822.3954364994672,-0.3406759772382863,0.14829467052328998
85.0,984.5711282619757,0.02438772422083333,-0.08516367529924838,0.02438772422083333,-0.08516367529924838,0.007834220033462456,-0.025397627917096325,0.002569009750086429,-0.00814632207124675,0.0008480070131331352,-0.0026699579553168653,0.0002805244596042934,-0.0008811310793195511,9.28657738546035e-05,-0.0002914442728981655,3.07525000935635e-05,-9.64705866050215e-05,1.0183690101827216e-05,-3.194355157565363e-05,3.3723288764435586e-06,-1.0577218684096922e-05,1.1167466738436421e-06,-3.5023517909309417e-06,3.698106492510514e-07,-1.159706385167548e-06,1.2246279056972342e-07,-3.840045083435479e-07,4.055354501221612e-08,-1.2715239140860873e-07,1.3429285243571511e-08,-4.210291294357715e-08,4.447044894782919e-09,-1.3941011969866637e-08,1.4724492959991772e-09,-4.615584507813457e-09,4.870289970461367e-10,-1.5265286446283688e-09,1.5955059831614481e-10,-5.000502049951057e-10,4.7613830725622536e-11,-1.4921726346203471e-10,36.22878477963605,-0.9509637433363557,-15.271892388763725,822.3875015206837,-0.8269757731753974,0.2584025844042925
85.5,988.6617305245137,0.03485451185807487,-0.13925325550569653,0.03485451185807487,-0.13925325550569653,0.011029571199968986,-0.038885815689100794,0.0035948937411933966,-0.01223727707075757,0.0011826463416900377,-0.003981520528515409,0.0003902458396596635,-0.0013089908167023172,0.00012890009804984484,-0.0004318085162825204,4.259417400393944e-05,-0.00014260238579617742,1.4075687568839485e-05,-4.7114791196617794e-05,4.651457274746082e-06,-1.5567584199673665e-05,1.537122408356382e-06,-5.143813049286166e-06,5.079580773343535e-07,-1.699609412733154e-06,1.6786002388068877e-07,-5.615818619128686e-07,5.54710806918738e-08,-1.855568339261202e-07,1.833096755585582e-08,-6.13112614371544e-08,6.057574965659738e-09,-2.0258076297182366e-08,2.001534991231057e-09,-6.692789768246897e-09,6.606606315315406e-10,-2.2088555935833114e-09,2.1599986396438274e-10,-7.22086435613811e-10,6.435191128320642e-11,-2.1510603181256812e-10,36.20197977625681,-1.0041497019025711,-15.556674280824486,822.3497647215014,-1.2613309554050398,0.3642628045375664
86.0,994.6700108266526,0.04490979759772742,-0.18870216442378376,0.04490979759772742,-0.18870216442378376,0.0139944745937459,-0.04968945941874084,0.004530562098011373,-0.015379073190080942,0.001484186006210493,-0.004968411902182648,0.0004880729300656934,-0.0016263766053807222,0.00016070298534789064,-0.0005346426763387425,5.293877398418043e-05,-0.0001759974549525301,1.744097834175812e-05,-5.796620029163918e-05,5.7460289049874265e-06,-1.9094260909639512e-05,1.8930617035231744e-06,-6.289713622514806e-06,6.236798781590048e-07,-2.071852771503173e-06,2.054748579178448e-07,-6.824752445408693e-07,6.769484277312652e-08,-2.2480960052698164e-07,2.2302416153073783e-08,-7.40529292797337e-08,7.347558350792787e-09,-2.43929561996103e-08,2.4203950774801097e-09,-8.034128560368148e-09,7.965037215722194e-10,-2.6434544621009395e-09,2.5965316332809537e-10,-8.616114307976712e-10,7.716827939724849e-11,-2.560361303187783e-10,36.22696456969756,-1.068927004604848,-15.73796314383202,822.2848549901073,-1.6136451838427706,0.46373282681061817
86.5,1002.2442975175027,0.0543555411550569,-0.22608086837330987,0.0543555411550569,-0.22608086837330987,0.016680256048803865,-0.056968057413608796,0.005361476010185876,-0.01740462767688401,0.0017478697016388804,-0.0055867558047879035,0.0005724040092402337,-0.0018203377693766917,0.00018773142846648179,-0.0005959639405692701,6.160374761161553e-05,-0.00019541696913107862,2.02183211957319e-05,-6.411345009796153e-05,6.635643573866039e-06,-2.103830492687054e-05,2.1778151215813647e-06,-6.903547905426897e-06,7.147579045058767e-07,-2.265342848186658e-06,2.3458320662712227e-07,-7.433537387362813e-07,7.699008734275853e-08,-2.43925420690275e-07,2.526807546477621e-08,-8.004202286528797e-08,8.292863260881709e-09,-2.626479669071789e-08,2.721386922562587e-09,-8.617544663052365e-09,8.921617891009252e-10,-2.8246262614859695e-09,2.897719321639144e-10,-9.172766664218501e-10,8.585512899286011e-11,-2.7173697577594815e-10,36.30235729459185,-1.1438368214758903,-15.803300384229068,822.1968406149836,-1.8594332729407816,0.5555602619539733
87.0,1010.9382850163726,0.06305179642848259,-0.24482742481798903,0.06305179642848259,-0.24482742481798903,0.01906335165319671,-0.06024798682679313,0.006082732828005687,-0.01825193958032611,0.0019725882742084935,-0.005826927924192617,0.0006430028706319966,-0.0018897430876647775,0.0002099491179002543,-0.0006159371366070008,6.85918358503759e-05,-0.00020108133088931468,2.2413804549826403e-05,-6.568382449665892e-05,7.324175365245842e-06,-2.145972456540646e-05,2.3933261599095806e-06,-7.011159625290626e-06,7.820689447883983e-07,-2.2906332776892634e-06,2.555572393687917e-07,-7.483784458385539e-07,8.350861488651727e-08,-2.445045362854605e-07,2.7288135189862084e-08,-7.988257529799684e-08,8.916853451156524e-09,-2.6098310642884973e-08,2.9134284415081025e-09,-8.525654847756827e-09,9.509877319999127e-10,-2.7824114176731155e-09,3.075862810550002e-10,-8.997854917041012e-10,9.081324102001e-11,-2.656187812768179e-10,36.423478459471085,-1.2269366478484556,-15.74794791452108,822.0913226272551,-1.9815305953291191,0.6390282648295882
87.5,1020.239056537361,0.07088224751501547,-0.24155121882563846,0.07088224751501547,-0.24155121882563846,0.021132487203429147,-0.059395035509751296,0.0066945152204825826,-0.017931021371081383,0.0021592761071470264,-0.005700479227576339,0.0007004327978870257,-0.0018405008770056366,0.00022762487660942586,-0.0005971540663903757,7.401980944404255e-05,-0.00019405327676757657,2.407544756628651e-05,-6.309601528284352e-05,7.830703427441854e-06,-2.0519002126592235e-05,2.5469896662277256e-06,-6.6728373627851975e-06,8.284257489402108e-07,-2.170025527569841e-06,2.694511179409672e-07,-7.056984122095348e-07,8.76408011821551e-08,-2.2949508368124826e-07,2.8505732185017216e-08,-7.463235501627281e-08,9.271573788376888e-09,-2.427036502420839e-08,3.015304838206227e-09,-7.891908417812998e-09,9.797099857437245e-10,-2.5637559365322007e-09,3.1546448394088103e-10,-8.253920071036264e-10,9.27904962003546e-11,-2.427475989230396e-10,36.58236483833059,-1.3159093690565475,-15.575134168814817,821.9753734719256,-1.9712932911511694,0.7135447005383698
88.0,1029.5992896751932,0.07772048368188744,-0.21719374609417644,0.07772048368188744,-0.21719374609417644,0.022877301888859728,-0.05456354141455166,0.007198096963025527,-0.01649771165191712,0.0023094836782376637,-0.005230346047332821,0.0007455425545778361,-0.001681948574969335,0.00024114703166481434,-0.0005433061760500324,7.8051392408e-05,-0.00017575257543636424,2.5268978745933566e-05,-5.688390645399658e-05,8.180780216127504e-06,-1.8413486696360542e-05,2.6485108721895624e-06,-5.96049943509833e-06,8.574499799264442e-07,-1.9294310773221005e-06,2.775976746490941e-07,-6.24562468112276e-07,8.987166859333812e-08,-2.0217267048572412e-07,2.9095734489640305e-08,-6.544380658881339e-08,9.419577881436655e-09,-2.118411173908338e-08,3.0492396359276643e-09,-6.8566188477887435e-09,9.861674435502247e-10,-2.2172214338948567e-09,3.161263002195016e-10,-7.106583547701443e-10,9.263582930492671e-11,-2.0822377117142488e-10,36.76811092029702,-1.4081864798298573,-15.295803820868457,821.8572489443084,-1.829208552969548,0.7783102824342949
88.5,1038.4716212725718,0.08341242119020995,-0.17654242328094957,0.08341242119020995,-0.17654242328094957,0.024282142175156056,-0.0461665018145698,0.00759353725087512,-0.014046340248650676,0.0024245057271811976,-0.0044478551928669435,0.0007791369311880562,-0.0014255529856714844,0.0002508998001871346,-0.00045863940341587893,8.085129482392599e-05,-0.00014773671213828566,2.606088478282427e-05,-4.7611398490007765e-05,8.40023300976094e-06,-1.5345127494085557e-05,2.7076561367156366e-06,-4.945726133905226e-06,8.727617124413707e-07,-1.5940048053701772e-06,2.813182176240234e-07,-5.13746864024558e-07,9.067759289113807e-08,-1.6558031174703536e-07,2.9228173084753446e-08,-5.3366383167145305e-08,9.421046229231901e-09,-1.7199769440303665e-08,3.0363788705005195e-09,-5.542897781041896e-09,9.777354824886218e-10,-1.7846782100488334e-09,3.1210257552236547e-10,-5.696325974661771e-10,9.113198602247206e-11,-1.6631591300554086e-10,36.9675547453293,-1.5010801579126727,-14.927909477559625,821.7458514202917,-1.5648769708265684,0.8321752814383009
89.0,1046.3430123154585,0.08778484741545527,-0.12643843987168668,0.08778484741545527,-0.12643843987168668,0.025326690820337536,-0.034863631443013306,0.007879475203014998,-0.010717782383115482,0.0025051879552024387,-0.003395261784093381,0.0008018719426318551,-0.0010855005731130987,0.00025721532797781763,-0.00034805446961837347,8.256508095675968e-05,-0.00011170335929900193,2.6510387343657303e-05,-3.586389893989212e-05,8.5120807606393e-06,-1.151484321749622e-05,2.7330992160580716e-06,-3.6970775131889318e-06,8.77556443294319e-07,-1.1870228596959759e-06,2.8176997697032816e-07,-3.811181263575517e-07,9.047202910108784e-08,-1.2236580845343208e-07,2.904915635343392e-08,-3.9288020030463316e-08,9.327143334031705e-09,-1.2614096142178967e-08,2.9944998795955825e-09,-4.049604994819671e-09,9.60543112186367e-10,-1.2989313508135834e-09,3.054724173238742e-10,-4.1306925903734133e-10,8.891573576349476e-11,-1.2023030929726245e-10,37.16626391375576,-1.5919185919663958,-14.495294549793938,821.6499837606975,-1.1963701367043038,0.8737392366062555
89.5,1052.7669536026801,0.09068101561079969,-0.07360476097766568,0.09068101561079969,-0.07360476097766568,0.025992874093484702,-0.021531822395661707,0.008054770617595774,-0.006709698645950104,0.002552318322862363,-0.002129749337216719,0.0008143414397674166,-0.0006798930812479272,0.00026038973439178645,-0.00021744060322531375,8.332077770066905e-05,-6.958445037850263e-05,2.6668898762845956e-05,-2.2272720440308247e-05,8.53604804033323e-06,-7.129093829216932e-06,2.732175662299869e-06,-2.281893626674189e-06,8.745011515784302e-07,-7.303927599014837e-07,2.79905961842657e-07,-2.337854719905102e-07,8.959089405901076e-08,-7.483048122207692e-08,2.867577655294427e-08,-2.3951854879619067e-08,9.178306500939295e-09,-7.66647665310685e-09,2.937456053665594e-09,-2.453657445685283e-09,9.392987711281157e-10,-7.846130719130777e-10,2.9781078412131345e-10,-2.4877181175854515e-10,8.64637579488583e-11,-7.222747716623121e-11,37.34972006430933,-1.6781784571808296,-14.026223323596446,821.5774902170643,-0.7490049047169758,0.9016782104519893
90.0,1057.3914886100708,0.09201443714266971,-0.023148141695754815,0.09201443714266971,-0.023148141695754815,0.02627576601153484,-0.007186914502276066,0.008121305516261588,-0.0022751517047713407,0.0025673863102505592,-0.0007246019914678189,0.0008172849861861254,-0.0002312160552289447,0.00026074003936387634,-7.382740279648314e-05,8.324447366868668e-05,-2.3578464430129168e-05,2.6584317871389785e-05,-7.530320231040093e-06,8.48976425144222e-06,-2.40497946546198e-06,2.7112261215872485e-06,-7.68085028420214e-07,8.658364187028147e-07,-2.453054667552194e-07,2.765068878164898e-07,-7.834389322901484e-08,8.830311391927101e-08,-2.5020906048458093e-08,2.8199778000627393e-08,-7.990988776156006e-09,9.005576030343328e-09,-2.552079172963367e-09,2.87567237506145e-09,-8.149854371825662e-10,9.174778116573693e-10,-2.6003612199021035e-10,2.9025905399184733e-10,-8.227174805355899e-11,8.411623526502029e-11,-2.3843360512707384e-11,37.50455902468585,-1.7576079287645112,-13.551623752239065,821.5344185489373,-0.2536114915549603,0.9152183160222059
90.5,1059.9812927921143,0.09182462679605724,0.023308867055643393,0.09182462679605724,0.023308867055643393,0.026195300584335036,0.007226323291341444,0.008087097009201794,0.002284633514132381,0.002553462088827295,0.0007266952596196221,0.0008118416801097752,0.00023159073736541674,0.00025867849736485067,7.385365868083568e-05,8.248242013402371e-05,2.355707569534692e-05,2.6307720914159655e-05,7.5139922006667946e-06,8.39083259897048e-06,2.3967354658919745e-06,2.6762512771674833e-06,7.64485873743603e-07,8.53588819429586e-07,2.4384779170566853e-07,2.7225166483794986e-07,7.778004407422057e-08,8.683450456067274e-08,2.4809470945147842e-08,2.769578821275773e-08,7.91346039678041e-09,8.83346946406266e-09,2.524128994209465e-09,2.817158983780125e-09,8.050430279073269e-10,8.976814367539167e-10,2.5654133999845684e-10,2.8365061301829047e-10,8.106724031438237e-11,8.211656711340475e-11,2.3470103474174008e-11,37.61970869962476,-1.8283334513187879,-13.103124555481315,821.5243461536404,0.2555932482676055,0.9146295671041096
91.0,1060.4324220216463,0.0903163038635992,0.07271532499628948,0.0903163038635992,0.07271532499628948,0.02580551068409846,0.021216519899715854,0.007968901899458371,0.006589479011744461,0.0025159691983968925,0.002084108008676768,0.0007997848246442381,0.000662878172271607,0.00025478513504104193,0.00021121217886287954,8.122383260892268e-05,6.733969969721423e-05,2.590064923127826e-05,2.1473753870102302e-05,8.259196950522331e-06,6.8477006482299384e-06,2.6336920613185744e-06,2.183642620141288e-06,8.398315124839398e-07,6.963352127285654e-07,2.6780540268730266e-07,2.220522349462296e-07,8.539775676889325e-08,7.080956082994262e-08,2.7231602718853414e-08,2.258022493818908e-08,8.683526506111478e-09,7.200469546204894e-09,2.76873631221912e-09,2.295915494326235e-09,8.820604344008891e-10,7.314459010863122e-10,2.786560799128253e-10,2.3107962846973603e-10,8.065631979336127e-11,6.688665495780085e-11,37.68728168805257,-1.8889439573446403,-12.710989998074737,821.5479890389753,0.7433846406038959,0.9016013595059154
91.5,1058.7788034948496,0.08786772601606362,0.12303478251284698,0.08786772601606362,0.12303478251284698,0.025198562138183445,0.0338607475328202,0.0077936179880481815,0.010359897359517943,0.002463158575158487,0.0032635226196655316,0.0007836826196705041,0.0010372369951330844,0.0002498625514460856,0.0003305845634401255,7.971968098735838e-05,0.00010545609381424676,2.544157604384749e-05,3.365333506353132e-05,8.119372576050142e-06,1.0739622171089664e-05,2.591199967522942e-06,3.427282441498334e-06,8.269502603151654e-07,1.0937316727505192e-06,2.6391121312400074e-07,3.4903716912587583e-07,8.422407653733063e-08,1.1138649202278407e-07,2.6879072690492906e-08,3.554618403086827e-08,8.578047895179803e-09,1.1343566113475389e-08,2.737316090846548e-09,3.619666334656723e-09,8.72752460369315e-10,1.1540302739908788e-09,2.759306986360002e-10,3.6484566410890806e-10,7.992015804906143e-11,1.0566987905402316e-10,37.70312202750646,-1.9385475229835856,-12.4020780375935,821.6031607054919,1.1759935342012677,0.8793826070303985
92.0,1055.190061281733,0.08500317668143093,0.16896259082505757,0.08500317668143093,0.16896259082505757,0.024501854896448814,0.04421595533382287,0.007597953192144458,0.013377004534179778,0.0024061212795808353,0.004205026001369496,0.0007669344522068093,0.0013371523256289306,0.00024495725260515833,0.0004267373745140303,7.829254006255348e-05,0.00013634449450253738,2.503000336020213e-05,4.3582389789980434e-05,8.00205316764734e-06,1.393197301612018e-05,2.558243959047729e-06,4.453630767782861e-06,8.178666161476128e-07,1.4236911720192401e-06,2.614706831257982e-07,4.5511104089374196e-07,8.35917622018283e-08,1.4548523174587805e-07,2.6724129142715916e-08,4.650718479011756e-08,8.543577000057955e-09,1.486679286178878e-08,2.7311006906449657e-09,4.751999137939576e-09,8.722915967535667e-10,1.5176149972570873e-09,2.7625204647520353e-10,4.805824211471819e-10,8.012773272617296e-11,1.3938418109495508e-10,37.66696617171337,-1.9767975052420836,-12.19796314963097,821.685080419044,1.523473743735253,0.8526204065872759
92.5,1049.9608131799928,0.08233540808364037,0.20404647284005362,0.08233540808364037,0.20404647284005362,0.023867776067871833,0.0515100516536919,0.007426055895731919,0.015480728924045714,0.002358214005689518,0.004865534968955496,0.0007536360297103232,0.0015497890967127404,0.00024133085192754432,0.0004957144726985684,7.733170327552162e-05,0.0001587697343869842,2.4786210631178487e-05,5.0876966009921535e-05,7.944429146435666e-06,1.630497637089761e-05,2.5463333381515085e-06,5.2253952088179225e-06,8.161459234172666e-07,1.6746270855255409e-06,2.615895380874646e-07,5.366820567433944e-07,8.384417277935116e-08,1.7199506961301364e-07,2.6873546725214698e-08,5.5120672891730514e-08,8.613369675647235e-09,1.7664812180662925e-08,2.7604649815929725e-09,5.660628211631653e-09,8.839181702998443e-10,1.8123461782479694e-09,2.806259986965316e-10,5.753145217401527e-10,8.156625039724036e-11,1.6720310140104332e-10,37.582243381139264,-2.0038877288528814,-12.11336778973332,821.7869632908644,1.7617968965543875,0.8268996057908975
93.0,1043.4921114211697,0.08049162974224237,0.2222892902724847,0.08049162974224237,0.2222892902724847,0.023457164405802516,0.055194631375001704,0.007325124241398245,0.01656306504869023,0.0023338435317647567,0.0052148872633400725,0.0007482412743031741,0.001665568167994839,0.00024036676243466233,0.0005343528385261095,7.72677910296063e-05,0.0001716778455173111,2.4844477296297583e-05,5.518603804900408e-05,7.98842627569995e-06,1.774188398745073e-05,2.56857705607462e-06,5.70387834516362e-06,8.258933435261771e-07,1.8337527268992292e-06,2.655555168698609e-07,5.895372981360832e-07,8.538599553737074e-08,1.8953165569415051e-07,2.7454752758600696e-08,6.093289320997579e-08,8.827633717728094e-09,1.9589246199742777e-08,2.838122845884426e-09,6.297146668916961e-09,9.11658073700565e-10,2.022479375543944e-09,2.9031970816354617e-10,6.439764977161295e-10,8.460195317623832e-11,1.8763959399424473e-10,37.45559486396379,-2.0205188354900736,-12.15503310610557,821.9007745185754,1.8745196981009644,0.8080562993314732
93.5,1036.266193410255,0.08003877613787191,0.22010657092313907,0.08003877613787191,0.22010657092313907,0.02341895529575533,0.05495795585571272,0.007339450602108479,0.01655488425183417,0.002346683903844048,0.005230881468391968,0.0007550250110169342,0.001676591384132125,0.00024340794360773,0.0005397983949280012,7.852371898036791e-05,0.00017404428893562991,2.5338261078837904e-05,5.614589315288251e-05,8.176223475192303e-06,1.8114806498783558e-05,2.638327472441409e-06,5.844527462697941e-06,8.513431493814663e-07,1.8856674634010312e-06,2.747138699435853e-07,6.08388234474712e-07,8.864545671795508e-08,1.9628922467685366e-07,2.86043400151223e-08,6.333031795193113e-08,9.230030128570116e-09,2.0432552320792538e-08,2.9780592010897833e-09,6.591627170017968e-09,9.599967214673877e-10,2.124560843474773e-09,3.067622937597501e-10,6.788024284663164e-10,8.965199068810753e-11,1.9835925597878234e-10,37.29622175618492,-2.027840011049378,-12.321130978234521,822.018009221042,1.8539056168378554,0.801394303239068
94.0,1028.8161290366775,0.08142075499136471,0.19767617382589467,0.08142075499136471,0.19767617382589467,0.023869519096226754,0.050733173013577285,0.0075038416157922885,0.015419731157537598,0.0024075736085142005,0.00489731762832196,0.0007774089523102761,0.0015761642909579733,0.00025154044293218693,0.0005094100608090199,8.144506828693332e-05,0.00016486123636821898,2.637777010956583e-05,5.33813927259378e-05,8.543018878502871e-06,1.7286683482635228e-05,2.7668438706851984e-06,5.59800729309392e-06,8.961030173286001e-07,1.8128223172727141e-06,2.90222595094749e-07,5.870525964888601e-07,9.399493542094111e-08,1.9010727585974113e-07,3.0442283272598605e-08,6.156303200880388e-08,9.85928844798523e-09,1.9935946066375474e-08,3.1928005810657172e-09,6.4552283122128185e-09,1.0329900911097653e-09,2.0882609244143953e-09,3.312577953285852e-10,6.69584100107805e-10,9.709998628119524e-11,1.9625305788140036e-10,37.11517327980673,-2.027371633563023,-12.601279315212745,822.1303719966154,1.7014293755034533,0.81096063571062
94.5,1021.6922717633538,0.08491497321853268,0.1589783317899983,0.08491497321853268,0.1589783317899983,0.024875609927815807,0.042729641376958435,0.007837736416881307,0.013164551113065267,0.0025225112017913877,0.004208063302273512,0.0008172805126209131,0.001360367127711617,0.00026536231152595553,0.000441357373535226,8.622181963417227e-05,0.00014335990768237576,2.8023497129673743e-05,4.658696565294167e-05,9.108093458277202e-06,1.5140315845743596e-05,2.960278870604008e-06,4.920457056248912e-06,9.621388955517901e-07,1.5991012246997575e-06,3.127108233273996e-07,5.196925135316112e-07,1.016361026548697e-07,1.6889504730910322e-07,3.3033349433260507e-08,5.488919822221808e-08,1.0736250819740965e-08,1.783825186525669e-08,3.489067951331684e-09,5.796615100637261e-09,1.13280828378369e-09,1.8818587910886956e-09,3.645023257158524e-10,6.054769144924768e-10,1.0715031544186892e-10,1.7797650979008095e-10,36.924660330353106,-2.0209148224672395,-12.977175407896299,822.2302722292782,1.4276414938968531,0.839026095929637
95.0,1015.4276215323814,0.09061070972497429,0.11042143066233065,0.09061070972497429,0.11042143066233065,0.02644445974515016,0.03147952710386652,0.008341450358632704,0.009867075207911285,0.002691261604044722,0.0031772757631263675,0.0008744821405270552,0.0010317454377509064,0.0002847985872264392,0.00033594102913168434,9.282198854518405e-05,0.00010947963559645944,3.0262608151041783e-05,3.5692032147509775e-05,9.866470934600722e-06,1.1636350572200875e-05,3.2167501296145627e-06,3.793694179815167e-06,1.0487520260087239e-06,1.236823815254254e-06,3.419229824497843e-07,4.03230481427415e-07,1.1147660142320432e-07,1.3146157053432108e-07,3.634449573937037e-08,4.2859172271248e-08,1.1849195595311742e-08,1.3972819100746592e-08,3.862733964470543e-09,4.55491218458965e-09,1.2580092658142855e-09,1.4834029756806317e-09,4.0600035201737146e-10,4.787316799837176e-10,1.196495723149357e-10,1.4108109398580792e-10,36.73743619496211,-2.0104535435047493,-13.423812281314943,822.3111101350065,1.0514155951851947,0.8858718966799342
95.5,1010.5042759020262,0.09840938642179507,0.05871771052946271,0.09840938642179507,0.05871771052946271,0.028523383876877372,0.017850518365665296,0.008995670033788664,0.0057056544739026134,0.002907029391321854,0.001851594685588775,0.0009466465339465191,0.0006037891038402491,0.0003090278177592054,0.00019719890804908595,0.00010096135493049825,6.444205505125315e-05,3.2996834163495453e-05,2.106246566136786e-05,1.0784260792366344e-05,6.884129616650331e-06,3.5245890632984787e-06,2.2500328941360324e-06,1.1519313456786356e-06,7.354085845780017e-07,3.7648241643651374e-07,2.403634988726534e-07,1.2304465235956168e-07,7.856123179589907e-08,4.0214277906195344e-08,2.5677192455992392e-08,1.3142953997568677e-08,8.392318702597384e-09,4.2949744827519706e-09,2.742655577470493e-09,1.402186008580412e-09,8.954428729160022e-10,4.535965452627609e-10,2.8968288905687516e-10,1.3394064933358854e-10,8.554272025167754e-11,36.56623981758739,-1.9980541297005359,-13.911194219378594,822.3673879776228,0.5986397741647207,0.949914375301372
96.0,1007.3230774535557,0.1080460209522998,0.009164904730607642,0.1080460209522998,0.009164904730607642,0.031009429166511143,0.002971258153212958,0.009764609416050297,0.0009695631592751221,0.0031574214603439393,0.00031705350565757037,0.0010294814365411425,0.00010375033186670069,0.00033656455094514646,3.3961213318445375e-05,0.00011012772343701049,1.1116792017081095e-05,3.6048941185012045e-05,3.638947277664719e-06,1.1800392874501017e-05,1.1911653351916127e-06,3.8627839651693395e-06,3.89913551165644e-07,1.2644578954011256e-06,1.276334801397398e-07,4.139122874686345e-07,4.1779273835421394e-08,1.3549154941951711e-07,1.3675937488187276e-08,4.43522417850164e-08,4.476646519870481e-09,1.4518242645349935e-08,1.4653575582495333e-09,4.7518954779474475e-09,4.796106001794523e-10,1.5537939931193608e-09,1.568222601173893e-10,5.03404012938417e-10,5.080700435096507e-11,1.4883757853491416e-10,1.5021501961686407e-11,36.42326320621416,-1.9857661753099167,-14.406423910650755,822.3947241638137,0.10044418192460865,1.028124773082505
96.5,1006.1783646745274,0.11913034271277197,-0.03906692806163042,0.11913034271277197,-0.03906692806163042,0.033767356779247235,-0.012191664456011962,0.01060226415781823,-0.003933147964651193,0.003426557806133387,-0.001282033461356933,0.0011174777644617003,-0.00041927724635657676,0.0003654968791665616,-0.0001372690493482401,0.00011965739394966873,-4.4960916315990177e-05,3.9189659806639575e-05,-1.4727413620446226e-05,1.2835681790001907e-05,-4.824116804458265e-06,4.20403565121895e-06,-1.580189403170586e-06,1.376936264136938e-06,-5.176073978900239e-07,4.509841510789077e-07,-1.6954765936686472e-07,1.4770958041766875e-07,-5.5537082991117615e-08,4.837884800257378e-08,-1.8191721772373656e-08,1.5845190322068567e-08,-5.958811117544688e-09,5.189118186048887e-09,-1.9516393314952197e-09,1.697704352006873e-09,-6.385746330846964e-10,5.503250030002277e-10,-2.0701938146064463e-10,1.6278393187985907e-10,-6.124049639393956e-11,36.31959425372319,-1.9755280461356426,-14.87599981706909,822.3898630137102,-0.40891879655981894,1.1166384604266189
97.0,1007.2394128563702,0.1312034152090615,-0.09200190265844635,0.1312034152090615,-0.09200190265844635,0.03665209562696318,-0.026912751649570858,0.011460281836597709,-0.008518710548435364,0.0036978217156786873,-0.0027590686943133936,0.0012048719692786284,-0.0009001068077944299,0.00039382321788173713,-0.00029433459557513656,0.00012885623905064782,-9.632108027886616e-05,4.217878984081921e-05,-3.153200176937779e-05,1.3807193532824874e-05,-1.0322425144503788e-05,4.519773894471423e-06,-3.3791847922365683e-06,1.4795444113363801e-06,-1.1062216178291615e-06,4.843276866544065e-07,-3.621365287761588e-07,1.5854426260263818e-07,-1.1855024921522747e-07,5.189926906681666e-08,-3.880896713930485e-08,1.6988970426187633e-08,-1.2704477380632154e-08,5.560671403924209e-09,-4.158491917965702e-09,1.818281329340373e-09,-1.3598421286702078e-09,5.891031456633847e-10,-4.4059233184986574e-10,1.7417798327324246e-10,-1.3027290449196265e-10,36.26460282604117,-1.9690798827337526,-15.288143690783668,822.3507560042294,-0.8944061683186737,1.211412069868133
97.5,1010.5397311872844,0.14380079729401177,-0.1456536578410996,0.14380079729401177,-0.1456536578410996,0.03953043703703068,-0.039954976114626006,0.012295461687296554,-0.012420869580977895,0.003956525677058297,-0.0039962352151659926,0.0012866019151355687,-0.0012994466577428971,0.00041979523717095794,-0.0004239785311915284,0.00013712142476558694,-0.0001384868618969783,4.4809028473227246e-05,-4.525503756936483e-05,1.4643833237576406e-05,-1.4789564391139628e-05,4.785684027589883e-06,-4.833300922792364e-06,1.5639874618886455e-06,-1.5795460338047288e-06,5.111195670038717e-07,-5.162032488207307e-07,1.6703661973889713e-07,-1.686976859024596e-07,5.4588399760451056e-08,-5.5131143662887186e-08,1.7839563260132834e-08,-1.8016899795109645e-08,5.829388331213732e-09,-5.8873253898355215e-09,1.90300243528877e-09,-1.9219124976916615e-09,6.155675099723795e-10,-6.216832817833735e-10,1.817586489958849e-10,-1.8356418528353476e-10,36.26527609986404,-1.9678869377792074,-15.614978763918167,822.2767468214928,-1.3225773628974016,1.308784879780874
98.0,1015.9748885891977,0.15650836386262715,-0.19364211418991636,0.15650836386262715,-0.19364211418991636,0.04229684294103244,-0.05021318957069471,0.013075047587975964,-0.015368111920235104,0.004191810900955509,-0.004912384541388081,0.001359000545361579,-0.0015910914197117762,0.00044217112943846244,-0.0005175144832638311,0.00014403339352859752,-0.00016855404675101036,4.693916388237149e-05,-5.492598138843293e-05,1.5298254186762863e-05,-1.790069649161197e-05,4.985955474750669e-06,-5.833941001188027e-06,1.6250058116705675e-06,-1.9013152685865365e-06,5.296164131837365e-07,-6.196496852883262e-07,1.726107739986537e-07,-2.0194740560074643e-07,5.6256649728571356e-08,-6.581574834374556e-08,1.8334756242531612e-08,-2.144947571568847e-08,5.974922002968921e-09,-6.989713457153021e-09,1.9452401890345636e-09,-2.275548185009376e-09,6.275849997794966e-10,-7.341275311002046e-10,1.84899993401666e-10,-2.1628393036038138e-10,36.32555634254494,-1.9730762286520176,-15.83439976492265,822.1688363093767,-1.6638894401275652,1.405831803149139
98.5,1023.3090049564973,0.16899566286679812,-0.22854567465139863,0.16899566286679812,-0.22854567465139863,0.04488001743462552,-0.05689006774003047,0.013778751216017474,-0.01720344616458976,0.004397384498698366,-0.005466046678414529,0.0014200737855488805,-0.001762674852114225,0.0004603196676102839,-0.0005710950626240733,0.0001493942178086276,-0.0001853103311992744,4.8507983003607904e-05,-6.0163006750499e-05,1.5751833536530677e-05,-1.9535561030089293e-05,5.115039718766243e-06,-6.343402122606609e-06,1.660989575023019e-06,-2.059769380366999e-06,5.393675293643037e-07,-6.688287717819129e-07,1.751469740318431e-07,-2.1717570825901705e-07,5.6874815552933826e-08,-7.051914984855654e-08,1.8468551393912567e-08,-2.289804264744895e-08,5.996567093917037e-09,-7.434413419465809e-09,1.9452023578275127e-09,-2.411500671843449e-09,6.253687370964776e-10,-7.752433193340286e-10,1.8370288728534672e-10,-2.2771960229354172e-10,36.445774998245845,-1.985389572839181,-15.931512666345016,822.0299520329032,-1.894735700462298,1.5004518814420222
99.0,1032.189499976481,0.18101694715405298,-0.24415333065304823,0.18101694715405298,-0.24415333065304823,0.04723980773100623,-0.05955226084805076,0.014397526558390258,-0.01787043679962533,0.004571101240342899,-0.005648224123254589,0.0014693594017099972,-0.0018129908602683763,0.00047417148869614216,-0.0005847757635395974,0.0001532102600303609,-0.000188911479087859,4.952791984336361e-05,-6.106197246465771e-05,1.6012298416586484e-05,-1.9740240908398672e-05,5.176750837773737e-06,-6.381665958942794e-06,1.6736353835192755e-06,-2.0630781836976243e-06,5.410836746717461e-07,-6.669561792014395e-07,1.7493147768633574e-07,-2.1561494831691149e-07,5.655500484102073e-08,-6.970436563736577e-08,1.828393948919041e-08,-2.2533919838935656e-08,5.9105370654768e-09,-7.2840339862927844e-09,1.9089132104113104e-09,-2.352390237025034e-09,6.111043096473237e-10,-7.530388483313104e-10,1.7887289197645951e-10,-2.2040873706098783e-10,36.622297174394916,-2.005155886550121,-15.899567018529346,821.8651169735078,-1.9990820451108922,1.5912051796008255
99.5,1042.1691728585156,0.19238095993006726,-0.2376777404783402,0.19238095993006726,-0.2376777404783402,0.049356954195790365,-0.058104452518948385,0.014930078792236453,-0.017383526241117258,0.00471374507710963,-0.005470923752315081,0.0015074940781597053,-0.001747881172712344,0.0004840633448455458,-0.0005610593485379578,0.000155635667928465,-0.00018036709367370664,5.006444938690678e-05,-5.801532743515247e-05,1.6106192584928566e-05,-1.866338948708697e-05,5.181509888375342e-06,-6.003966925724533e-06,1.6669392569764466e-06,-1.9314615299879336e-06,5.362696424798368e-07,-6.213464608562459e-07,1.7252284331546236e-07,-1.9988561984955733e-07,5.550211995796099e-08,-6.430264603177172e-08,1.785535103660995e-08,-2.0685784431862393e-08,5.743639260053053e-09,-6.653882092524721e-09,1.845944750340238e-09,-2.1384104197467054e-09,5.881483829049428e-10,-6.813090161563527e-10,1.714664982870862e-10,-1.9862038448774717e-10,36.84748233766014,-2.0322850142089313,-15.740347565043217,821.6814128604868,-1.9695825046064863,1.676975969541466
100.0,1052.7342256721593,0.20290256437275592,-0.2106960470526089,0.20290256437275592,-0.2106960470526089,0.0512200979736477,-0.052744877593892084,0.015378593833053584,-0.015806073772242534,0.004827534741096773,-0.004958983370368114,0.001535677675904787,-0.0015772166428346846,0.0004905440980377993,-0.0005037829464569471,0.00015690185387233114,-0.00016113258635880006,5.0210440220584184e-05,-5.156360752914798e-05,1.6069560347550446e-05,-1.6502528528885583e-05,5.142969641374942e-06,-5.281504938625011e-06,1.6459776208504295e-06,-1.690304267196191e-06,5.267855910153704e-07,-5.409686294617183e-07,1.6859465691498665e-07,-1.731327523204794e-07,5.395768683423084e-08,-5.540972334115542e-08,1.72686701815135e-08,-1.7733268339963695e-08,5.526191818185175e-09,-5.674832966408405e-09,1.7669195705608403e-09,-1.8144338769472238e-09,5.601614025864478e-10,-5.752211923387185e-10,1.6261953695976093e-10,-1.6699068755968012e-10,37.11003006837996,-2.0662842640078707,-15.46402735878941,821.4876667914275,-1.8080942379274698,1.756584572535051
100.5,1063.3364695368912,0.21235691064437137,-0.16842883383708265,0.21235691064437137,-0.16842883383708265,0.0528147128500793,-0.04393818748682031,0.015745118840034027,-0.013245494590312337,0.004914840690503499,-0.004147927287255522,0.0015552073174452824,-0.0013138686527521556,0.0004942045939217142,-0.00041765787485144675,0.0001572554603665674,-0.00013291634078090836,5.006362918093075e-05,-4.231848910302945e-05,1.593980883567371e-05,-1.347433690322106e-05,5.075091635514295e-06,-4.290270253408411e-06,1.615863487151249e-06,-1.3660352242630114e-06,5.144763824349632e-07,-4.3494980654791824e-07,1.638046325561605e-07,-1.3848934064518622e-07,5.215386947487376e-08,-4.4095388388808945e-08,1.6605162779605466e-08,-1.403997194079834e-08,5.286432673410455e-09,-4.469945859117716e-09,1.6815767904126346e-09,-1.4219117838667653e-09,5.304494683149276e-10,-4.4855514245989014e-10,1.5334526314136437e-10,-1.2967484218345113e-10,37.39572151986664,-2.106297298697232,-15.088509295956078,821.2938470368647,-1.525557861647483,1.828482074364771
101.0,1073.4276900833022,0.22045692608372966,-0.1178096443012828,0.22045692608372966,-0.1178096443012828,0.05411740412363067,-0.032397026294525996,0.0160295405842274,-0.009860377424427105,0.004977418837011252,-0.0030861501786710634,0.001567185650670307,-0.0009741359897695021,0.0004955678889846254,-0.0003082983084597725,0.000156917674559896,-9.765303592609894e-05,4.971176392801955e-05,-3.094271370609751e-05,1.575035388108082e-05,-9.804627046878901e-06,4.990240292187953e-06,-3.1067317633881486e-06,1.5810754694204278e-06,-9.84410951763636e-07,5.009377250255539e-07,-3.1192423026701697e-07,1.5871385545604088e-07,-9.883749989678415e-08,5.02858255721325e-08,-3.131800078022163e-08,1.5932089623436136e-08,-9.923450746649648e-09,5.047359087258092e-09,-3.14409518801123e-09,1.5977171550933705e-09,-9.953428592686196e-10,5.016167586281646e-10,-3.1252514202949804e-10,1.4443054109047384e-10,-8.999242806742052e-11,37.688500572955554,-2.1511632107115917,-14.638299459126442,821.11022064409,-1.14125498787128,1.8906376790219037
101.5,1082.494012931753,0.22686775508869264,-0.06535371900367347,0.22686775508869264,-0.06535371900367347,0.0550969715095322,-0.019037228456018296,0.016229456868825588,-0.005866001523322532,0.0050162416775254536,-0.0018372715517108475,0.0015724274899988667,-0.0005783424908986711,0.000495047319318131,-0.00018233863016962198,0.000156067205124018,-5.751949082286189e-05,4.922610981549817e-05,-1.8147366590718706e-05,1.5528248700882e-05,-5.725483822414994e-06,4.898345788295124e-06,-1.80638688449057e-06,1.5451704763064198e-06,-5.69914032568167e-07,4.874200158301686e-07,-1.798075510140537e-07,1.5375536674436995e-07,-5.672917497851162e-08,4.850168946029623e-08,-1.7898006759967438e-08,1.529959771110544e-08,-5.646761235489286e-09,4.825792267995841e-09,-1.781392454794068e-09,1.52093293699194e-09,-5.615291467038317e-10,4.75492328524793e-10,-1.755799432015356e-10,1.3641822688619827e-10,-5.038049554009281e-11,37.971778445946384,-2.19949172235136,-14.142969630136328,820.9463844901443,-0.6814963817245103,1.940674250277805
102.0,1090.0881099344997,0.23125987721414495,-0.015835712462951287,0.23125987721414495,-0.015835712462951287,0.05572155481210776,-0.004885125976608788,0.016341667969635168,-0.001526719787568382,0.005031828273162492,-0.0004790590212819109,0.0015715292898666202,-0.00015050963336312432,0.0004929594384768467,-4.730909995468898e-05,0.0001548421227201193,-1.4871740026894929e-05,4.8661524663863916e-05,-4.674970600573096e-06,1.5294116795265858e-05,-1.4695893067451243e-06,4.806877921373369e-06,-4.6196926457674233e-07,1.5107819332493964e-06,-1.4522125353290984e-07,4.748325356256076e-07,-4.56506826952299e-08,1.4923789809324533e-07,-1.4350411010125045e-08,4.690481731397671e-08,-4.511085658365178e-09,1.4741865805030126e-08,-1.4180595901486927e-09,4.632910188083415e-09,-4.457324623002999e-10,1.4548395819463298e-09,-1.399953181543764e-10,4.5322512853540793e-10,-4.362025141272555e-11,1.2964065122062538e-10,-1.2478994814019395e-11,38.229805231240974,-2.2497487939582603,-13.635283280019252,820.8103174865665,-0.1778289704499609,1.9762383854830734
102.5,1095.8572226010986,0.23338946645890823,0.030420930568348437,0.23338946645890823,0.030420930568348437,0.05596965378961224,0.009186326252604658,0.016364675114709376,0.0028473024477132817,0.005024882649917152,0.0008894833472675972,0.0015650391769140345,0.0002785470205429365,0.0004895707724221691,8.729654963976182e-05,0.00015335326410498897,2.736714727558672e-05,4.806051970263267e-05,8.579500027153064e-06,1.506346242625157e-05,2.6896417070529724e-06,4.721295184662366e-06,8.431927838224438e-07,1.479781180051584e-06,2.643378366243082e-07,4.63803308129412e-07,8.286893901122221e-08,1.453684477290907e-07,2.597910554687475e-08,4.556235318942818e-08,8.144347430861344e-09,1.428035190251399e-08,2.5532018590697567e-09,4.475471414402548e-09,8.00352068496373e-10,1.4015340942630457e-09,2.5069263383536676e-10,4.354521517032646e-10,7.790606247899336e-11,1.2427421063815918e-10,2.223774258645634e-11,38.448940594222634,-2.300345830132712,-13.14908147427175,820.7076051153801,0.3351216144338599,1.9955254395141473
103.0,1099.565241949679,0.2331839803013172,0.07979334483710616,0.2331839803013172,0.07979334483710616,0.055842063610382596,0.02266418898172121,0.016301470160396566,0.006895654294644235,0.004997036849388012,0.0021393666494196675,0.0015536654571260177,0.0006676780049430007,0.0004851586268016404,0.00020875917915039234,0.00015170268246670552,6.531235561281853e-05,4.745909544153516e-05,2.0437461674556123e-05,1.4848591806833994e-05,6.395265272182512e-06,4.6456991348464865e-06,2.00119851237507e-06,1.4535062125806208e-06,6.262125671455789e-07,4.5476046462669894e-07,1.9595366195106754e-07,1.4228151473706696e-07,6.131757319201158e-08,4.451577588053558e-08,1.9187404000554e-08,1.3927598334582754e-08,6.004049951371204e-09,4.357185678843874e-09,1.8786240986454176e-09,1.3620850284986841e-09,5.87358835053353e-10,4.2247008414474333e-10,1.8220440497689618e-10,1.203936854459392e-10,5.1930270504802804e-11,38.6186762439308,-2.3497254408131596,-12.71705010621273,820.6409569608177,0.8220329273270488,1.9978336740798608
103.5,1101.1074574842578,0.23080669872317983,0.1291896063285713,0.23080669872317983,0.1291896063285713,0.055371717350241934,0.03462060429248665,0.01616195020616075,0.01037019622664201,0.0049515220291563265,0.0032007995618399303,0.001538473328745157,0.0009968175606645496,0.0004800709507876457,0.0003112932412700419,0.00015000248534081608,9.729644749244077e-05,4.689285234619721e-05,3.04216974407627e-05,1.4660647471086532e-05,9.51195810040802e-06,4.583525495154255e-06,2.9741058032399102e-06,1.4329998716396991e-06,9.299142434313824e-07,4.4801509678598766e-07,2.9075646644233186e-07,1.4006806053352786e-07,9.091087419646584e-08,4.379104143436478e-08,2.8425098421071605e-08,1.3690782681349354e-08,8.887609474628577e-09,4.279953176468942e-09,2.7786616182479204e-09,1.3369630446258928e-09,8.680721933992701e-10,4.143835984113727e-10,2.690776966131181e-10,1.1801779867484422e-10,7.664002467317631e-11,38.73230997921239,-2.396437494914518,-12.368511799033621,820.6100806328946,1.2493335941362846,1.9840058983672524
104.0,1100.5170486249651,0.22667826926585216,0.17317839034051566,0.22667826926585216,0.17317839034051566,0.05462887554712157,0.044191609843942534,0.01596439417157247,0.013083761206855003,0.004893621327372146,0.0040255002776229554,0.0015210293925483826,0.001252642952526737,0.0004747736752624477,0.0003911509674093263,0.00014839063479153561,0.00012227284850566453,4.6402334210009975e-05,3.8238683398979756e-05,1.4511430990488214e-05,1.1958949420790981e-05,4.538168886530896e-06,3.7400992535367586e-06,1.419224392464428e-06,1.1696965951109114e-06,4.4383492835667235e-07,3.658165258660722e-07,1.3880076384925902e-07,1.1440720756843343e-07,4.340721551201724e-08,3.5780231197612076e-08,1.3574655933641348e-08,1.1189990806777455e-08,4.244860203365929e-09,3.4993224323459737e-09,1.3263773262351867e-09,1.0934709225784728e-09,4.112159523092609e-10,3.390229767068985e-10,1.1714318340956693e-10,9.65811582987815e-11,38.78723393955493,-2.4392009243626807,-12.127397874643695,820.611905562941,1.5875474587635017,1.9566351327504028
104.5,1097.9629107710123,0.22144553534963252,0.2055074479320399,0.22144553534963252,0.2055074479320399,0.05371989651451091,0.05069891970598932,0.015735549696454135,0.01490686339083628,0.004830776813023055,0.004581263698566381,0.0015034564929623964,0.0014262748789020676,0.0004698743270942415,0.00044580247656879894,0.00014704032641214916,0.0001395134659815046,4.603657566573029e-05,4.3681148044767056e-05,1.4414700749267135e-05,1.3677360110396485e-05,4.513445986720031e-06,4.282629645771958e-06,1.413223556581591e-06,1.3409690555219076e-06,4.425002122993846e-07,4.1988174187447326e-07,1.385530428567375e-07,1.314725824470391e-07,4.3382876043988425e-08,4.1166418489874954e-08,1.3583679005760118e-08,1.2889847288563964e-08,4.252886991578814e-09,4.035708766271063e-09,1.330506916191857e-09,1.2625794122905056e-09,4.1298529736336737e-10,3.919057487945493e-10,1.177656775961296e-10,1.117559201331705e-10,38.78486325399245,-2.476949062295154,-12.010553056488252,820.6410848436285,1.8133639646477655,1.9199593006626772
105.0,1093.7389526539475,0.21590372887844536,0.2207244893712193,0.21590372887844536,0.2207244893712193,0.05277890999228738,0.05368473349422413,0.015509025075763419,0.01575732449592582,0.004772242549324076,0.004847092634321536,0.0014883622269375927,0.001511555858380674,0.0004661097253843437,0.00047335741431555435,0.0001461589598023092,0.00014842969096740555,4.585357027075695e-05,4.656558752863426e-05,1.438653777399896e-05,1.4609876583952882e-05,4.513769982930088e-06,4.5838247749508575e-06,1.4161933720458511e-06,1.438167490928499e-06,4.4433005232351935e-07,4.51222683908644e-07,1.3940834999331506e-07,1.4157036446478878e-07,4.37392735709334e-08,4.441743299312027e-08,1.3723063658968659e-08,1.3935780423317195e-08,4.305240673425586e-09,4.371957951422557e-09,1.3496056873645017e-09,1.3705149395934024e-09,4.197353413524789e-10,4.262366684503082e-10,1.198899650982624e-10,1.2174655177335811e-10,38.730280854186105,-2.508858700149098,-12.02650673266908,820.6906583550298,1.9112791235194684,1.879438533684717
105.5,1088.2455375297714,0.2108911591330216,0.21594263575988037,0.2108911591330216,0.21594263575988037,0.05195306957617153,0.05291414578123794,0.015321926411162716,0.015586597344429824,0.004728225365557532,0.004808258330242285,0.0014786138432230996,0.001503481775287448,0.00046428693407809905,0.00047207857487162927,0.00014597272455365928,0.00014842035298075304,4.5916267040492094e-05,4.668578543086231e-05,1.4444308270065668e-05,1.4686322780132344e-05,4.54388073845778e-06,4.619994604330299e-06,1.4294109323580672e-06,1.4533488368465277e-06,4.496631217808251e-07,4.5719162161101144e-07,1.4145470924673635e-07,1.4382243124821104e-07,4.449868923261638e-08,4.524333993948125e-08,1.3998247796937435e-08,1.4232439318622045e-08,4.4031788849538474e-09,4.476826007671767e-09,1.3839392906132732e-09,1.4070812176843109e-09,4.3151338260344035e-10,4.3872736515862687e-10,1.2352146279815718e-10,1.2558606520384563e-10,38.63169918974561,-2.534364942251374,-12.174811850456159,820.7527459647621,1.8746817081325002,1.8410819612407139
106.0,1081.964234390732,0.20718076253965606,0.19189486690505167,0.20718076253965606,0.19189486690505167,0.05138352329553386,0.04837974251447213,0.015210057625498133,0.014374867150435431,0.004708556609115057,0.004454799637023103,0.0014769598971420051,0.0013978333585345534,0.00046517410933128865,0.00044030301632460255,0.00014669480988909936,0.00013885777341056404,4.628321816077189e-05,4.3811748857489214e-05,1.4603880245610421e-05,1.3824228307661434e-05,4.608005378422966e-06,4.362055687655166e-06,1.4539775177461795e-06,1.3763900148780977e-06,4.5877780757813887e-07,4.3430198810165944e-07,1.4475950131397836e-07,1.3703833960759513e-07,4.567635204666195e-08,4.3240630208514985e-08,1.4412267010629072e-08,1.3643899031744946e-08,4.547142729340983e-09,4.304774163082874e-09,1.433498221546252e-09,1.3571083301051145e-09,4.482747566862524e-10,4.243918597667673e-10,1.2863808074962781e-10,1.2178586144137433e-10,38.49983631672255,-2.553164875610673,-12.44601009329619,820.8191575368152,1.7063032021590538,1.8106509821276122
106.5,1075.42746573441,0.2053894413930091,0.1527538105590395,0.2053894413930091,0.1527538105590395,0.05118548559304855,0.04032881242722473,0.015202454169325422,0.012141814866693358,0.004721085385884877,0.003785478380612024,0.0014855459353913985,0.001192622808895143,0.00046935267449553037,0.0003769630187591246,0.00014847987238417616,0.00011927198577970074,4.6994436140474496e-05,3.7753757141053544e-05,1.4875193797061277e-05,1.1950797631387081e-05,4.708459312480062e-06,3.7829761811675473e-06,1.490373126142293e-06,1.1974856589662749e-06,4.7174922603080857e-07,3.7905919117849587e-07,1.493232199016111e-07,1.1998962789102244e-07,4.7265378559720974e-08,3.7982192094088477e-08,1.4960819661957095e-08,1.2022998627217762e-08,4.735133066457152e-09,3.805485831386417e-09,1.497459685576194e-09,1.2035204751250382e-09,4.697066386543347e-10,3.7752427444830923e-10,1.3513705970357127e-10,1.086199056412892e-10,38.347276539144914,-2.565212901474551,-12.82223443879924,820.8818503276266,1.4180021716620903,1.7928971061442227
107.0,1069.184959096457,0.20591757326158,0.10473709799955724,0.20591757326158,0.10473709799955724,0.05143141256247913,0.02930138974300517,0.0153163999980792,0.008971020094028583,0.004770132360497755,0.0028167564128385005,0.001505425401978111,0.0008912473538667909,0.00047706117583507434,0.00028267948325731414,0.0001513738957108894,8.97279019403284e-05,4.805521751915673e-05,2.8490461217093922e-05,1.5257019866785032e-05,9.046309596020874e-06,4.84394134966809e-06,2.872390049463403e-06,1.5378997984755817e-06,9.120431377407906e-07,4.882668057643342e-07,2.89592521814105e-07,1.550194968013081e-07,9.19515951910228e-08,4.921699323881141e-08,2.919650218970302e-08,1.5625725141280383e-08,9.270405394220993e-09,4.960540765794479e-09,2.9432715985083163e-09,1.5734683080248913e-09,9.336882664579932e-10,4.949906941514216e-10,2.9375294300560187e-10,1.4276375650080283e-10,8.473020034693913e-11,38.18784521497025,-2.5707094985869756,-13.278411308686,820.9332210653793,1.0299071798458266,1.7909856767500536
107.5,1063.7691103852703,0.20892256627497494,0.05416329607061102,0.20892256627497494,0.05416329607061102,0.05214098658723299,0.016134946834519773,0.015554196374857623,0.005035003600829828,0.004855423811245647,0.001593021680806694,0.0015362042085073516,0.0005061843764363988,0.00048807643094908544,0.00016105896029309662,0.00015527445174937364,5.1272070732101525e-05,4.9422867770905204e-05,1.6323873388485323e-05,1.5732528719956218e-05,5.197153900550605e-06,5.0080554013931205e-06,1.6546568341765197e-06,1.5941886602159168e-06,5.268054956595854e-07,5.074699175678088e-07,1.6772301184672837e-07,1.6154028734078278e-07,5.3399226879310474e-08,5.1422243599119027e-08,1.7001095501984062e-08,1.6368822693841194e-08,5.412714143289723e-09,5.21010994633888e-09,1.7231228977556272e-09,1.6569567378255117e-09,5.480900545584551e-10,5.225784527371845e-10,1.728866594365057e-10,1.5104426849378447e-10,4.997730432602955e-11,38.0359876372526,-2.5700837155260476,-13.783977509508926,820.9662735022064,0.5689905470093735,1.8062136509433346
108.0,1059.6614354329524,0.21432512993787453,0.005966209260017943,0.21432512993787453,0.005966209260017943,0.0532803592379542,0.0018931734598662676,0.01590268062938587,0.000602879634611997,0.0049718752832671334,0.00019220517352600374,0.0015759523558681126,6.130213269722246e-05,0.0005016794396190935,1.9554004919362036e-05,0.00015991806526101916,6.23728884400385e-06,5.100215121653758e-05,1.98955519770318e-06,1.626768433289255e-05,6.34623469209531e-07,5.188752772432135e-06,2.0243064786363258e-07,1.6550084666796821e-06,6.457083473656203e-08,5.27882734000145e-07,2.059664731481717e-08,1.6837385482034063e-07,6.56986770411824e-09,5.37045972393436e-08,2.0956383021425726e-09,1.712949071135404e-08,6.684550486212881e-10,5.4631093923793645e-09,2.1320163548366015e-10,1.7408690013855206e-09,6.794218368315158e-11,5.501009478317686e-10,2.1470288951816914e-11,1.592582994394985e-10,6.2160749823486465e-12,37.90611652607529,-2.5639684678587153,-14.304985504682667,820.9747374970361,0.067183383967984,1.8380616296670298
108.5,1057.2622178008314,0.22184486087203562,-0.04132271063801497,0.22184486087203562,-0.04132271063801497,0.0547710842099651,-0.012542788446316549,0.01633583710702791,-0.003944099592717138,0.005110393192609467,-0.0012535622498612924,0.0016214554546575238,-0.00039976227973663036,0.0005167355040778395,-0.00012762043596617023,0.00016490607888900455,-4.075924124242069e-05,5.2653746560811515e-05,-1.3018262498914176e-05,1.681403879917674e-05,-4.157956657812145e-06,5.369264661485937e-06,-1.3280269596247237e-06,1.7145793059088395e-06,-4.241640182287163e-07,5.475204435042772e-07,-1.3547549722215998e-07,1.748409113172368e-07,-4.32700744512775e-08,5.5832283338090125e-08,-1.3820193894685444e-08,1.782887149012197e-08,-4.414045045026379e-09,5.6927806004191105e-09,-1.4096829797459777e-09,1.8161570915344073e-09,-4.4981519498360647e-10,5.745360437097393e-10,-1.423243336750606e-10,1.664903589753941e-10,-4.1249576527133997e-11,37.81189044436462,-2.5531673033408104,-14.806438591280797,820.9532228069398,-0.4408316666117625,1.88454508986521
109.0,1056.8652600458743,0.23106023133792214,-0.09258780795829234,0.23106023133792214,-0.09258780795829234,0.056506813669168064,-0.026428169913948238,0.016819970535959725,-0.008168937781338904,0.005259559716543507,-0.002582949651325364,0.0016687749528657755,-0.0008224336510503133,0.0005318824722970988,-0.0002624481151032352,0.00016976832189439806,-8.381100181935573e-05,5.421588300617024e-05,-2.677209469329814e-05,1.7316109967242792e-05,-8.551920853990127e-06,5.530624011593242e-06,-2.731775422255405e-06,1.7664361098370987e-06,-8.726223123140183e-07,5.64185251784906e-07,-2.787453487150065e-07,1.8019614027051428e-07,-8.904076959868002e-08,5.755311617435489e-08,-2.8442632135708218e-08,1.8381812660860242e-08,-9.085457307353813e-09,5.8704297367097514e-09,-2.901922623435366e-09,1.8731796661410258e-09,-9.260886913438461e-10,5.926815802810742e-10,-2.930556250277536e-10,1.7177472633822848e-10,-8.494440946233152e-11,37.765407895099685,-2.5386119605676924,-15.254679985406598,820.8974677422225,-0.919999009930591,1.942765491128485
109.5,1058.639324985568,0.24148459267318112,-0.1435740176226472,0.24148459267318112,-0.1435740176226472,0.058373745406115944,-0.038597401348912444,0.017320122914212262,-0.011740100115911605,0.005407772029346942,-0.0036920290166554204,0.0017139769555148956,-0.0011728455202858702,0.0005457810896300243,-0.00037375846165429153,0.00017404938887337357,-0.00011922757812581995,5.553411225227373e-05,-3.804896752083732e-05,1.772165920958564e-05,-1.2142945068207946e-05,5.6552124876834994e-06,-3.875298714232295e-06,1.8046520288682555e-06,-1.2367625831471943e-06,5.758879833900063e-07,-3.9470032780930163e-07,1.837733444235355e-07,-1.259646245003619e-07,5.864441122480999e-08,-4.020030188423876e-08,1.871401205567506e-08,-1.2829395442384601e-08,5.97130847043336e-09,-4.093976751668226e-09,1.9037148049931675e-09,-1.3053114813843907e-09,6.018360242170383e-10,-4.126917172574182e-10,1.7430380154378613e-10,-1.1953197876001362e-10,37.77634259542609,-2.5213116517318617,-15.619660095849262,820.8046964410258,-1.3372836030691209,2.009522930740939
110.0,1062.6174331420423,0.2526442764518239,-0.18804944311707428,0.2526442764518239,-0.18804944311707428,0.0602697045220165,-0.04802517835135074,0.017806025165470505,-0.014408556256115057,0.0055452487061718875,-0.004506971974615001,0.0017538251306662628,-0.001427417432221619,0.0005573558619338064,-0.0004538383158726503,0.00017739241700806308,-0.00014447184092631244,5.6490405127678125e-05,-4.6011926078139674e-05,1.799177812153972e-05,-1.4655207396140839e-05,5.730248866560688e-06,-4.667813806490745e-06,1.825042072988762e-06,-1.4867401819236442e-06,5.812624576187564e-07,-4.7353995696065664e-07,1.8512779466718579e-07,-1.50826669913449e-07,5.896178184250437e-08,-4.8039587739093986e-08,1.8778712166257648e-08,-1.53008879105664e-08,5.980312571040417e-09,-4.8730049931934045e-09,1.9028989678692885e-09,-1.5506390940840583e-09,6.00449898729923e-10,-4.893201999958325e-10,1.7362661672555236e-10,-1.4149811937033138e-10,37.85109200381972,-2.502297058012812,-15.876924641350975,820.6740426083769,-1.6639243307639544,2.081846232049231
110.5,1068.6946889139354,0.2641404226315272,-0.21909486014993917,0.2641404226315272,-0.21909486014993917,0.06211715272384849,-0.05397364222857705,0.01825606359226946,-0.01602603498310114,0.005665370293000634,-0.0049877476106454975,0.0017862462061846742,-0.0015740219540910305,0.0005659573033247755,-0.0004988685772687823,0.0001795954495012345,-0.00015832505974346453,5.702262797811528e-05,-5.027273868082186e-05,1.810758451161707e-05,-1.5964686260273816e-05,5.750079020383622e-06,-5.069769701501954e-06,1.825942531664743e-06,-1.609963664740868e-06,5.798296141442091e-07,-5.112624698599436e-07,1.8412537444012477e-07,-1.623572606929735e-07,5.846911571140767e-08,-5.155836644441323e-08,1.8566743751638344e-08,-1.6372798474161317e-08,5.895337132533878e-09,-5.1988868124875e-09,1.870343220143205e-09,-1.649443721010059e-09,5.884931624868385e-10,-5.190051616727688e-10,1.697583043663475e-10,-1.4971772871077969e-10,37.9920487587599,-2.4825638563267525,-16.009198812621204,820.5069492290042,-1.8773995602014535,2.157324523998989
111.0,1076.6347721334848,0.2756772798341502,-0.2312261201919457,0.2756772798341502,-0.2312261201919457,0.06386734843266391,-0.05604522835627577,0.018658443451068814,-0.016535143040556335,0.005765066422194737,-0.005123127037582439,0.0018104623456650511,-0.001610250385042656,0.0005714065520213532,-0.0005083641647567388,0.00018062608323745887,-0.00016071602814987705,5.712920584234218e-05,-5.0835396282785555e-05,1.8071658167128888e-05,-1.608125585337015e-05,5.716600188447357e-06,-5.087140235171586e-06,1.8083297827539514e-06,-1.6092645988867096e-06,5.720282106089124e-07,-5.090743342134654e-07,1.8094943189839852e-07,-1.6104042591288968e-07,5.72396075203344e-08,-5.0943439766512995e-08,1.8106418084472737e-08,-1.6115288815221892e-08,5.727079143022135e-09,-5.0974462635971114e-09,1.8100108808211883e-09,-1.6110703784743685e-09,5.673954748171027e-10,-5.05047980775461e-10,1.6315770917513967e-10,-1.4523315903395785e-10,38.19712042647377,-2.4630215634175805,-16.007482129633647,820.3074283327834,-1.9629717987255506,2.234180085762561
111.5,1086.0846871885767,0.28704858836388863,-0.22233933498111955,0.28704858836388863,-0.22233933498111955,0.06549568991090098,-0.054167955771006984,0.019009661272489948,-0.01594720629574463,0.0058442895428631675,-0.004922308330653366,0.0018268029862059604,-0.0015405099019032663,0.0005739263463136845,-0.00048418246293166825,0.00018059575080986787,-0.00015238092630979623,5.68594673633295e-05,-4.79808434718453e-05,1.7904409598481116e-05,-1.510933630315557e-05,5.637898100668684e-06,-4.757983123877337e-06,1.775310980941747e-06,-1.4983056127352063e-06,5.590255443619332e-07,-4.718217012060947e-07,1.760308693481182e-07,-1.4857829991606592e-07,5.543010221104311e-08,-4.678778892871268e-08,1.7454167746474032e-08,-1.4733511879374595e-08,5.495643385608388e-09,-4.639230509317361e-09,1.728996636809787e-09,-1.4596265279506417e-09,5.3961499449611e-10,-4.5556590496458955e-10,1.5459031363469835e-10,-1.3051670767474273e-10,38.4596096817265,-2.4444532082884414,-15.871606970349234,820.0820714472494,-1.9147023794788876,2.3110925579280472
112.0,1096.596843036529,0.29808769071233815,-0.19440986687226414,0.29808769071233815,-0.19440986687226414,0.06699092849778703,-0.048563179366499024,0.01931119193901383,-0.014326298846373218,0.0059048891939211395,-0.004409005579958806,0.0018363073181116266,-0.0013738577064000528,0.0005739982623842079,-0.00042973225043506613,0.000179708074513314,-0.0001345762618876225,5.629492042312766e-05,-4.2163645546052346e-05,1.7637295069576517e-05,-1.3210961096689691e-05,5.525794778859612e-06,-4.139335933335474e-06,1.7312409749695736e-06,-1.2969610483630447e-06,5.424007609392824e-07,-4.0637145097500917e-07,1.6993507484955933e-07,-1.2732668005903363e-07,5.3240907166527095e-08,-3.989471100988907e-08,1.668033044351792e-08,-1.2499942431689141e-08,5.2255385313457e-09,-3.916227266392576e-09,1.6357737094131706e-09,-1.226008226703116e-09,5.080333289133497e-10,-3.8079808398695663e-10,1.449406846677222e-10,-1.0864764852645993e-10,38.768525180791904,-2.427489816261927,-15.610245312878565,819.8397401335312,-1.7358615252274496,2.3868521507959883
112.5,1107.6570768096728,0.3086001881190545,-0.1526538874804141,0.3086001881190545,-0.1526538874804141,0.06834250919935354,-0.039721474452172056,0.019565689621533287,-0.011786231181367955,0.005949325629436891,-0.0036199921537959255,0.0018402713595012065,-0.001123229567966321,0.0005722010802053937,-0.0003496119485200487,0.00017820097673707777,-0.00010892407664107485,5.552853707731682e-05,-3.3949708296907464e-05,1.7305424394182426e-05,-1.0581696078051025e-05,5.3932217413770595e-06,-3.2981812655887037e-06,1.6807932628789432e-06,-1.0280015201652593e-06,5.238178786680451e-07,-3.2041511147681523e-07,1.6324741294302165e-07,-9.98693434103553e-08,5.08758878786651e-08,-3.112799172268586e-08,1.5855306337137837e-08,-9.702126867099277e-09,4.940896653734381e-09,-3.023787439661899e-09,1.5385527253896207e-09,-9.416961701274566e-10,4.75401111210452e-10,-2.910114353226184e-10,1.3504240092967255e-10,-8.267301509416018e-11,39.10933074274609,-2.412601251796006,-15.240371917503968,819.5909282714638,-1.438702354015413,2.459966344946405
113.0,1118.7168602551935,0.3183047455162358,-0.103650309033421,0.3183047455162358,-0.103650309033421,0.06953035972005531,-0.028375628942671257,0.019773920775530068,-0.00849498673957093,0.005979619175664908,-0.0026063851338131647,0.001839875117468444,-0.0008055580361489551,0.0005690774980772576,-0.00024953401227859187,0.0001762991332797885,-7.735317449047765e-05,5.464788788375248e-05,-2.3984935606793648e-05,1.694161778349456e-05,-7.437020391710886e-06,5.252141010545991e-06,-2.3060004499496686e-06,1.6282379605025112e-06,-7.150226560393448e-07,5.047767823073496e-07,-2.217074135822816e-07,1.564879275518825e-07,-6.874491844368789e-08,4.851343517419063e-08,-2.1315754338267278e-08,1.5039739436166504e-08,-6.609337069990277e-09,4.6621723223483424e-09,-2.0492020481044322e-09,1.4441795802101532e-09,-6.348866587971326e-10,4.439746467569137e-10,-1.9521338922181352e-10,1.2557013758235486e-10,-5.522079659159044e-11,39.46507023574398,-2.4001022027758165,-14.786211306074604,819.3468582491396,-1.043614881771608,2.528357756827567
113.5,1129.227665428907,0.3268059306761562,-0.05341194142227493,0.3268059306761562,-0.05341194142227493,0.0705202008886924,-0.015441620943618678,0.019933208645895324,-0.004674555793658907,0.0059967731932028786,-0.0014340410341091392,0.0018359670329425786,-0.0004417007998122722,0.0005650548509260563,-0.00013621639167344014,0.0001741853726585181,-4.2027487672405594e-05,5.372501504555685e-05,-1.2967747960723368e-05,1.6572879771127453e-05,-4.001250050614361e-06,5.112336285677288e-06,-1.2346015679445024e-06,1.5770332406909963e-06,-3.8094120886376016e-07,4.864769625446914e-07,-1.1754091969281054e-07,1.5006647625827326e-07,-3.626771448440289e-08,4.6291880967560736e-08,-1.1190539595336488e-08,1.4279835174194628e-08,-3.4528609081952174e-09,4.404660128904406e-09,-1.065314708175628e-09,1.3576725928081145e-09,-3.2845038742228473e-10,4.153750493650269e-10,-1.0051280842269767e-10,1.1699978511998312e-10,-2.8317630658939634e-11,39.81774320131378,-2.3901696417690528,-14.277715962899833,819.1184340262882,-0.5777217995694998,2.58926658219187
114.0,1138.6753303888293,0.3336139731136506,-0.006279970442194795,0.3336139731136506,-0.006279970442194795,0.0712655131494477,-0.0019183645237411022,0.020037595083188052,-0.0005882344517674042,0.006000718229918903,-0.00018058254420631764,0.0018290170562929404,-5.5459663508658754e-05,0.0005604223041783661,-1.703417607575706e-05,0.00017199140198073383,-5.231967455664687e-06,5.281300952898226e-05,-1.6069743165305514e-06,1.6219217581067565e-05,-4.935746401129848e-07,4.9810268577712935e-06,-1.5159914058812199e-07,1.5297056364425388e-06,-4.656296647473182e-08,4.6978251426499265e-07,-1.430159713655024e-08,1.442732470071829e-07,-4.392668364628684e-09,4.43072213068292e-08,-1.349186671027292e-09,1.3606942986617057e-08,-4.143935694813592e-10,4.178480896575988e-09,-1.2726991421482522e-10,1.282263430372623e-09,-3.906063198235925e-11,3.906161456875914e-10,-1.1900506583244769e-11,1.0962186733424229e-10,-3.340087918734357e-12,40.149765784002156,-2.3828665134686027,-13.748648457348297,818.9152093198876,-0.07301632034587269,2.6394161525655306
114.5,1146.6122656343816,0.3382128503947254,0.039217742227654964,0.3382128503947254,0.039217742227654964,0.07171538055146805,0.0114411937139009,0.02007943524514162,0.003452551304529539,0.005990676891592544,0.0010521739446313423,0.0018192022284688125,0.0003216065040480157,0.0005553513450186773,9.839101648592774e-05,0.00016980300253969643,3.0112720391564296e-05,5.194749035209089e-05,9.21604402393838e-06,1.589413289037775e-05,2.8205843360398204e-06,4.863054184234764e-06,8.632441398345461e-07,1.4879261520234926e-06,2.6419718608548834e-07,4.552538667083312e-07,8.0857951458068e-08,1.392919078116117e-07,2.4746697988244344e-08,4.261847379437466e-08,7.573760095484808e-09,1.3039691879164793e-08,2.3179456839776527e-09,3.989416476204656e-09,7.093613376162873e-10,1.2197155365379656e-09,2.1693940727171208e-10,3.7022387025888733e-10,6.58662404568765e-11,1.0357916131262988e-10,1.84319852773342e-11,40.44534220168305,-2.3781659907944337,-13.234370993849307,818.7445293259032,0.43582932119129103,2.6754295345969785
115.0,1152.6854777109143,0.34016342792199217,0.08757147304211903,0.34016342792199217,0.08757147304211903,0.07182605817255369,0.024052089269143487,0.020051858733007886,0.007125416944012357,0.005965777618571128,0.0021553364766721543,0.0018065693566552638,0.0006559869790802484,0.0005499410372287417,0.00020002458110599108,0.0001676733362742451,6.1029887502884065e-05,5.1150764914499094e-05,1.862413011653021e-05,1.5606001622498186e-05,5.683415729382719e-06,4.761361576187084e-06,1.734374392408105e-06,1.4526824097699664e-06,5.292687837999981e-07,4.4321065309676017e-07,1.6151382621293668e-07,1.3522272468881754e-07,4.9288217244763614e-08,4.1256173171479935e-08,1.5040985107861924e-08,1.2587100612814126e-08,4.5899393661797104e-09,3.840038942604376e-09,1.4005890719533159e-09,1.1707315902559948e-09,4.2709644319774564e-10,3.543788437975051e-10,1.2930863112958075e-10,9.891301426600497e-11,3.609863716039952e-11,40.691595736813724,-2.375971447241996,-12.769477884026008,818.610968920791,0.9138381861682964,2.6944168626697658
115.5,1156.6586492220113,0.33921616889501754,0.13487349869606965,0.33921616889501754,0.13487349869606965,0.07157345374828,0.035025212457939124,0.01995146096594177,0.010217400941370138,0.005925742239759996,0.003072849705762154,0.0017912226543294683,0.0009323844984883159,0.0005442717443113809,0.00028366473759324667,0.00016563907486202744,8.637229973581453e-05,5.0436904215986736e-05,2.6307524349376355e-05,1.5359739669530774e-05,8.012821697593518e-06,4.677559148436409e-06,2.440568360164636e-06,1.4244746363394074e-06,7.433553551413819e-07,4.3380060293959305e-07,2.2641331834513942e-07,1.3210691829837043e-07,6.89616184179335e-08,4.0230992211796084e-08,2.1004516612713395e-08,1.2251618761327618e-08,6.397576422620731e-09,3.730781025148411e-09,1.9484613454843827e-09,1.1353263512882795e-09,5.930380260381491e-10,3.4304503658244364e-10,1.7921775852664727e-10,9.560255380427043e-11,4.9952536998851825e-11,40.8793588981333,-2.376129062929346,-12.385432230294974,818.5161281163043,1.328129897217917,2.6946036506401083
116.0,1158.4268879496408,0.3354020724576922,0.17574270396673697,0.3354020724576922,0.17574270396673697,0.07096369375333883,0.043592561319785755,0.019780652753929248,0.01257216431447279,0.005871503314808882,0.0037666282291261397,0.0017734969793328189,0.0011409124212765057,0.0005384559621727914,0.00034671593284723066,0.00016373591795962184,0.0001054690043445706,4.981665253702553e-05,3.20959946394797e-05,1.515840369716618e-05,9.767452385331059e-06,4.612457701226163e-06,2.9724308958117596e-06,1.40349646705653e-06,9.045701046473138e-07,4.27061330967378e-07,2.752787531591373e-07,1.2994786638934207e-07,8.377281960684916e-08,3.954101681775887e-08,2.549372806061199e-08,1.20316193218972e-08,7.758202868620962e-09,3.6607836013515124e-09,2.3608185578424114e-09,1.1131149228221956e-09,7.179263073625819e-10,3.360661293207258e-10,2.1677772389872032e-10,9.359378504209172e-11,6.037809706768785e-11,41.003587125527844,-2.3784322588049895,-12.108380371700596,818.4587727375349,1.6501905704457358,2.675851152731092
116.5,1158.0232184089275,0.3290738757409711,0.20436434790574695,0.3290738757409711,0.20436434790574695,0.07003937020052682,0.049175898183710536,0.019549203139464316,0.014087174836361759,0.0058056398318761795,0.00421315185644824,0.00175408799078879,0.0012756508564171968,0.0005326785673140275,0.0003876590385794975,0.00016201135937464033,0.00011793674503321502,4.9301554655743685e-05,3.589520102984815e-05,1.5004543905928698e-05,1.092540224478196e-05,4.566515993067315e-06,3.3253585655544685e-06,1.3897835506715195e-06,1.0121375247266683e-06,4.2296978981242536e-07,3.0806373038130527e-07,1.2872755211338532e-07,9.376518023880336e-08,3.917720479664931e-08,2.8539239111165704e-08,1.1923203182964236e-08,8.686418394395494e-09,3.628491529062947e-09,2.6437035517134734e-09,1.1035067901545792e-09,8.04082054681028e-10,3.332271860905182e-10,2.428306287938842e-10,9.281792848448222e-11,6.764366424411434e-11,41.06342302479409,-2.382619384458998,-11.957311976605226,818.4352435309546,1.857857559243932,2.6399358010019336
117.0,1155.6164080172814,0.320882333047205,0.21602950737405677,0.320882333047205,0.21602950737405677,0.06887979255004643,0.051405449110073574,0.019274613932494855,0.014701402502838365,0.005732539093469888,0.004398306415915886,0.0017341144966615109,0.001332877532688627,0.0005272197031319734,0.00040547047659704656,0.00016053282357306436,0.00012348982638351247,4.890677840908806e-05,3.7626756771592334e-05,1.4901164059889634e-05,1.1465166161097822e-05,4.540161866013289e-06,3.493525521987985e-06,1.3833194291556961e-06,1.064504464802599e-06,4.214767425501157e-07,3.2436280856756697e-07,1.284176543207314e-07,9.883587167641999e-08,3.912691649992286e-08,3.0116043411058075e-08,1.1921311722004018e-08,9.176535745756453e-09,3.6320006747999394e-09,2.7959734891955018e-09,1.105813114716059e-09,8.513362389058264e-10,3.3428849743078904e-10,2.5737848590689835e-10,9.320063866576269e-11,7.17623334681089e-11,41.06198370987996,-2.388367754617109,-11.942709973738511,818.4400161453203,1.936878092945541,2.590503329755813
117.5,1151.5002645353673,0.3116909408311537,0.2086199680836314,0.3116909408311537,0.2086199680836314,0.06759454598572463,0.05011618630732383,0.018981079421297346,0.014382848197865556,0.005658206565512944,0.004313007836630071,0.0017150885334804506,0.0013096873511633164,0.0005224527652957758,0.00039919538012897385,0.00015938888812901467,0.00012181398365435553,4.86519537837536e-05,3.718778444600114e-05,1.4852091582072966e-05,1.1353249380622302e-05,4.533931470564851e-06,3.4660917131198417e-06,1.3840834778792025e-06,1.058180909789377e-06,4.2252228047610167e-07,3.230574737165601e-07,1.2898432177155155e-07,9.86278671274648e-08,3.937531121095496e-08,3.0110589356133364e-08,1.2020113441704255e-08,9.192557566331573e-09,3.6691561630696305e-09,2.806250929838899e-09,1.1192694949154952e-09,8.561056670113068e-10,3.3898890998449004e-10,2.593043117665245e-10,9.466222778231242e-11,7.241491868372824e-11,41.005962949150785,-2.3952878795453163,-12.065796364383756,818.466286517135,1.8819245504754278,2.5326843691804473
118.0,1146.07507732842,0.30245010800291605,0.1833502057453239,0.30245010800291605,0.1833502057453239,0.06631086441608998,0.045350936655308066,0.01869696637599535,0.01312530647967784,0.005589677092829954,0.00395222826412791,0.0016987735330424559,0.0012037539487741741,0.0005188102807516241,0.0003678953033399606,0.00015868113512703408,0.00011255469390619622,4.8559230848647314e-05,3.44496132219049e-05,1.4861508320886931e-05,1.0544229892439474e-05,4.548351069375223e-06,3.2273449138906354e-06,1.3920186967549478e-06,9.878156391395791e-07,4.2602605028054353e-07,3.02347520175129e-07,1.3038487681405458e-07,9.254157831292547e-08,3.990414844864743e-08,2.8324819743715206e-08,1.2212548330658852e-08,8.669515460781275e-09,3.737378514329187e-09,2.6533529197755734e-09,1.14296924903592e-09,8.115247265722368e-10,3.470210281112744e-10,2.464116103401273e-10,9.71095652173648e-11,6.896042630628196e-11,40.905130994464386,-2.4029214421920675,-12.318432687644917,818.5064807562778,1.6969844924606359,2.4724356360947235
118.5,1139.822368628682,0.2940615758631927,0.14441691395955455,0.2940615758631927,0.14441691395955455,0.0651566670776503,0.03738315699876597,0.018451040163995295,0.010958509154803604,0.005534051980660227,0.003318591475713618,0.0016869287933360697,0.0010145760362167905,0.0005167149505895114,0.0003110735611761673,0.00015850527940695596,9.54607356580347e-05,4.86480250233624e-05,2.9305148138881477e-05,1.4932454380550943e-05,8.996282287790645e-06,4.5834994065426635e-06,2.761736423086649e-06,1.4068997813273814e-06,8.478155557812714e-07,4.318462399506568e-07,2.6026785432192407e-07,1.3255469027893615e-07,7.989868998828385e-08,4.068748132245313e-08,2.4527796598045575e-08,1.2488890948398227e-08,7.52964968767196e-09,3.833176920727202e-09,2.311335053266742e-09,1.1756976785179318e-09,7.090104422998527e-10,3.5797495782656854e-10,2.1590417710103132e-10,1.0041880812301035e-10,6.057137788479537e-11,40.77178481185771,-2.4107453744407414,-12.683682697465457,818.5526366343,1.3950892605485212,2.4157349595315964
119.0,1133.2745413365328,0.2872626431020224,0.09766636348104298,0.2872626431020224,0.09766636348104298,0.06424231920506245,0.02674564975156811,0.01826803592967449,0.007968652631451176,0.005497298004954342,0.0024297977754950914,0.001680971925019328,0.0007460084803539978,0.0005164831420540184,0.00022952347321019697,0.0001589232085162993,7.066566918900456e-05,4.892680569258441e-05,2.176138236971957e-05,1.5064380248432817e-05,6.701383685730869e-06,4.6382662646048185e-06,2.0636806312083273e-06,1.428104812245503e-06,6.355072242381859e-07,4.3970812087596253e-07,1.9570345511900567e-07,1.3538447540011546e-07,6.026656937098913e-08,4.168434560502325e-08,1.855898360820895e-08,1.2834364736049302e-08,5.715170233127669e-09,3.951363897578208e-09,1.7598488993269454e-09,1.2156717594374861e-09,5.415243150163052e-10,3.7125315241959253e-10,1.6540287639123066e-10,1.0440948486915945e-10,4.6523631935337076e-11,40.62016231480777,-2.418182634453115,-13.136993790603551,818.5966603728493,0.9973968833423161,2.36779226239018
119.5,1126.9813305666607,0.2825498858805199,0.048896715049780874,0.2825498858805199,0.048896715049780874,0.0636448650705679,0.01422812445368177,0.018164510623061837,0.0043182519661690896,0.005483064545250378,0.001326735312100123,0.0016816317159779525,0.0004091399126830135,0.0005182216351930834,0.0001263146217524197,0.00015993198152316113,3.901468383493139e-05,4.938370725538592e-05,1.2050977308245324e-05,1.5250277541343658e-05,3.7223434821791753e-06,4.70946751454554e-06,1.1497690721317257e-06,1.4543397124800818e-06,3.5514425915938924e-07,4.491174390458633e-07,1.0969806657876316e-07,1.3869281069224091e-07,3.38838790195153e-08,4.282996420641266e-08,1.0466151146303674e-08,1.3226309260278074e-08,3.232794332349332e-09,4.084136376388654e-09,9.984807591088328e-10,1.2602403503790819e-09,3.0817154349452507e-10,3.859726352449884e-10,9.44044848247175e-11,1.088157582350337e-10,2.6620152474188312e-11,40.46580047552606,-2.4246184851404964,-13.647906318187726,818.6305110646177,0.5316972313417406,2.332433221265062
120.0,1121.4751669775421,0.2801496869814563,0.002624008946109117,0.2801496869814563,0.002624008946109117,0.06339828967362862,0.0008113640375499642,0.01814604199782926,0.0002511363887451236,0.005491846081707044,7.775848966677154e-05,0.00168869342133373,2.407894236536676e-05,0.0005217496513731661,7.456362230276705e-06,0.00016143988649320237,2.3089609529136636e-06,4.997915967161742e-05,7.150002263078476e-07,1.547440427008397e-05,2.2140925466001047e-07,4.791140728872749e-06,6.856229724317126e-08,1.4834192688050058e-06,2.1231220020021183e-08,4.59292022414468e-07,6.57452738833366e-09,1.4220467057296423e-07,2.035889017663167e-09,4.402897194655829e-08,6.304394552022997e-10,1.3632024517809993e-08,1.9522246537254454e-10,4.220386009028651e-09,6.044859010980422e-11,1.3056630196449845e-09,1.8703780602622106e-11,4.008938596599062e-10,5.743680108749237e-12,1.1326560271523564e-10,1.6229764479222954e-12,40.32480093940783,-2.4294197382912204,-14.182159688274954,818.6463918539465,0.03045324402286043,2.311769506820091
120.5,1117.2376282985858,0.28003326989413024,-0.043191492505403564,0.28003326989413024,-0.043191492505403564,0.06349217322654808,-0.012712639202424663,0.018206633134451193,-0.0038833712437177912,0.005520783585744528,-0.0011992885211858722,0.0017009359669946278,-0.00037160796697098005,0.000526579662369195,-0.00011526363432308413,0.00016326076714463442,-3.57668247818146e-05,5.064427138564765e-05,-1.1098900874670184e-05,1.5711843055093332e-05,-3.444130178636025e-06,4.874431113584133e-06,-1.0687574220707698e-06,1.5122400717374456e-06,-3.316490281571138e-07,4.691562908159457e-07,-1.0291491310859797e-07,1.4555070688060742e-07,-3.19358049407295e-08,4.515551621486513e-08,-9.910079523938201e-09,1.4008910966804252e-08,-3.0752007923807034e-09,4.345777637979509e-09,-9.541998033692208e-10,1.3471444350027179e-09,-2.9586138674852557e-10,4.144350836402789e-10,-9.103954494002116e-11,1.1728552565560413e-10,-2.5769301294719495e-11,40.212974335208884,-2.4319539597131232,-14.704035235341651,818.6370243622445,-0.47147402710003256,2.3062010510804534
121.0,1114.6690870932316,0.28196840379606436,-0.09205274521030259,0.28196840379606436,-0.09205274521030259,0.06387911509085967,-0.025591414991191733,0.01833062963954573,-0.007702687131550884,0.005564241008538096,-0.0023702117562470278,0.0017163151318670884,-0.0007341982810053334,0.0005319773128180673,-0.0002278897007251833,0.0001651340049975946,-7.078300107931406e-05,5.128758384601437e-05,-2.19901971167088e-05,1.593080540523189e-05,-6.8317076396287784e-06,4.9483820801821995e-06,-2.1224106824584835e-06,1.5370525580953593e-06,-6.593705908374091e-07,4.774349502724899e-07,-2.048470529473006e-07,1.4829949414508638e-07,-6.363995143552138e-08,4.6064339140880234e-08,-1.977104714638871e-08,1.4308267655801279e-08,-6.142236498328066e-09,4.44404603084064e-09,-1.9080626915749576e-09,1.3792768583551237e-09,-5.922974351229746e-10,4.2482036496584417e-10,-1.8245931525297792e-10,1.203452441072555e-10,-5.169531945175141e-11,40.14486468370031,-2.4316061872361385,-15.178762140631223,818.5960514899011,-0.9392500449671929,2.3147192281052607
121.5,1114.0634619643652,0.28559647783445474,-0.13957755898756394,0.28559647783445474,-0.13957755898756394,0.06448901329456116,-0.03674940159240533,0.018496713280342462,-0.01091180632756943,0.005615051842129126,-0.0033449828312118804,0.0017323678754127437,-0.0010351165444003835,0.0005370948886206523,-0.0003212463334425509,0.00016676902447666897,-9.978701331490186e-05,5.181001038603012e-05,-3.1008134313819864e-05,1.6097669072793166e-05,-9.63557146395463e-06,5.001638633689912e-06,-2.9941897339308723e-06,1.5540379721520273e-06,-9.304245408928115e-07,4.828485586548187e-07,-2.8912323477882384e-07,1.5002382174004782e-07,-8.984311553640654e-08,4.6613232881849757e-08,-2.7918130143135086e-08,1.44828905812808e-08,-8.675307424792804e-09,4.499564625500345e-09,-2.6955823494134117e-09,1.3969041632980478e-09,-8.369528761052442e-10,4.3036845746236384e-10,-2.5788475318312863e-10,1.2194557249774234e-10,-7.307933158706929e-11,40.13269986818426,-2.427792146719322,-15.574816399647396,818.5185625874707,-1.3404708906463234,2.3354133804746016
122.0,1115.5896587396687,0.2905199579199485,-0.1798176808658405,0.2905199579199485,-0.1798176808658405,0.06524636202563315,-0.045249628307820665,0.018682866754092805,-0.013284798963161135,0.005666096442059849,-0.00405715091779533,0.0017467307035236538,-0.0012534121652838669,0.0005411439752220949,-0.000388589933915872,0.0001679031686151237,-0.00012060325255024719,5.212430278654561e-05,-3.744669385223399e-05,1.6183539263302718e-05,-1.1627432596976779e-05,5.024660840905831e-06,-3.6103905279724826e-06,1.5600553214747708e-06,-1.1210488340799735e-06,4.843655459025197e-07,-3.480926705516249e-07,1.5038567168194398e-07,-1.0808494331375445e-07,4.669166836691275e-08,-3.356102638969633e-08,1.4496707457474913e-08,-1.042083018645535e-08,4.500582676327331e-09,-3.235480376004047e-09,1.3962084666576445e-09,-1.0038231622765724e-09,4.298512694534577e-10,-3.090729977959377e-10,1.2172601483238757e-10,-8.75299954216729e-11,40.185360074144725,-2.419968823740189,-15.865962764577873,818.4016788141414,-1.6473852275916991,2.366041650009517
122.5,1119.2808678177305,0.2963815684588693,-0.2064958215737944,0.2963815684588693,-0.2064958215737944,0.06608584188535048,-0.05041545713806096,0.01887088136161678,-0.014681067734781868,0.005711746155182204,-0.00446773779227789,0.0017576172381286663,-0.0013770963163610079,0.0005435550458831442,-0.0004261120723018131,0.0001683552086397386,-0.00013200812226834706,5.217300713193036e-05,-4.0914420876565866e-05,1.6170273807849965e-05,-1.268167655921721e-05,5.011743991416192e-06,-3.930763698953175e-06,1.5533180278324156e-06,-1.2183643996868507e-06,4.814285977064076e-07,-3.776395417505069e-07,1.492118654146901e-07,-1.1705169220722607e-07,4.624604062686014e-08,-3.628086663088059e-08,1.4333189674722515e-08,-1.1245394677835877e-08,4.442024390771235e-09,-3.4853109459622884e-09,1.3756384031918633e-09,-1.0794275933758476e-09,4.227998803323193e-10,-3.3178128853866646e-10,1.1955615594520945e-10,-9.382376647845333e-11,40.30748950914537,-2.4076449468620194,-16.03292080380559,818.2450918074477,-1.8387894181296724,2.404519649544857
123.0,1125.032390223486,0.30291584649171593,-0.21493457354347667,0.30291584649171593,-0.21493457354347667,0.06696203562382042,-0.051881659994507286,0.01904914957457565,-0.015040033548367478,0.0057487562546440565,-0.004562470881729973,0.0017641119500566983,-0.0014022991604420564,0.0005440746125674473,-0.0004327149024339586,0.00016805742406684172,-0.00013368737876917773,5.1939017116325134e-05,-4.132189369883705e-05,1.605394106098243e-05,-1.2773084341472914e-05,4.962146722598892e-06,-3.948310906658182e-06,1.5337604633863356e-06,-1.2204694331172895e-06,4.7407327460597195e-07,-3.772614831925683e-07,1.4653230524614902e-07,-1.1661596304908853e-07,4.5291950058771775e-08,-3.60473436841533e-08,1.3999284285042341e-08,-1.114257858874192e-08,4.326742602140911e-09,-3.4440427644326722e-09,1.3363071670392165e-09,-1.063754155354722e-09,4.09629153700212e-10,-3.2610138938349193e-10,1.1557166637183911e-10,-9.201020425984946e-11,40.49888654126561,-2.390394851104335,-16.06457137802507,818.0514292922225,-1.9014733709561376,2.449208933193512
123.5,1132.608129030551,0.3099591198614949,-0.203703567512979,0.3099591198614949,-0.203703567512979,0.06785101084179175,-0.049592231574872976,0.019213089804819377,-0.014366695205757103,0.005776390087412727,-0.004346469075710565,0.0017662048711719993,-0.0013315277973393164,0.0005427738232244019,-0.00040945219191074845,0.00016705721507619342,-0.00012605410562648413,5.1445616382477746e-05,-3.882441703540711e-05,1.584464797400852e-05,-1.195839374235537e-05,4.879966206383379e-06,-3.683331053357302e-06,1.502972499385035e-06,-1.1345108662368951e-06,4.628979436217716e-07,-3.494431752799207e-07,1.4256714216421213e-07,-1.0763275116974418e-07,4.390898311093598e-08,-3.315217768944916e-08,1.3523358953815366e-08,-1.0211203753397275e-08,4.164731234447604e-09,-3.144944706712224e-09,1.2816974158797397e-09,-9.679325159986822e-10,3.915301824372604e-10,-2.957041076983251e-10,1.1013927897589943e-10,-8.318827737659899e-11,40.75428835940208,-2.3678788990961555,-15.958651894919246,817.8263341460871,-1.8311215429290786,2.4989451547643813
124.0,1141.655338330273,0.3174155071797014,-0.17509137059048208,0.3174155071797014,-0.17509137059048208,0.06874412942459099,-0.043781223162171264,0.019363350861690404,-0.012721712622547898,0.0057958255625593915,-0.0038405982962836822,0.0017645852249513008,-0.0011723506523877542,0.0005399750024564133,-0.00035905701070947603,0.00016549066606626954,-0.00011008037060045267,5.074692690218976e-05,-3.37625155357232e-05,1.556308904055124e-05,-1.035541805012796e-05,4.772894739873834e-06,-3.1761461279753852e-06,1.463753379946693e-06,-9.741667764546844e-07,4.489045042023104e-07,-2.987900635767393e-07,1.3767021531230438e-07,-9.164292958376704e-08,4.222073352922568e-08,-2.8108102624292017e-08,1.2948186103422998e-08,-8.621075960855753e-09,3.970673840188044e-09,-2.644012500359036e-09,1.2168100252921983e-09,-8.103425541540703e-10,3.7017877098742753e-10,-2.4654868479247334e-10,1.0376698797542038e-10,-6.911767740238854e-11,41.063620064161775,-2.3398720600805323,-15.72191376926149,817.5781874704162,-1.6326058045579865,2.5528192180077798
124.5,1151.7267030743785,0.32519030214281175,-0.13419779289612682,0.32519030214281175,-0.13419779289612682,0.06963683214246065,-0.03495272863019194,0.019502630538420537,-0.010220425108481883,0.005809121055163015,-0.0030808081437495097,0.0017602893274961302,-0.0009369409709660267,0.0005361294865949699,-0.0002857055849122949,0.0001635398202358069,-8.719368405024173e-05,4.9912926394852125e-05,-2.6618855822723702e-05,1.523529247500884e-05,-8.126316636651596e-06,4.650381244997665e-06,-2.4808362356290997e-06,1.4194703349056805e-06,-7.573601546697544e-07,4.3327544900785446e-07,-2.3121010282385253e-07,1.3225186951862553e-07,-7.058479204937501e-08,4.036819435844297e-08,-2.1548410347787077e-08,1.2321804632989392e-08,-6.578347658476522e-09,3.760818755066071e-09,-2.0081283649480123e-09,1.1471005907824734e-09,-6.12599828821823e-10,3.473795362592756e-10,-1.8554282574453163e-10,9.699610886833697e-11,-5.1814267227221455e-11,41.412712977536216,-2.306299688908366,-15.36973433122311,817.3174719993262,-1.319645508266795,2.6097945910797984
125.0,1162.3083624914045,0.3331126396470807,-0.08716328631643461,0.3331126396470807,-0.08716328631643461,0.07051648608437622,-0.023847355007774143,0.019632278874574787,-0.0070351675173636555,0.005818118891103414,-0.0021187817717231074,0.0017543301872933762,-0.0006420102845208836,0.0005316904390307112,-0.0001948914695402416,0.00016138875961436066,-5.9198524154867674e-05,4.90142683398104e-05,-1.7984533315732155e-05,1.4887380789262349e-05,-5.463707806841126e-06,4.521828321537243e-06,-1.6598764322268592e-06,1.3734404760587097e-06,-5.042710676400711e-07,4.1716283733756744e-07,-1.5319773421199237e-07,1.267072199228524e-07,-4.65415252328013e-08,3.848547890482929e-08,-1.4139324567356724e-08,1.1689341420195076e-08,-4.295505945984818e-09,3.550236291997298e-09,-1.3048903250059939e-09,1.077564595895222e-09,-3.9614321049349235e-10,3.2476422704481273e-10,-1.1941718061447956e-10,9.03108065606517e-11,-3.321353861518555e-11,41.78442585874021,-2.2672766429023157,-14.9251927100832,817.0558444087884,-0.9138541418536619,2.6682913405895374
125.5,1172.8521163194935,0.34087309263697996,-0.03946673819874908,0.34087309263697996,-0.03946673819874908,0.07135331676192729,-0.011372332372936559,0.019749766870900902,-0.0033905586166518976,0.005823621207372742,-0.0010208384325852025,0.0017474176400975336,-0.0003082570449631068,0.0005270167466112396,-9.31655166455949e-05,0.00015919058128760797,-2.8167632817458005e-05,4.81109729336193e-05,-8.516193191546947e-06,1.454171751959401e-05,-2.574783154287453e-06,4.395287301971384e-06,-7.784591239849984e-07,1.3284916606884056e-06,-2.3535908506346926e-07,4.0154146104573204e-07,-7.115839095072348e-08,1.2136736897630787e-07,-2.151400430616303e-08,3.66837120962867e-08,-6.504533854814827e-09,1.1087722133385922e-08,-1.9665673114828254e-09,3.351092445359574e-09,-5.945336197568988e-10,1.0121781563996922e-09,-1.7962636972891284e-10,3.036126438820762e-10,-5.389555512094587e-11,8.408616287202621e-11,-1.493002995449002e-11,42.160040540754984,-2.2231434280691,-14.417640975315855,816.8050461722148,-0.4432377821978698,2.725879356770148
126.0,1182.8097902753846,0.3479984707848944,0.00503677844584959,0.3479984707848944,0.00503677844584959,0.07209717882076831,0.0015112027278814965,0.019847684059357443,0.0004543048970256228,0.005825027607607516,0.0001366565634590994,0.0017398261456103145,4.1115820905829385e-05,0.0005223256137263232,1.2370856783390342e-05,0.00015705075699740174,3.7221219030379816e-06,4.7246703930672434e-05,1.1199055735329729e-06,1.421497530499644e-05,3.369552438922905e-07,4.276817345977118e-06,1.0138250854837862e-07,1.2867533157750888e-06,3.0503793081838996e-08,3.8714164180674714e-07,9.177928244776972e-09,1.1647814935383583e-07,2.761438988415543e-09,3.504441696618332e-08,8.308565541315699e-10,1.0543651156932998e-08,2.4998529276185726e-10,3.172043318351253e-09,7.521054704546869e-11,9.537194868101425e-10,2.2613949558396665e-11,2.848027689516506e-10,6.7532959820328475e-12,7.857503189963686e-11,1.8632447967061082e-12,42.5207638484453,-2.174491827200649,-13.880831877821171,816.5758170044825,0.05974745759665666,2.779196750102676
126.5,1191.6676015056019,0.353877197942803,0.05025843895885215,0.353877197942803,0.05025843895885215,0.07268103979263993,0.014173928475293873,0.019914388672121,0.004175026903702404,0.005820451854867151,0.0012449677536043278,0.0017314103111248558,0.0003725851853063876,0.0005176922665328592,0.00011162464540780279,0.00015502585426679897,3.3456273655222526e-05,4.644813269628821e-05,1.0027754259909476e-05,1.3917906518962115e-05,3.005590417290152e-06,4.170417853617859e-06,9.008571133776658e-07,1.2496408881158508e-06,2.7001135402446846e-07,3.744474533093008e-07,8.09297390092348e-08,1.1220094605264198e-07,2.4256840706242792e-08,3.3620329769882726e-08,7.27043078808628e-09,1.0074078113999327e-08,2.179134030679455e-09,3.018458830286484e-09,6.531069197674193e-10,9.038672739482157e-10,1.956247057591646e-10,2.6884967817534894e-10,5.820303250702716e-11,7.392193009682263e-11,1.600700801137543e-11,42.84915947423917,-2.1221728965977746,-13.350702045291094,816.3769733163671,0.560439426576291,2.824152063718267
127.0,1198.9783647658487,0.3578361601285194,0.09746066841628638,0.3578361601285194,0.09746066841628638,0.07303022921285138,0.025919917007931788,0.01993597919499069,0.007500103155073676,0.005807203800185563,0.0022197182554991707,0.0017217285140969586,0.0006612407036651845,0.0005130828675461475,0.00019735948315279209,0.00015313272389038218,5.894294322510007e-05,4.5727661234351336e-05,1.760666299172883e-05,1.3656205217667818e-05,5.2592314657618075e-06,4.078317935228477e-06,1.5709686511238032e-06,1.217957471321037e-06,4.692591527932378e-07,3.6373338706345975e-07,1.401709394199407e-07,1.0862610156059336e-07,4.187002303904784e-08,3.2440313121740117e-08,1.2506858386331441e-08,9.687993662378818e-09,3.735865439983732e-09,2.8930760721014174e-09,1.1158643011356115e-09,8.634361373817019e-10,3.3310073419384656e-10,2.5598890653618363e-10,9.877751766695793e-11,7.018915160879002e-11,2.708855437725287e-11,43.13035845394799,-2.0672823445342052,-12.862948585604132,816.2147762731809,1.0243567932570652,2.856395856636204
127.5,1204.389515748476,0.35925588856124596,0.1424185140216951,0.35925588856124596,0.1424185140216951,0.07307521682618574,0.03591564179569495,0.019899005716341126,0.010240139832940264,0.005782464743316689,0.003012747397126643,0.0017102211279285417,0.0008943354442563766,0.0005084034754032476,0.00026618161507993305,0.00015136252812029464,7.928782697979123e-05,4.508763098225001e-05,2.362418698880834e-05,1.3431829284976515e-05,7.038939420226933e-06,4.001408679136019e-06,2.097285641327201e-06,1.1920395261323809e-06,6.248962802843712e-07,3.551144960318538e-07,1.8619083256411105e-07,1.057903685288308e-07,5.547644619754713e-08,3.1515462361913696e-08,1.6529464919712425e-08,9.38856563453421e-09,4.925008292215464e-09,2.7967424379859125e-09,1.467346802630142e-09,8.326328380129795e-10,4.369242888312384e-10,2.4626391333210683e-10,1.2924806392617396e-10,6.738320663340261e-11,3.537004165750988e-11,43.352948426628934,-2.011121663418867,-12.450568949187728,816.0926495385322,1.4195650173403414,2.8719764132065535
128.0,1207.665190800671,0.3576983832347631,0.17981754934006594,0.3576983832347631,0.17981754934006594,0.072765098505,0.04347859095907892,0.019793297743370145,0.012263384886274768,0.005743990942638769,0.0035934049672403236,0.0016963963901360506,0.001064299687052062,0.0005035511260929836,0.0003162169154278937,0.00014969533642571217,9.403998822068286e-05,4.452466743517769e-05,2.7976844618314434e-05,1.324434638674856e-05,8.323095914161761e-06,3.9396748211379755e-06,2.4761164649026588e-06,1.1718991063800121e-06,7.366432888387733e-07,3.4859412881675276e-07,2.191509734060544e-07,1.0369310970340618e-07,6.519729187135099e-08,3.0844629161074955e-08,1.9396149916926978e-08,9.17502493258659e-09,5.770315379729199e-09,2.729058246517693e-09,1.716569576043181e-09,8.11275363630785e-10,5.10355767456946e-10,2.395994337183518e-10,1.5074578089135415e-10,6.547778105028803e-11,4.1200321413717345e-11,43.50950648836786,-1.9551371646803974,-12.141550293717485,816.0112325041416,1.7188641445212807,2.86804257835881
128.5,1208.7009757336346,0.353014860847659,0.2043033427693418,0.353014860847659,0.2043033427693418,0.07207900858575206,0.04811879015792135,0.019614375787992487,0.013488490330305046,0.005690719016817156,0.003944371977134336,0.0016799917756256798,0.0011671579663500727,0.0004984584822743829,0.00034656159838336565,0.00014811291213179085,0.00010300863115962597,4.40334704951705e-05,3.062970778282492e-05,1.3092095032949359e-05,9.107826813040233e-06,3.892560600924299e-06,2.708237044031575e-06,1.1573417385139696e-06,8.053016416163101e-07,3.441025158264369e-07,2.3945862995382533e-07,1.0230905324165539e-07,7.12036714982701e-08,3.041866229311473e-08,2.1172595981777265e-08,9.044076054620462e-09,6.295697851715304e-09,2.688847885172623e-09,1.8719384298285014e-09,7.98948726393438e-10,5.562752865754518e-10,2.358512991147477e-10,1.6423040093763015e-10,6.442817315732163e-11,4.486720278444339e-11,43.59680139538713,-1.9008423403499344,-11.956890720422484,815.968690296074,1.9016558626562816,2.8434363708008603
129.0,1207.5303970497346,0.3454028497085457,0.21192317752652062,0.3454028497085457,0.21192317752652062,0.07103316251666428,0.04954474619931161,0.01936504619435421,0.013871091556917653,0.005623186588647142,0.004056431021480712,0.0016610911507629763,0.0012007785023451828,0.0004931274919918649,0.0003567170658294205,0.00014660862329718402,0.00010608162220345995,4.360979610699117e-05,3.155991044929162e-05,1.2973098357246224e-05,9.389366986964803e-06,3.8592540208969665e-06,2.793424035554898e-06,1.1480558598951598e-06,8.310696396414767e-07,3.415251358721103e-07,2.4725094914162936e-07,1.0159733353827285e-07,7.355945467896987e-08,3.022329262187207e-08,2.1884612669453187e-08,8.990819579781781e-09,6.51084364046139e-09,2.6744510795588946e-09,1.936928206943894e-09,7.950965528644332e-10,5.758899660807049e-10,2.348367767156112e-10,1.701082647736423e-10,6.417989110749988e-11,4.649357196638473e-11,43.615733012621796,-1.8497310082509226,-11.909110655291343,815.961163526041,1.9553677180889424,2.7990348329372257
129.5,1204.3227477676003,0.33539430255563507,0.2013385213415833,0.33539430255563507,0.2013385213415833,0.06968200760450148,0.0476549862538507,0.019055899747426424,0.013392447165191326,0.005543706024451715,0.003924564575148659,0.0016401833723633332,0.0011636456526109052,0.00048764877532057996,0.00034621083260930817,0.00014519374985274677,0.00010311013253898522,4.325247756657589e-05,3.0721179551156684e-05,1.2885703175225544e-05,9.153288944305328e-06,3.838886363856028e-06,2.7271966678502083e-06,1.143674373461601e-06,8.125605677200175e-07,3.4072148641013805e-07,2.4210013223867417e-07,1.0150715084843047e-07,7.213304983980579e-08,3.024082093205053e-08,2.149182942301568e-08,9.00924763906193e-09,6.40339785645923e-09,2.6838677825916208e-09,1.907766508632267e-09,7.990637481717231e-10,5.680512281633618e-10,2.3634565173496426e-10,1.680330273882377e-10,6.467175891937152e-11,4.598296869959259e-11,43.57109129347922,-1.8031891485654736,-12.001372331796182,815.9832371794789,1.876337758867676,2.737752037406476
130.0,1199.372384502869,0.3237756378083549,0.17427581450944718,0.3237756378083549,0.17427581450944718,0.06811293356079123,0.04253958367438887,0.018704547369813845,0.012057408859615495,0.005456242814274815,0.0035473351457094666,0.0016181483667674522,0.001054700151526546,0.00048220278952986644,0.0003145576127413241,0.0001438991001094578,9.390175817411203e-05,4.296419805520441e-05,2.804174480068291e-05,1.2828871555705117e-05,8.374065286941167e-06,3.830629985837425e-06,2.5007348839146555e-06,1.1438048953997975e-06,7.467908053267415e-07,3.415338049460082e-07,2.2301304652332157e-07,1.019800982610965e-07,6.659805761317763e-08,3.045067865106935e-08,1.9888071649139705e-08,9.092357272254413e-09,5.9391152810928794e-09,2.714771269432809e-09,1.7734871426491445e-09,8.10092495466282e-10,5.292718306719906e-10,2.4013640080168324e-10,1.5690995676890667e-10,6.58337795418609e-11,4.3021201392896935e-11,43.471203519651404,-1.7624123425982274,-12.227274636293085,816.0283376740701,1.6700936872394705,2.664187077423114
130.5,1193.0801683533446,0.3114601749252886,0.13501393510788454,0.3114601749252886,0.13501393510788454,0.06643511737404427,0.03449891796893046,0.01833357275674792,0.009903973782727341,0.005365971312987734,0.002930161215245496,0.0015961586109877537,0.0008744221164780287,0.0004770383849049608,0.00026161199283706064,0.00014277048872715067,7.833171939700481e-05,4.2750566374011935e-05,2.3460460165428876e-05,1.2801993264145188e-05,7.026440826574061e-06,3.8336575497012335e-06,2.104428913181931e-06,1.1480188981473967e-06,6.302794199343509e-07,3.437832847954626e-07,1.8876957219313995e-07,1.0294860340117826e-07,5.653674992318605e-08,3.082875431691343e-08,1.69328281570574e-08,9.231863855008438e-09,5.0713788722692964e-09,2.764391401195323e-09,1.5187955669738715e-09,8.272752185001376e-10,4.5458250478997283e-10,2.4591917102233634e-10,1.3515014221950712e-10,6.758204099716098e-11,3.714567327672896e-11,43.32750534712241,-1.7283338006646811,-12.571335209139722,816.0890192161127,1.3509975839350006,2.5839841125222422
131.0,1185.9282157695975,0.2993457637951701,0.08909560386934832,0.2993457637951701,0.08909560386934832,0.06476426276450742,0.024064735656250332,0.017967404263210068,0.007020833209739093,0.005278529208140743,0.0020915845949775755,0.0015754947575983105,0.0006269131292725851,0.0004724266923045012,0.00018824618448733149,0.00014185709561082734,5.655991021906611e-05,4.261712965377477e-05,1.699636996382488e-05,1.2804097362032861e-05,5.10744431583788e-06,3.846925181771553e-06,1.5347975769175014e-06,1.1557888799269516e-06,4.612098450108043e-07,3.472508214973405e-07,1.3859451138836398e-07,1.0432971824741802e-07,4.164793539153246e-08,3.134531168146161e-08,1.2515284526729496e-08,9.417486169771922e-09,3.760848280801229e-09,2.829264454438714e-09,1.1300743547661584e-09,8.494691539154735e-10,3.3936219031810165e-10,2.533254404712924e-10,1.01222028632518e-10,6.980885169160407e-11,2.7898154632186027e-11,43.15403235811684,-1.7015658183068534,-13.01011641539567,816.1571585127867,0.9412700334371045,2.503035643941145
131.5,1178.4495459488467,0.2881910783124622,0.0418425029386097,0.2881910783124622,0.0418425029386097,0.06320604604211533,0.011991790477614526,0.01762860039911365,0.0035633139540979424,0.005199073938388629,0.0010698527177232895,0.0015572973396954296,0.0003222032706528431,0.00046859485460937325,9.712658553834766e-05,0.00014119358039051954,2.928931969026934e-05,4.2564478928173156e-05,8.832434942093417e-06,1.2832487966667514e-05,2.663493308510048e-06,3.868783350949087e-06,8.031982857700595e-07,1.1663743344558596e-06,2.4221104064348305e-07,3.5164261193414376e-07,7.304072857059226e-08,1.0601443947582283e-07,2.2026030641330352e-08,3.1961587560596947e-08,6.642127041962971e-09,9.635836864321252e-09,2.0029766521846806e-09,2.9048654937745985e-09,6.03976506457559e-10,8.75171042359796e-10,1.8200954941250007e-10,2.618665218913613e-10,5.447355260207238e-11,7.2370515158605e-11,1.5057634181031587e-11,42.966799411810086,-1.6823557751001257,-13.513900828677889,816.2241230091896,0.4694537246061131,2.4266933767775583
132.0,1171.1945319587544,0.2785343433964831,-0.002667222703504076,0.2785343433964831,-0.002667222703504076,0.06184167861065159,-0.000805745926874886,0.017334319916560297,-0.0002436633777335363,0.00513133831565687,-7.371020961286301e-05,0.0015423070428387347,-2.2300430736824047e-05,0.0004656538223136724,-6.7468158571143145e-06,0.00014077986355024816,-2.041194842692515e-06,4.258254221484256e-05,-6.175470731850089e-07,1.2881117079721209e-05,-1.8683389729770653e-07,3.896507079862608e-06,-5.652509208570352e-08,1.1786840631439254e-06,-1.710121171868836e-08,3.5654910608089396e-07,-5.173833964912643e-09,1.078552457543222e-07,-1.5653017528368681e-09,3.2625936244066313e-08,-4.735691953820849e-10,9.869210039225554e-09,-1.4327371235854574e-10,2.985222269921983e-09,-4.334354393194083e-11,9.023939565362782e-10,-1.3104104261365083e-11,2.70893917576651e-10,-3.934343423211243e-12,7.507501783331213e-11,-1.0904892022607677e-12,42.78302667177747,-1.6705568875428611,-14.048779652597213,816.2809983085722,-0.031578080519758474,2.359144336818983
132.5,1164.6962636296803,0.2706640485489455,-0.047611642428162355,0.2706640485489455,-0.047611642428162355,0.06071881418283273,-0.013636257391967877,0.017093866573434886,-0.00406945320753484,0.00507694311370459,-0.001228825870568424,0.0015306698646842675,-0.00037236522685082696,0.0004635430433270311,-0.00011295552394903901,0.00014056545179977887,-3.427899560430078e-05,4.264615131199045e-05,-1.0402994668842135e-05,1.2939332089725052e-05,-3.1571023645425465e-06,3.925941961221499e-06,-9.58117893645518e-07,1.191175879146587e-06,-2.907697603036415e-07,3.6141644045569136e-07,-8.82428495611993e-08,1.0965789322863838e-07,-2.6779951707086465e-08,3.327144574429082e-08,-8.127179188048118e-09,1.0094878134053386e-08,-2.4664226981856603e-09,3.062702333752317e-09,-7.484614710628069e-10,9.286008077324499e-10,-2.2698208943470436e-10,2.795785091026792e-10,-6.835365163851115e-11,7.767655005020686e-11,-1.899457384071194e-11,42.62018829806925,-1.6656139102597867,-14.578988766569019,816.3189491186417,-0.5269242856978235,2.3030661767879237
133.0,1159.4369986300649,0.26463857285412545,-0.09471297152598196,0.26463857285412545,-0.09471297152598196,0.05984992084333243,-0.0257193446516537,0.016908036461255622,-0.00757991308498708,0.0050352026920946966,-0.00228431398825016,0.00152188330696714,-0.0006929422731423009,0.00046201650165450287,-0.00021061814210874137,0.0001404461299751755,-6.405862827710045e-05,4.271437741519879e-05,-1.948684136480506e-05,1.2991792779333813e-05,-5.927960004543353e-06,3.951519133221419e-06,-1.803304556040982e-06,1.2018744232543872e-06,-5.485710628757525e-07,3.655561505273648e-07,-1.6687708613511707e-07,1.111857363679413e-07,-5.076454522564383e-08,3.3817681808798905e-08,-1.5442729641658703e-08,1.0285754923935316e-08,-4.697699316924958e-09,3.128256112665834e-09,-1.428960141521723e-09,9.507912022958943e-10,-4.343816589961594e-10,2.8694013896971925e-10,-1.3111259577595247e-10,7.988421529635255e-11,-3.650658678244325e-11,42.49489869969012,-1.6665646012938264,-15.069315738165804,816.329748038681,-0.9821000744289906,2.259606759570388
133.5,1155.8178097635318,0.2603433173384001,-0.1394969686240867,0.2603433173384001,-0.1394969686240867,0.05921837575178738,-0.03605191190263846,0.016770532549194972,-0.010507619421947539,0.0050035354216932055,-0.003160201997877913,0.0015149255165895158,-0.0009591549397648026,0.00046068503692458065,-0.0002919123301594184,0.00014027817263731064,-8.891670572303044e-05,4.2735375908151534e-05,-2.7092983806473167e-05,1.3020136822884256e-05,-8.255251536504546e-06,3.966829805052419e-06,-2.515381045363284e-06,1.2085693807818583e-06,-7.664384026659927e-07,3.6821341298247e-07,-2.3353432806888925e-07,1.1218314221449019e-07,-7.115807281760508e-08,3.417868653071253e-08,-2.1681903097992455e-08,1.0413115204417623e-08,-6.606450058142637e-09,3.1723380414690407e-09,-2.0128544207238326e-09,9.6581118541848e-10,-6.128728719868015e-10,2.9195065560486293e-10,-1.8528137421048196e-10,8.139310273974732e-11,-5.1659202762458386e-11,42.42170126563874,-1.672058586088857,-15.487408486241685,816.3064491875042,-1.3654431537007625,2.2286562482416046
134.0,1154.133335694393,0.25756918116329514,-0.17619526193249715,0.25756918116329514,-0.17619526193249715,0.05879040594936771,-0.04376515326739942,0.016671070940587902,-0.01264419956807493,0.004978393213604302,-0.0037954251326273105,0.0015085473850470097,-0.001151892141967121,0.000459110320509537,-0.00035074817140141916,0.00013990902115331948,-0.00010690857076666965,4.265650199730458e-05,-3.259911105048772e-05,1.3006339315957553e-05,-9.940415488542075e-06,3.965746239731339e-06,-3.031121306628637e-06,1.209190599069032e-06,-9.242768957991274e-07,3.686927528752043e-07,-2.818388608831735e-07,1.1241762842202046e-07,-8.594084740148582e-08,3.427709488040368e-08,-2.62058443766785e-08,1.0451319232112693e-08,-7.990872494890491e-09,3.1864824650991778e-09,-2.43648389159422e-09,9.70878181747303e-10,-7.424130002858343e-10,2.9370658269390705e-10,-2.2460664682310104e-10,8.193613275544033e-11,-6.266260501189936e-11,42.411871326362686,-1.6803957887744674,-15.805839642506559,816.2441255061443,-1.6503103940899007,2.2093130834476766
134.5,1154.5532216395043,0.2560935554796407,-0.19900387483881526,0.2560935554796407,-0.19900387483881526,0.05852925771813969,-0.048229532855098074,0.016599219980927178,-0.013854380379544824,0.004956429046185447,-0.004151448926303005,0.0015016419153872059,-0.0012591042349240768,0.0004569238071389911,-0.0003832592212383663,0.00013921598942533836,-0.00011678796880555163,4.2436994647902444e-05,-3.560328858450786e-05,1.2936890952557719e-05,-1.085413108301909e-05,3.9438030166823225e-06,-3.3090247066236967e-06,1.2022658525287575e-06,-1.0087997299940713e-06,3.665099822405438e-07,-3.075458725301896e-07,1.1173032992443725e-07,-9.375940156851647e-08,3.406090049011201e-08,-2.858377082755146e-08,1.0383378695391573e-08,-8.714083865362243e-09,3.165152336032819e-09,-2.6564234098713998e-09,9.641922706615732e-10,-8.092559101927233e-10,2.916289971646165e-10,-2.44777799157193e-10,8.134336930072429e-11,-6.82778743020232e-11,42.472375021945204,-1.689586464560812,-16.0038136105439,816.1405462979565,-1.8169144738008982,2.200403782984978
135.0,1157.1114162076356,0.25574457839049947,-0.20388439010208498,0.25574457839049947,-0.20388439010208498,0.05840726521624981,-0.04910440435850725,0.01654773221443113,-0.014073833234576488,0.004935516562922399,-0.004211015549858456,0.0014935670119251372,-0.001275548825817132,0.0004539303684185413,-0.0003877927640644436,0.00013813978429517304,-0.0001180275387255396,4.2058871552024245e-05,-3.593809438657203e-05,1.2806351904542653e-05,-1.0943105895970668e-05,3.899359232632154e-06,-3.3321623945371538e-06,1.1873016241818648e-06,-1.0146393833170385e-06,3.6151712541163617e-07,-3.089564528549852e-07,1.10077020872838e-07,-9.407685797421895e-08,3.351693004900472e-08,-2.8646271944869026e-08,1.0205383909836115e-08,-8.722700596772373e-09,3.1071916468836694e-09,-2.6558734969365913e-09,9.454133812912084e-10,-8.081254217881306e-10,2.8561873031594667e-10,-2.4415236047274163e-10,7.958821250226713e-11,-6.803581669710541e-11,42.605129325612495,-1.6974338631782189,-16.06843766318138,815.9966576549006,-1.8536802444558491,2.2009103558983147
135.5,1161.7039969352722,0.2564328013774045,-0.18999329088712588,0.2564328013774045,-0.18999329088712588,0.05841215494394604,-0.0463455678517896,0.016514289303199082,-0.013300579426802012,0.004915277320658497,-0.003975111909084532,0.0014843089016774817,-0.0012018981091529678,0.0004501593158180364,-0.00036466029553060964,0.00013670046232135027,-0.00011075475711616156,4.1531918813865364e-05,-3.365247926388088e-05,1.2618911005899565e-05,-1.022539654199551e-05,3.834085193218473e-06,-3.1070143040124313e-06,1.1649348548160894e-06,-9.4407467137662e-07,3.5394967551489735e-07,-2.8685963243417295e-07,1.0754280923298232e-07,-8.716306803482881e-08,3.267540739914451e-08,-2.6484718132014358e-08,9.927919674457939e-09,-8.0474040837922e-09,3.0162649308785687e-09,-2.4450640838976376e-09,9.157967021475899e-10,-7.4240850278273e-10,2.7609819956652944e-10,-2.2383602078705752e-10,7.679889089470708e-11,-6.226453871504745e-11,42.80668269925753,-1.7016386885966623,-15.995507257397563,815.8167478972271,-1.7580347453739715,2.2101902748491598
136.0,1168.0956611767665,0.25814254344589566,-0.1599677447229256,0.25814254344589566,-0.1599677447229256,0.05854582055699895,-0.0401976592636155,0.016501137419306082,-0.011590351050021014,0.004896949036414982,-0.0034612868993945207,0.0014744318911497141,-0.001044149410710741,0.00044584504271841854,-0.0003159324888691256,0.00013499001125289207,-9.568009279180223e-05,4.089087910535488e-05,-2.898737337410454e-05,1.2387333118442412e-05,-8.782055077216318e-06,3.75257331565834e-06,-2.6606236578630136e-06,1.1367908127811558e-06,-8.060662548385764e-07,3.443752427498575e-07,-2.4420695594867717e-07,1.0432376936775951e-07,-7.398527643412275e-08,3.160344357368272e-08,-2.2414670494700835e-08,9.57377488718248e-09,-6.7907397080705464e-09,2.9000573647791463e-09,-2.05719931679418e-09,8.779160722586084e-10,-6.228143044217603e-10,2.6391684907310833e-10,-1.8724382614511185e-10,7.322972461214396e-11,-5.1958634592059765e-11,43.06838454324794,-1.6999219938953092,-15.78977620098221,815.608229634293,-1.5365805870427107,2.227935099776638
136.5,1175.9344745290257,0.26088634372721936,-0.11893460328905898,0.26088634372721936,-0.11893460328905898,0.05881628612342627,-0.03117980330564256,0.01651282969333524,-0.009058389178861682,0.004882668063096565,-0.0027040582731495725,0.0014648402931718737,-0.0008135775404533176,0.00044134655833109334,-0.00024535813430683116,0.00013314490689609237,-7.404992132966728e-05,4.018605083263717e-05,-2.2354041746032815e-05,1.2129732987655998e-05,-6.748193292028504e-06,3.661231180958216e-06,-2.0371310575782404e-06,1.105103778217208e-06,-6.149650379366185e-07,3.3356384658599503e-07,-1.8564441158016595e-07,1.0068270244729582e-07,-5.604195997670081e-08,3.0389989530541134e-08,-1.6917825691833648e-08,9.1728436063089e-09,-5.107090165080852e-09,2.7685520761043876e-09,-1.5416214388474805e-09,8.350836790277981e-10,-4.6506147581418235e-10,2.50158092546182e-10,-1.3933134164550093e-10,6.920270754395079e-11,-3.854816122679541e-11,43.37704418258055,-1.6901603181469296,-15.46469652402743,815.3810387899813,-1.2046396377038333,2.2538893020111903
137.0,1184.7739501179994,0.2646362680045848,-0.07278851871829384,0.2646362680045848,-0.07278851871829384,0.05922575058656161,-0.020049007620733757,0.016552923350660994,-0.005881414847801932,0.004874439875610599,-0.0017555863262907507,0.001456443992415225,-0.0005267143709065729,0.00043703688894422137,-0.00015826601307621435,0.00013130920008419213,-4.758081750378913e-05,3.947090558795071e-05,-1.4306026788751025e-05,1.1865410307980555e-05,-4.30136372625799e-06,3.566879443719588e-06,-1.293282207373698e-06,1.0722451757137874e-06,-3.888485079825708e-07,3.223292884182561e-07,-1.1691428272817089e-07,9.689590420099713e-08,-3.515237593765295e-08,2.9128013926678435e-08,-1.056918748880932e-08,8.756169635805621e-09,-3.177798494775236e-09,2.6320461851797816e-09,-9.554041433838342e-10,7.906922921933184e-10,-2.8706632996151466e-10,2.3592438975221273e-10,-8.56695945657678e-11,6.504372230456033e-11,-2.3622582185253175e-11,43.71600959835363,-1.6705242084210663,-15.041626800167952,815.1467234086762,-0.7851933885724968,2.2874203876126917
137.5,1194.101071447516,0.2692519654919553,-0.026642004899688432,0.2692519654919553,-0.026642004899688432,0.05975872584863237,-0.007721701957977432,0.016620770669866617,-0.002290116046948859,0.004873154232956558,-0.0006837526579374136,0.0014498432078134506,-0.00020454983650666615,0.0004332003357014727,-6.123228440438192e-05,0.00012960071695925654,-1.833319313160362e-05,3.879091053962743e-05,-5.489032030569633e-06,1.1611142993886547e-05,-1.6434383478951382e-06,3.4755214495189942e-06,-4.920520755522178e-07,1.0403152685277849e-06,-1.473223776687346e-07,3.11393806690405e-07,-4.410891441818629e-08,9.320837827225112e-08,-1.3206386473856085e-08,2.789971365063778e-08,-3.954043545957446e-09,8.351076375498595e-09,-1.1838503440155583e-09,2.4995508121959588e-09,-3.544287263250288e-10,7.476915531971416e-10,-1.06047793555198e-10,2.2216708683816816e-10,-3.1518703645311105e-11,6.10322104404393e-11,-8.660473355030582e-12,44.06653646468982,-1.639609311148554,-14.548527851447433,814.9173544544894,-0.30728781023141644,2.3270762722661775
138.0,1203.368498053458,0.27442624898771695,0.01668553070858044,0.27442624898771695,0.01668553070858044,0.060374059871958735,0.004877703028771708,0.016709419885186195,0.0014457995989248411,0.004877947268401042,0.00043029521374162143,0.0014451256975810333,0.00012821779110726373,0.00042996684372589655,3.822296666999557e-05,0.0001280896435812461,1.1395160246898721e-05,3.817651443301324e-05,3.397163756913048e-06,1.1378887635038215e-05,1.012773962025454e-06,3.3915899797322757e-06,3.0193160282566076e-07,1.0108969308364931e-06,9.001287174421585e-08,3.013078252386939e-07,2.683494200043194e-08,8.980777325005824e-08,8.000123451888582e-09,2.6768082842984485e-08,2.385022818131152e-09,7.978451621296664e-09,7.110274885798303e-10,2.377921443984146e-09,2.1196187491434164e-10,7.083100742197611e-10,6.315036201896543e-11,2.0959954743178371e-10,1.8691006358221532e-11,5.737597647347112e-11,5.1174037721097095e-12,44.409281492856174,-1.5965484710240943,-14.018195121912287,814.7044228667294,0.19598874419413492,2.370274314386898
138.5,1212.02893038349,0.2796655629208898,0.062349985759909646,0.2796655629208898,0.062349985759909646,0.061003309218168766,0.017175656685506205,0.016805203178306673,0.004994081734879088,0.00488606273941819,0.0014739249624382445,0.0014418178740123883,0.00043689498729731813,0.00042729487845198524,0.00012966817426585033,0.00012679262815389603,3.850292689654114e-05,3.764115456126471e-05,1.1433411645723968e-05,1.117511907634058e-05,3.395141938487206e-06,3.317732620846603e-06,1.0081845331678079e-06,9.849872440450359e-07,2.993795461899091e-07,2.924285885369922e-07,8.89005032422904e-08,8.681785187210694e-08,2.6398928452873303e-08,2.5774964322026008e-08,7.839136157576488e-09,7.652180295870465e-09,2.3278135816156544e-09,2.2716976390298372e-09,6.912041876719504e-10,6.740133952229947e-10,2.0512419018190057e-10,1.98686405845471e-10,6.047931573561708e-11,5.420913793407142e-11,1.6503991422427123e-11,44.725748240539694,-1.5410940904110955,-13.48611632358081,814.5178837067854,0.6898110409453997,2.4132368771148456
139.0,1219.569474648746,0.2843162094892759,0.10910178890372485,0.2843162094892759,0.10910178890372485,0.06155606251949074,0.02837414646635274,0.016889039905708808,0.008109709244575842,0.004893193513278914,0.0023759643443987005,0.001438976755301514,0.0007010423099085944,0.0004249966721739213,0.00020727485622438528,0.00012567987360538745,6.132511892920573e-05,3.7183309603218394e-05,1.8147152061410912e-05,1.1001446691507705e-05,5.370052821541006e-06,3.2550042099471354e-06,1.5890905199142888e-06,9.630599231730731e-07,4.7023907656567946e-07,2.8494107922342697e-07,1.391517887857209e-07,8.43056742950977e-08,4.117739406227093e-08,2.494355684240023e-08,1.2185090428157192e-08,7.3800296740493425e-09,3.605759887333797e-09,2.183416523317628e-09,1.0669488237475844e-09,6.456131912767439e-10,3.155349531055422e-10,1.89681298891035e-10,9.271843675835269e-11,5.1603754264242094e-11,2.522781186020033e-11,44.99953921847297,-1.4736624285721716,-12.98808494666092,814.3654698499683,1.1400388460735997,2.451228845398005
139.5,1225.5438483939092,0.28763795811285203,0.15242510884423,0.28763795811285203,0.15242510884423,0.06193103963554637,0.03767437850949221,0.01693903131066033,0.010616976413090916,0.0048941591104896464,0.0030923560199187642,0.0014353739581275404,0.0009091008920268279,0.00042278939085951356,0.00026798328907651073,0.00012468969470585644,7.906070949259074e-05,3.679074678340857e-05,2.3331158536178608e-05,1.0855887832169703e-05,6.885126153497281e-06,3.2032592683012307e-06,2.0318306129090606e-06,9.451893841181762e-07,5.996020327743517e-07,2.7889811396176e-07,1.7694516171002166e-07,8.229478333265588e-08,5.221728342380895e-08,2.428280644716723e-08,1.5409540864158676e-08,7.1651227996256175e-09,4.547401609098396e-09,2.114110075025278e-09,1.341887499924011e-09,6.234369725449071e-10,3.9575802171588786e-10,1.8268427737648284e-10,1.1598072794561718e-10,4.9587456532778365e-11,3.1484559272641844e-11,45.21731845524339,-1.3953352300982835,-12.557735718406947,814.2523339920336,1.5155802976061508,2.4790779836585006
140.0,1229.6004032059498,0.2889149743199788,0.1869514362576062,0.2889149743199788,0.1869514362576062,0.06203054927279217,0.04444926185082799,0.016933689215433964,0.012399857438897294,0.004883726883026802,0.0035969204602274364,0.0014297136246300315,0.0010547990169337107,0.0004203543665527025,0.00031029629350298044,0.00012374498267334947,9.136689029842243e-05,3.644521489430395e-05,2.691253695266847e-05,1.0734243101158184e-05,7.92721129990905e-06,3.1615666225169563e-06,2.334996477988466e-06,9.31179163297077e-07,6.877839313814494e-07,2.742610659093081e-07,2.025899136885471e-07,8.077836473334472e-08,5.967378713733402e-08,2.3791717796648292e-08,1.75771810783897e-08,7.0073654238187685e-09,5.177416217205405e-09,2.0637792135318744e-09,1.524952835084225e-09,6.074843538821909e-10,4.489138742406424e-10,1.7769244650009276e-10,1.3132000894052157e-10,4.815836870937984e-11,3.55928171496713e-11,45.36945040385735,-1.3078183934990462,-12.224188480525214,814.1810053631525,1.7905303585612733,2.4918871334832717
140.5,1231.5042038046065,0.2875818975066877,0.2076343507699152,0.2875818975066877,0.2076343507699152,0.06177536039018275,0.048273528112712925,0.016855131164519754,0.013392172997431766,0.0048574038847102275,0.003876553249530686,0.0014208373663331304,0.0011354069384609505,0.00041739132689766993,0.00033368281137387935,0.00012276785271107314,9.816310846417379e-05,3.6126497137516916e-05,2.8889048853895556e-05,1.0631249649053619e-05,8.50194503321892e-06,3.1285476882768912e-06,2.5020923920628474e-06,9.206641697826588e-07,7.363569525330795e-07,2.709316254875119e-07,2.167072492177846e-07,7.972933659586134e-08,6.377617582250859e-08,2.3462616858447222e-08,1.876909610705141e-08,6.904511975631348e-09,5.523654269783161e-09,2.0317447661725077e-09,1.62550841948258e-09,5.975438780984451e-10,4.780973767454958e-10,1.7463891522122018e-10,1.3973770720222477e-10,4.729661232728737e-11,3.7846438926155793e-11,45.45033797549648,-1.2133614739469207,-12.009987137256145,814.1515855341291,1.9459399800758952,2.485795098250047
141.0,1231.1517762153042,0.2833346380808225,0.21114557298379028,0.2833346380808225,0.21114557298379028,0.06111717056527114,0.04891957867771844,0.01669170884577865,0.013562746025346475,0.004812079990808445,0.003925697856000065,0.0014078884509613186,0.0011499088911613503,0.00041366111534586763,0.00033799127925182793,0.00012169094317168452,9.944537712069472e-05,3.581545901776039e-05,2.9270968872421344e-05,1.0541423410161554e-05,8.615685690340057e-06,3.102615757269922e-06,2.5359611508589658e-06,9.131807117751634e-07,7.464407578269142e-07,2.687728922303057e-07,2.1970912431293685e-07,7.910686733192635e-08,6.466969726146373e-08,2.3283204427610792e-08,1.903502304183512e-08,6.852823638491046e-09,5.602788433256566e-09,2.016860962971264e-09,1.649053047018033e-09,5.932622799912758e-10,4.850978397196055e-10,1.7341494832669262e-10,1.4180531622601057e-10,4.697154969960842e-11,3.841143464761765e-11,45.458520121916386,-1.114644882919701,-11.929499911822857,814.1620720594103,1.971102420863439,2.458623710842793
141.5,1228.5775983519309,0.2761957218938356,0.19687999929665917,0.2761957218938356,0.19687999929665917,0.06004644845217454,0.046344001194582124,0.016439713570658092,0.01290421743291559,0.004746455297652105,0.0037425491203339246,0.0013904232348487828,0.0010978002919534641,0.0004090151841719771,0.0003230749775957302,0.0001204652994537552,9.517058122576763e-05,3.54961774743969e-05,2.8045621189153776e-05,1.0459640974207516e-05,8.264706301669987e-06,3.0821372073697566e-06,2.435509265215749e-06,9.082118385773056e-07,7.177152050651833e-07,2.676223304257392e-07,2.1150201391876058e-07,7.886013643613795e-08,6.232709044791099e-08,2.323766800381886e-08,1.8367034536557907e-08,6.847401264872736e-09,5.41251916659092e-09,2.0176156241136914e-09,1.5949212984398634e-09,5.941742667740603e-10,4.697229389970771e-10,1.7387882477255902e-10,1.374678472032064e-10,4.7143299652407446e-11,3.7273255761197516e-11,45.39659951846577,-1.0146432458934174,-11.98790960281801,814.2086976758113,1.8642780344051726,2.410267956450758
142.0,1223.9519251898816,0.266514754901731,0.16715051824529292,0.266514754901731,0.16715051824529292,0.05859429018332186,0.0406865655785617,0.016103954573729855,0.011431594399495676,0.004661217049211931,0.0033285828334190526,0.0013684649571120962,0.000978947802550414,0.00040341173901377694,0.0002887509363045199,0.00011906514433411084,8.52446813911603e-05,3.5157327465236163e-05,2.5173817423808543e-05,1.0381535723192607e-05,7.434142205045228e-06,3.0655425694555854e-06,2.1953948976569255e-06,9.052178304474935e-07,6.483274899356295e-07,2.672999313138213e-07,1.914591919716009e-07,7.893045036239778e-08,5.654028492335387e-08,2.3307202805998108e-08,1.6697044494425802e-08,6.88230505709241e-09,4.930822917679098e-09,2.0321546477330397e-09,1.4560566410736587e-09,5.997077237494285e-10,4.2973134017869143e-10,1.7585667009488553e-10,1.2602344116871376e-10,4.7763594783584904e-11,3.4231017936252487e-11,45.27105405111938,-0.9164735111368756,-12.180873171265729,814.2862045465765,1.632814604930116,2.342740643609734
142.5,1217.5700851875292,0.2549030553654516,0.1264917822763901,0.2549030553654516,0.1264917822763901,0.05682792869222399,0.03228533394898919,0.015697124275128777,0.00919156539641148,0.004558945133089339,0.0026916863978068825,0.0013424949839453018,0.0007945892463231011,0.00039691751043599403,0.00023511450164562594,0.00011748937554219073,6.962026877843744e-05,3.479282627300291e-05,2.0620096597613215e-05,1.0303723575287414e-05,6.1072499597417554e-06,3.0513968217332014e-06,1.8088422569323388e-06,9.036560904472805e-07,5.357420003728381e-07,2.6761328505246554e-07,1.586757988520249e-07,7.925234907118713e-08,4.699651751354745e-08,2.3470181695940708e-08,1.3919399336727528e-08,6.950545398364384e-09,4.1226212246988214e-09,2.058258578167566e-09,1.2209699174866347e-09,6.091679854724404e-10,3.6140354607701934e-10,1.7913536228193062e-10,1.0628840997127575e-10,4.8772576060112305e-11,2.8941606412477964e-11,45.09195103962345,-0.8232355089723358,-12.49487418886768,814.3880264279028,1.2926558316296106,2.2598600351705103
143.0,1209.8339205053303,0.24212085778705594,0.08034469970987905,0.24212085778705594,0.08034469970987905,0.054840601386582186,0.021691423193527085,0.01523798799999078,0.006278375573177129,0.004443738095166074,0.0018518223025283946,0.0013133757262178904,0.0005491870924920244,0.00038969281324193757,0.00016313198535745414,0.0001157590012106746,4.8483937551265725e-05,3.4401496219477284e-05,1.4411289166479703e-05,1.0223791766630497e-05,4.283588873525999e-06,3.038411975363812e-06,1.2732472039691757e-06,9.02986635681447e-07,3.7845799166899645e-07,2.683588888199951e-07,1.1249225644768062e-07,7.975366180109027e-08,3.343701970594862e-08,2.3702006052531512e-08,9.938762638844571e-09,7.043972291253991e-09,2.9541676384011953e-09,2.0932843123567658e-09,8.780433689901172e-10,6.217130249392618e-10,2.6082412615461593e-10,1.8345217012334697e-10,7.697487123371328e-11,5.009567438355941e-11,2.1022540853365372e-11,44.87254505997616,-0.7378514402594729,-12.908234249232748,814.506409460463,0.867266065928467,2.1666487072255762
143.5,1201.2265372040522,0.22894801237621062,0.03370487825481515,0.22894801237621062,0.03370487825481515,0.05273754504222424,0.009654429978090484,0.014748610995300717,0.002847235754791832,0.004320584602330932,0.0008467350046161755,0.0012822052351203614,0.00025242980144557124,0.0003819583000971851,7.531251994824972e-05,0.00011390970439057661,2.2475265362295794e-05,3.398544171287467e-05,6.7072188455636974e-06,1.013995089260816e-05,2.001613058451993e-06,3.0253720097457357e-06,5.973347415484582e-07,9.026548443542827e-07,1.7826062426401506e-07,2.6931754598128377e-07,5.319772625407783e-08,8.035401157446793e-08,1.5875620210651238e-08,2.3974540925115088e-08,4.737706495491665e-09,7.153046071987558e-09,1.4138508171150967e-09,2.134072317097773e-09,4.2190666006455964e-10,6.363160944936995e-10,1.258272034296758e-10,1.884807388911163e-10,3.72786943854624e-11,5.163860370127922e-11,1.0215211724409504e-11,44.62871433944018,-0.6629099128077003,-13.39269512848396,814.6325463441322,0.38603538665374104,2.0685744850880434
144.0,1192.2819519604282,0.21607030196753846,-0.009965738351649118,0.21607030196753846,-0.009965738351649118,0.05062079166887945,-0.0029552482717984476,0.014251069515546536,-0.000882711813388797,0.004194567286505809,-0.000264229736265384,0.001250120042249432,-7.914731346497049e-05,0.00037394620482932315,-2.3713325975997973e-05,0.00011197987559778775,-7.10474941253156e-06,3.3547132587823976e-05,-2.1286539166165686e-06,1.0050325831328668e-05,-6.37765983511224e-07,3.010959254159666e-06,-1.9108106139226887e-07,9.020479316926804e-07,-5.724979532074025e-08,2.702429358078566e-07,-1.71526106696133e-08,8.09615972836825e-08,-5.139093325597147e-09,2.4255129310025298e-08,-1.5397229691747264e-09,7.266512621153645e-09,-4.6131394144709407e-10,2.1768331354242086e-09,-1.3820610317503942e-10,6.517243289201747e-10,-4.138066414437406e-11,1.9381620633756344e-10,-1.230706160660493e-11,5.328276411096999e-11,-3.3835875948221466e-12,44.378188341232736,-0.6005200629580718,-13.915437626916402,814.7568149264815,-0.11773496253794226,1.9707944692436739
144.5,1183.5515425073254,0.20400448075889116,-0.055177722232903556,0.20400448075889116,-0.055177722232903556,0.04857591756197702,-0.015527075155480187,0.013764319598253649,-0.004582959910248958,0.004070061743654486,-0.0013710072668644607,0.0012180868341100303,-0.00041177004975816124,0.00036584627376713696,-0.00012381803439429908,0.00010999668795364613,-3.7248454129755915e-05,3.3085850464838486e-05,-1.1205989316197632e-05,9.952056639365597e-06,-3.3712592773014885e-06,2.9935283500710236e-06,-1.01422451816277e-06,9.004382014831628e-07,-3.051237797167259e-07,2.7084725979612513e-07,-9.179478393705339e-08,8.146948347466971e-08,-2.761594662434853e-08,2.450559669909021e-08,-8.308099080669154e-09,7.371118865571595e-09,-2.4994313363987154e-09,2.2170600580168974e-09,-7.518940225825677e-10,6.664312137672619e-10,-2.260505813763603e-10,1.9896557406301977e-10,-6.749903597439982e-11,5.4882222818536134e-11,-1.8621333885235938e-11,44.13954391380681,-0.5521819936968162,-14.441371356966227,814.8691949885866,-0.6091332784988204,1.8775547387765135
145.0,1175.5694098374574,0.19307131827853058,-0.10187554997576853,0.19307131827853058,-0.10187554997576853,0.046663661760963336,-0.02723834209848848,0.01330199409496181,-0.007953261285580032,0.003950144496550249,-0.0023778820456618827,0.0011867434209407565,-0.0007158663947263048,0.00035776360196462884,-0.00021595745816457672,0.00010796514110611097,-6.519223796957079e-05,3.259491630929109e-05,-1.9683809124824542e-05,9.840621249731196e-06,-5.943228116173241e-06,2.970948771717238e-06,-1.79446773816101e-06,8.969491230210918e-07,-5.41812361683915e-07,2.707948835894907e-07,-1.635920380008984e-07,8.17547661595051e-08,-4.939413644948696e-08,2.4682292749868044e-08,-1.491380376464055e-08,7.451705101345588e-09,-4.502971403345548e-09,2.249578061504222e-09,-1.3595186749559322e-09,6.786950226256084e-10,-4.102033804846751e-10,2.0335416801752008e-10,-1.2291846814508104e-10,5.6265528048179994e-11,-3.401263434284067e-11,43.93099390116348,-0.5186808172741192,-14.93551686952401,814.9598905394397,-1.054064136104571,1.79185482621895
145.5,1168.8188285857632,0.1834131169593631,-0.14542524304301158,0.1834131169593631,-0.14542524304301158,0.04491824761856278,-0.03712289528401624,0.012871751312120849,-0.010741017370699218,0.003836406023669137,-0.0032100377738501326,0.0011563499629057802,-0.00096835216761484,0.0003497071853838137,-0.00029293221727827093,0.0001058658444386726,-8.868954140669704e-05,3.206146273852366e-05,-2.686089807150107e-05,9.709918127236916e-06,-8.135207756812543e-06,2.9406802429233906e-06,-2.4638642039798868e-06,8.905945629047916e-07,-7.462165683297161e-07,2.697194545993996e-07,-2.260023758708366e-07,8.168540871052147e-08,-6.844805345837892e-08,2.4738678008406323e-08,-2.0730462341947124e-08,7.492144773228768e-09,-6.27848041590887e-09,2.2688745240287866e-09,-1.901405461389549e-09,6.866544228361794e-10,-5.754641817467657e-10,2.0636535816219567e-10,-1.7295467485292628e-10,5.7247660970540825e-11,-4.798066764059479e-11,43.76904783861313,-0.5000123528942673,-15.36530880933519,815.0201223361785,-1.4216264658673106,1.7154188226901168
146.0,1163.7018936295326,0.17504340315126507,-0.18002929564233516,0.17504340315126507,-0.18002929564233516,0.04335247500536783,-0.044348064376815335,0.012476381839344646,-0.0127471743174709,0.0037292574814427964,-0.003808883111993216,0.0011268829002462134,-0.001150822693362729,0.0003416203548559399,-0.0003488656907391475,0.00010366524416403287,-0.00010586240255864807,3.146995011094612e-05,-3.213667888913497e-05,9.553490189518374e-06,-9.755847577836201e-06,2.9002008097582788e-06,-2.9616178536611533e-06,8.804284680639104e-07,-8.990690185126587e-07,2.6727607316559297e-07,-2.729336248738926e-07,8.11383305444653e-08,-8.285544117510154e-08,2.463155538615346e-08,-2.5152711472473817e-08,7.477479471649331e-09,-7.635653425575202e-09,2.269827187124177e-09,-2.317831062874713e-09,6.885730551756471e-10,-7.031322802868391e-10,2.0742058172202154e-10,-2.1180536149571246e-10,5.765439924851642e-11,-5.887297410893559e-11,43.667173502907126,-0.4953483525750697,-15.702673049496532,815.042994620992,-1.6862696352050546,1.6489400527722466
146.5,1160.514270113433,0.16791190659972585,-0.20006783331530706,0.16791190659972585,-0.20006783331530706,0.04196766857003932,-0.04830883523825868,0.012116300921961727,-0.013837857437381728,0.0036286460030057264,-0.004135126719278649,0.0010982511241288814,-0.0012507061273986134,0.00033344802948508914,-0.0003796518936503249,0.0001013369959323368,-0.00011536858976838112,3.0809074792532664e-05,-3.5073179213488946e-05,9.366787715484849e-06,-1.0662880740990363e-05,2.8477554970753604e-06,-3.2417085715646886e-06,8.657942949334396e-07,-9.855380277685049e-07,2.6322476042411803e-07,-2.996213815535685e-07,8.002740550808555e-08,-9.109031348808049e-08,2.4330470773857435e-08,-2.7693086878213662e-08,7.397072415405088e-09,-8.4191476255627e-09,2.248760124717292e-09,-2.559403682899745e-09,6.831935196532033e-10,-7.775473330237476e-10,2.0609737158219893e-10,-2.34554291278922e-10,5.735745222725994e-11,-6.527554249909716e-11,43.63461641363488,-0.5030476140313476,-15.925764669318905,815.024298719321,-1.8295721984775222,1.5925011873688826
147.0,1159.4266334378678,0.16196675972874106,-0.20188081077725206,0.16196675972874106,-0.20188081077725206,0.04076501681288578,-0.04867617307186623,0.01179252727128867,-0.013943684343354688,0.003534920710089206,-0.004168288208777468,0.001070557484209471,-0.0012613184045934536,0.0003252173475694643,-0.00038306115393805,9.888733150433561e-05,-0.00011646279698890865,3.007978158330206e-05,-3.542361810515695e-05,9.14974129194068e-06,-1.0774851806092293e-05,2.7831906117880217e-06,-3.277401848012435e-06,8.465977048697635e-07,-9.96891935207046e-07,2.57520152670211e-07,-3.0322602257518875e-07,7.833310367868959e-08,-9.223268145076907e-08,2.3827540856139202e-08,-2.8054528553674733e-08,7.24787486889727e-09,-8.533332967662755e-09,2.204529641647186e-09,-2.595423377699027e-09,6.700971260627335e-10,-7.88886234095916e-10,2.0224692499499388e-10,-2.380910556606677e-10,5.6309757636719096e-11,-6.628751796968016e-11,43.675533169088666,-0.5207164741111319,-16.020288287555587,814.9631062202677,-1.841519581634205,1.5460321114124036
147.5,1160.4739653923082,0.15719790933084285,-0.18509328329338956,0.15719790933084285,-0.18509328329338956,0.039754319188391625,-0.04541157387552894,0.011509009342779155,-0.013054996740992397,0.0034495026376851327,-0.0039051652128114455,0.0010442974053662254,-0.0011815336241532853,0.00031709749264207656,-0.0003586973790144941,9.637320524634866e-05,-0.00010900728722155692,2.930089822620549e-05,-3.314070068946302e-05,8.908520549787423e-06,-1.0075693638918568e-05,2.7085087212849827e-06,-3.063290763154622e-06,8.234834784297304e-07,-9.31325488082113e-07,2.5036841534677874e-07,-2.831488188319224e-07,7.612094492998108e-08,-8.608510225420227e-08,2.3143475442085858e-08,-2.6172247705464615e-08,7.036400806898182e-09,-7.957041642914142e-09,2.1391756040524735e-09,-2.419001413705678e-09,6.499196498914038e-10,-7.34916557142042e-10,1.9606524364265159e-10,-2.2170114800137548e-10,5.4566813671277095e-11,-6.170018904375526e-11,43.78856248832354,-0.5453183162154489,-15.98035053304815,814.8620294788313,-1.721196616214391,1.5096640702399335
148.0,1163.5533789830063,0.1536512207177724,-0.15276360614811338,0.1536512207177724,-0.15276360614811338,0.038956964300432835,-0.038769899101606116,0.01127334311859692,-0.011221808000217028,0.0033750609209981515,-0.003359852316727467,0.0010204006058889626,-0.0010158228409765167,0.00030940883192994697,-0.000308022791820424,9.39036055332277e-05,-9.348325642742915e-05,2.850933892233497e-05,-2.8381745125478254e-05,8.655497317397247e-06,-8.616767185380945e-06,2.627827815033643e-06,-2.616071576820472e-06,7.97814241025534e-07,-7.942457241227838e-07,2.422181380357247e-07,-2.4113494184534854e-07,7.353794985545283e-08,-7.320915395232417e-08,2.2326269089416647e-08,-2.222646564408025e-08,6.778262802048542e-09,-6.7479684287009795e-09,2.05776041136654e-09,-2.0485653532381787e-09,6.242963062388633e-10,-6.215072206880961e-10,1.880746093911852e-10,-1.8723454538594367e-10,5.2280914234392435e-11,-5.20474664903897e-11,43.966900974957596,-0.5733274660433494,-15.80881376302979,814.727081702737,-1.4768528506679814,1.4838721651322904
148.5,1168.4306086134843,0.1514108671694101,-0.1102695704102657,0.1514108671694101,-0.1102695704102657,0.03840188245981052,-0.029292840003834784,0.01109548835260115,-0.008559466308382996,0.0033150759378407033,-0.002565608039120952,0.0010000800066920985,-0.0007747452289147564,0.0003025705930003639,-0.00023447287797820018,9.162210338824492e-05,-7.101269799146616e-05,2.7753888367515144e-05,-2.1511904239622206e-05,8.407123292667945e-06,-6.5166095234089335e-06,2.5466601696397038e-06,-1.9740790591078716e-06,7.714265381478363e-07,-5.980085374515127e-07,2.3367817540061308e-07,-1.8115495831071923e-07,7.07850774790866e-08,-5.487733945575602e-08,2.1441988379367264e-08,-1.6624004820379916e-08,6.495103435640037e-09,-5.035886503496968e-09,1.967350287016343e-09,-1.525424805793275e-09,5.955256422164723e-10,-4.61773192266926e-10,1.790142402991588e-10,-1.388144021174293e-10,4.9668871278198795e-11,-3.851654204060664e-11,44.19888016925438,-0.6009188461106578,-15.51713321024107,814.5671403826137,-1.125339242257134,1.4693606891123667
149.0,1174.7547577984858,0.15055603802488332,-0.0635337609195846,0.15055603802488332,-0.0635337609195846,0.038115573952012025,-0.017772381586580423,0.010984816459508617,-0.005252320947550614,0.0032729041687345334,-0.001576299484322266,0.0009845286060548403,-0.00047522428555129436,0.000297001671547551,-0.00014346620214496122,8.967402620235536e-05,-4.333268465214731e-05,2.708445558571292e-05,-1.308921774863564e-05,8.18038138204972e-06,-3.953773523455943e-06,2.470739695481289e-06,-1.1942902450377286e-06,7.462432806654739e-07,-3.6075136326989944e-07,2.253896000678878e-07,-1.0896978028542396e-07,6.807494417897377e-08,-3.291578001203948e-08,2.056082364383046e-08,-9.94264697200558e-09,6.2099979673358114e-09,-3.003292448468238e-09,1.8755021543807893e-09,-9.071275537054251e-10,5.660714446905263e-10,-2.738208540823721e-10,1.6967789596830676e-10,-8.20850286834872e-11,4.696399588223994e-11,-2.2721708707791222e-11,44.468971263696666,-0.6241815658393569,-15.124672803117363,814.3930899467949,-0.6909531494741634,1.466720372670576
149.5,1182.0803777391202,0.1511040999761546,-0.017516763686241554,0.1511040999761546,-0.017516763686241554,0.038109253567142815,-0.00516562957808425,0.010946421135626164,-0.0015456005756351425,0.0032506472922676248,-0.0004644484297987389,0.0009745644714887055,-0.00013974495986367628,0.00029300790142003407,-4.206675015283355e-05,8.8170402456644e-05,-1.266397309247272e-05,2.6540478990915643e-05,-3.812422255229153e-06,7.989041735611509e-06,-1.147709596826774e-06,2.4048091923146424e-06,-3.455119161297266e-07,7.238799648354247e-07,-1.0401453861103476e-07,2.1789762079531884e-07,-3.131302770033021e-08,6.559011636560702e-08,-9.426621274133937e-09,1.9743498765803196e-08,-2.8378331482915156e-09,5.943026120946907e-09,-8.543099457166192e-10,1.7888213546350253e-09,-2.571697324988282e-10,5.380950496555804e-10,-7.736718209323635e-11,1.6076363360696008e-10,-2.311689107395785e-11,4.437157048792924e-11,-6.380930368493205e-12,44.75908754045184,-0.6393426056044743,-14.657514495095834,814.2167759029484,-0.20376517298788624,1.4759532469499468
150.0,1189.8954894602596,0.1529547814676339,0.026254037577183236,0.1529547814676339,0.026254037577183236,0.03836702743912526,0.007627420611248277,0.010977865316343564,0.002266774718977761,0.003248191984669806,0.0006781089506414712,0.0009703400367932785,0.00020325443169701374,0.00029069288077742365,6.0962078036912995e-05,8.716034811370712e-05,1.828752635129029e-05,2.6142310859834227e-05,5.48592880718963e-06,7.840955570673908e-06,1.6456799186027368e-06,2.351765480358353e-06,4.936743602496859e-07,7.053733213668571e-07,1.4809342399147359e-07,2.1156510924072168e-07,4.4425361976170685e-08,6.34554672623722e-08,1.3326808551343375e-08,1.9032413036421772e-08,3.997800784854225e-09,5.7084282709777e-09,1.1992618708130905e-09,1.712046951526557e-09,3.5973550044711325e-10,5.131600476107423e-10,1.078426016828188e-10,1.5277948470527386e-10,3.2112249814655785e-11,4.204164024717307e-11,8.837795490543035e-12,45.050022882538144,-0.6429860630439769,-14.146805528136914,814.0499306279454,0.3024633036582171,1.4960020932197908
150.5,1197.653788753645,0.15584928812799606,0.07311139980627222,0.15584928812799606,0.07311139980627222,0.03883865295765237,0.020014476340998955,0.011067363349311967,0.005837137742277447,0.0032627115397228894,0.0017322177897925964,0.000971201568601449,0.0005166587111239284,0.00028991780803982217,0.00015433221622582126,8.661947103541859e-05,4.612522338385369e-05,2.588783815093577e-05,1.3786697614070894e-05,7.737061380501512e-06,4.1208045655082765e-06,2.312364534025754e-06,1.2316967226056294e-06,6.910931003019265e-07,3.6815063462887336e-07,2.0654601163055996e-07,1.1003917352695679e-07,6.173011036040196e-08,3.2890393551378474e-08,1.8449181878022663e-08,9.830840249965798e-09,5.513852073583808e-09,2.9383948080462738e-09,1.647821576002304e-09,8.782268596623459e-10,4.921624604451805e-10,2.623290627527423e-10,1.460224335566298e-10,7.78390875760672e-11,4.006298736213448e-11,2.1357784983237526e-11,45.32286320522782,-0.6322540319978633,-13.626726121956295,813.903224252677,0.7926307470978908,1.5244272651196882
151.0,1204.8090103474178,0.15935587195274548,0.12040096612205319,0.15935587195274548,0.12040096612205319,0.039439102365331345,0.031114219748908878,0.01119391716527215,0.00892209558528165,0.003288753072294458,0.0026288419763217264,0.0009757271227636781,0.0007806167480540555,0.00029031620898856234,0.00023232951614444465,8.645526263478768e-05,6.919664911581376e-05,2.575438966068329e-05,2.0614021269921913e-05,7.672044090519657e-06,6.141018074494298e-06,2.2854457549365325e-06,1.8294394137668134e-06,6.808175546727657e-07,5.449989768688399e-07,2.0281056360110604e-07,1.6235786866345529e-07,6.041577945956706e-08,4.8367203793100276e-08,1.799741031267285e-08,1.440882091690383e-08,5.361269944781328e-09,4.292437002682186e-09,1.5969928210367923e-09,1.2786657757623857e-09,4.754294877217506e-10,3.8067817956027377e-10,1.4060997432361616e-10,1.1259142451509917e-10,3.847261062906892e-11,3.080746142270012e-11,45.560235289657996,-0.6050168925930212,-13.132200440279194,813.7855549468461,1.232748064887424,1.5573432040823534
151.5,1210.8492920489653,0.16288987536093041,0.16322394459064798,0.16288987536093041,0.16322394459064798,0.04005537073907178,0.04012297901051607,0.011329349534324809,0.011347527357182774,0.003318852659571589,0.003324101108567027,0.0009819144403333383,0.000983460452111805,0.0002913516670325929,0.00029180973683051015,8.65249137742773e-05,8.66608546159204e-05,2.5704258655281987e-05,2.5744634683893267e-05,7.63605398950201e-06,7.64804614429021e-06,2.268469256744927e-06,2.2720310674108594e-06,6.739020931158336e-07,6.749599926651585e-07,2.001984504615007e-07,2.0051265899906366e-07,5.947365136762906e-08,5.956697499188386e-08,1.766803785946393e-08,1.769575604563972e-08,5.24868018508782e-09,5.256912752703787e-09,1.5591575637481885e-09,1.5616025654633967e-09,4.6289407688726566e-10,4.636198397086421e-10,1.365364043710814e-10,1.3675042091382706e-10,3.727198850894162e-11,3.7330406353130063e-11,45.747306387338725,-0.5600033111676974,-12.69650781078464,813.7036316568897,1.5923142996563044,1.589667818160292
152.0,1215.3293796079902,0.16577096487552564,0.19598248238336288,0.16577096487552564,0.19598248238336288,0.040559260775596045,0.04643285838407598,0.011441709517222749,0.013004260239728891,0.0033444927329796723,0.003793701559306756,0.0009874554449433126,0.0011194204397007856,0.00029239734107241674,0.0003314096684788255,8.665853647651765e-05,9.821149087157735e-05,2.569154028495275e-05,2.9115809948849328e-05,7.616736550747208e-06,8.631684354091682e-06,2.258123687601482e-06,2.5589525046817794e-06,6.694629062643759e-07,7.58628055758805e-07,1.9847477094182773e-07,2.2490316817183994e-07,5.884154734630504e-08,6.667487830826556e-08,1.7444667566304958e-08,1.9766452232585316e-08,5.1717724968597314e-09,5.859942118552502e-09,1.5331849305866064e-09,1.7371460875866171e-09,4.542597778821381e-10,5.146761161502539e-10,1.3372418525462316e-10,1.5150531225813772e-10,3.644202524962206e-11,4.128666850370239e-11,45.87250499777402,-0.4968832237469737,-12.348971343609428,813.6618350342109,1.846440387899227,1.615663864132239
152.5,1217.8986487205743,0.16731225259270227,0.2137165309952954,0.16731225259270227,0.2137165309952954,0.04082363075381449,0.04965659576303801,0.011499285510849671,0.013836080367044876,0.003357171864377569,0.004027409543569268,0.0009900280844318263,0.001186630828518442,0.00029281636293254794,0.0003508634967237923,8.668146925020103e-05,0.0001038511075922238,2.5668368758931677e-05,3.075117716622903e-05,7.600992004742043e-06,9.105748690829612e-06,2.2508278572112045e-06,2.6963084621206513e-06,6.665216907826528e-07,7.984054435609199e-07,1.9737234095579345e-07,2.3641629281109076e-07,5.844646937936102e-08,7.000536126867497e-08,1.730733127727957e-08,2.0729319007083388e-08,5.125073083370056e-09,6.138141546599723e-09,1.5175697488971268e-09,1.8174707103140186e-09,4.4911069590964143e-10,5.378412761793164e-10,1.3205833246808148e-10,1.5814265776476654e-10,3.595282860672117e-11,4.305274603483535e-11,45.927983406225295,-0.41630013998777715,-12.11290288088188,813.6622864722866,1.9775669480143208,1.6296797961749303
153.0,1218.3231834177836,0.1669260420031027,0.21353508518705286,0.1669260420031027,0.21353508518705286,0.04073901794424927,0.04961494776406645,0.01147446310929256,0.013822562637196308,0.0033493873892679205,0.004022772085692381,0.0009875525254220841,0.0011850436778166847,0.0002920289966672834,0.00035032754918116647,8.643190297110521e-05,0.00010367260683457492,2.5589550891806353e-05,3.06924281698931e-05,7.576196894002835e-06,9.086604972915468e-06,2.2430545817312203e-06,2.6901224455231897e-06,6.640922782207667e-07,7.964205324003117e-07,1.9661516764728113e-07,2.3578319403401798e-07,5.8211071098079676e-08,6.980446933451852e-08,1.7234313966508792e-08,2.0665858480415775e-08,5.102470918791737e-09,6.118173639164202e-09,1.510586965334391e-09,1.8112100369043921e-09,4.4695865309829614e-10,5.358859183725112e-10,1.314010136925651e-10,1.5753822813487122e-10,3.5768120378403526e-11,4.288131910712116e-11,45.909873237046625,-0.3198519420341849,-12.003966302611097,813.7050250583167,1.9766572238528246,1.626945620017991
153.5,1216.5005235399997,0.16422246373564928,0.1954913165455847,0.16422246373564928,0.1954913165455847,0.04022766555928099,0.04631758441593609,0.011346835634498705,0.012967016082090466,0.0033154013095056485,0.003781011316241398,0.0009783837620849823,0.0011151019513589234,0.00028956095023734103,0.0003299577452093507,8.577286622294092e-05,9.772956216863365e-05,2.5415495825901725e-05,2.8957559498831306e-05,7.530906410440677e-06,8.580212334588164e-06,2.2314949804291236e-06,2.5423428279247904e-06,6.61217863543873e-07,7.533038580736378e-07,1.959265270053185e-07,2.2320620734903412e-07,5.8055302028638286e-08,6.613667108193726e-08,1.720245261089873e-08,1.959648717974063e-08,5.0972621517227965e-09,5.806470745064113e-09,1.510296031549329e-09,1.7203815453731653e-09,4.4724194609769745e-10,5.094395813480587e-10,1.3159044305673804e-10,1.498864223493145e-10,3.584459035521762e-11,4.0827326833065405e-11,45.81838988108715,-0.21002176351499435,-12.029088484777686,813.788194684282,1.8437899963302793,1.6042607274088225
154.0,1212.4661546248824,0.15907511041072359,0.162550351170269,0.15907511041072359,0.162550351170269,0.039252640157446415,0.039958990662282944,0.011105205830940748,0.011295218299762589,0.0032517305657531886,0.003306571968266053,0.0009614338991851424,0.000977578237070054,0.00028507354399424424,0.00028985363713478803,8.459948014943826e-05,8.601704701326137e-05,2.5113892767637725e-05,2.5534619228892842e-05,7.455218505410458e-06,7.580087922318417e-06,2.213128943170395e-06,2.250189532497037e-06,6.569813769209966e-07,6.67980765422246e-07,1.9502909199322017e-07,1.9829365271491063e-07,5.789562200752649e-08,5.8864526332068863e-08,1.7186675581217706e-08,1.7474241134023792e-08,5.101949009646976e-09,5.187296535779121e-09,1.5144627321186305e-09,1.5397920111275946e-09,4.4929728016825947e-10,4.568102100154201e-10,1.3243160037765135e-10,1.3464560188507652e-10,3.61292996953755e-11,3.673321993956011e-11,45.65782182668927,-0.09006246923996719,-12.186002943591914,813.908176130109,1.5881232550567956,1.560431260765982
154.5,1206.3913323898353,0.15163496264776424,0.11967369015815679,0.15163496264776424,0.11967369015815679,0.03782070038771098,0.030930299897429046,0.01074831994975322,0.008865023558414238,0.0031573488344962923,0.0026103347305586316,0.0009362279016709835,0.0007745812357073492,0.0002783788041109871,0.00023036897129892736,8.284290686408051e-05,6.85635519491577e-05,2.466069527545133e-05,2.0410711110593468e-05,7.341001354260007e-06,6.076072726783308e-06,2.1852709456625352e-06,1.8087885121678122e-06,6.505119498796673e-07,5.384589731203443e-07,1.9364454391213836e-07,1.60294065806972e-07,5.7644149451365866e-08,4.77180025385735e-08,1.7159515855717434e-08,1.420518489707575e-08,5.108023160918193e-09,4.228726131573827e-09,1.5204721417084212e-09,1.258780488204332e-09,4.5232745424869e-10,3.744891804473558e-10,1.3368467680193936e-10,1.1068337745918073e-10,3.655595371223542e-11,3.026709015193616e-11,45.43640606145477,0.03616017994620324,-12.463459714006333,814.0596506470708,1.227242673685744,1.4963697521286632
155.0,1198.572378467619,0.14228889419329188,0.07239875882962342,0.14228889419329188,0.07239875882962342,0.03597866746345303,0.019827844264842832,0.010284321761242827,0.005781621694860571,0.0030336058685509126,0.001715143137879923,0.0009028970933124027,0.0005113625562031265,0.0002694415101081911,0.00015268720604572463,8.04718308523991e-05,4.5614589254723135e-05,2.4040734569932723e-05,1.3628358618218104e-05,7.182102265324437e-06,4.07177093253274e-06,2.1456329798602985e-06,1.2165308378173847e-06,6.41001856045893e-07,3.6346525953892166e-07,1.914975123504467e-07,1.0859321469973128e-07,5.7209344318907524e-08,3.244460241032911e-08,1.7091123978408548e-08,9.69353190882227e-09,5.105899208865187e-09,2.8961402569960686e-09,1.5252850042637704e-09,8.652353808922183e-10,4.553795567627643e-10,2.58340560213895e-10,1.3505569465431773e-10,7.662438280464521e-11,3.704155980707793e-11,2.101713018319437e-11,45.16605513890336,0.16435919191706705,-12.842080349071214,814.2356359618061,0.7859466346237245,1.414845532049241
155.5,1189.4121199447852,0.13157588986943627,0.025546722623921447,0.13157588986943627,0.025546722623921447,0.03380413621716206,0.00742993855923219,0.009729035024282202,0.002209113120343555,0.002883879012200986,0.0006610536961330832,0.0008621115905756201,0.00019819068194697862,0.0002583679857241742,5.945706865126935e-05,7.749133677900229e-05,1.7840027798683838e-05,2.3247923735325376e-05,5.352880642774279e-06,6.9745339346122044e-06,1.6061259264357199e-06,2.092407225465052e-06,4.819163107742971e-07,6.277362814465796e-07,1.4459845690945247e-07,1.8832511811503694e-07,4.338660720113901e-08,5.649880333405955e-08,1.3018103033406568e-08,1.6950013961253604e-08,3.906065563462869e-09,5.085091113184006e-09,1.172004343256364e-09,1.5254705945990504e-09,3.5163760478442393e-10,4.5734784799700465e-10,1.0543841294467549e-10,1.3619521533724408e-10,3.1403163163284e-11,3.748561990639383e-11,8.644239791512352e-12,44.86188001900933,0.29004489395862776,-13.29578353390447,814.4275753210072,0.2945511321016489,1.3199512938948137
156.0,1179.3946388848844,0.1200856474737903,-0.01836756333253113,0.1200856474737903,-0.01836756333253113,0.03139237565532963,-0.005417777969213543,0.00910333063170022,-0.0016225556408943007,0.002712993330874032,-0.00048812946905186486,0.0008149545197417122,-0.00014704716431166378,0.0002453807151443802,-4.4318961066346295e-05,7.393853123474694e-05,-1.335844444059088e-05,2.228478510945095e-05,-4.026449031712343e-06,6.7165473682583254e-06,-1.2136362042208227e-06,2.024341196393274e-06,-3.65809383046875e-07,6.10128545661472e-07,-1.1026080485184367e-07,1.8389036463378008e-07,-3.3234371788794946e-08,5.542383658044083e-08,-1.0017371296413135e-08,1.670451974215441e-08,-3.019394539223936e-09,5.034648820460376e-09,-9.100887355291545e-10,1.5173295673225095e-09,-2.742983239828903e-10,4.57005503527287e-10,-8.262153297126443e-11,1.367055452751183e-10,-2.4716430537795195e-11,3.777138529009829e-11,-6.829461569824692e-12,44.541455940879885,0.40876078639399704,-13.793660161944286,814.6255718957252,-0.21317572681030808,1.2164103542830729
156.5,1169.0549183752182,0.10836623435795179,-0.06484864123922901,0.10836623435795179,-0.06484864123922901,0.028842066785714215,-0.018158794308905123,0.008430026926116444,-0.0053780495046204455,0.0025264944136109318,-0.0016180320684908835,0.0007627524939155388,-0.0004890667698990355,0.00023078057058657705,-0.00014803200948099434,6.987483188929764e-05,-4.4829335257712895e-05,2.1161137102703237e-05,-1.3577020652901028e-05,6.408512355210844e-06,-4.111938951358333e-06,1.9407761693874405e-06,-1.2453425807720898e-06,5.877514046870291e-07,-3.7716468108511147e-07,1.7799667869987553e-07,-1.1422816358497837e-07,5.390513054732365e-08,-3.4595160728836896e-08,1.6324808376673054e-08,-1.0477491022663119e-08,4.943832634942478e-09,-3.173196145182866e-09,1.497111271962094e-09,-9.609729964540754e-10,4.530726544833444e-10,-2.9083644890695016e-10,1.3616101195037665e-10,-8.740915297983988e-11,3.777130453382708e-11,-2.4248561315519576e-11,44.223809134558294,0.5163253585292262,-14.302142945776914,814.818839337042,-0.702317629959436,1.10887732570016
157.0,1158.9452923046767,0.09686066503803492,-0.11239430259985764,0.09686066503803492,-0.11239430259985764,0.02624288494675168,-0.02991117685910715,0.007730956534626139,-0.008771702406058953,0.002329920153653466,-0.0026400958304591098,0.0007068962729291813,-0.0008006780279147595,0.00021490426328945692,-0.00024338198979209034,6.53765333144123e-05,-7.403484612815217e-05,1.9892249297470185e-05,-2.2526318571524152e-05,6.052654707240186e-06,-6.854002607158845e-06,1.841653422841754e-06,-2.085442927137036e-06,5.603635912861712e-07,-6.345302810368381e-07,1.7050295624728433e-07,-1.9306626446117288e-07,5.187927468996025e-08,-5.874358054084475e-08,1.5785402242742372e-08,-1.7873689499913203e-08,4.803026435303865e-09,-5.4383302064538135e-09,1.4613289943881454e-09,-1.6545909269522553e-09,4.4432127130900545e-10,-5.03073943421923e-10,1.3414216107833854e-10,-1.5187710791876325e-10,3.735709319475422e-11,-4.229547584364565e-11,43.92815397672361,0.609066925083265,-14.787299807187944,814.9963892222021,-1.139202440912049,1.0013770592474172
157.5,1149.6008069121485,0.08588102220606571,-0.1561087198504612,0.08588102220606571,-0.1561087198504612,0.023667610967057263,-0.03971569318939845,0.007024900942590115,-0.011556160414424763,0.0021282598810506664,-0.003480980074465403,0.000648702373019009,-0.001059135462424151,0.00019809056969205587,-0.0003232307465223821,6.0527214118537366e-05,-9.873526603884991e-05,1.8497388500492545e-05,-3.0171572599573916e-05,5.65288500927147e-06,-9.219846588784376e-06,1.7275470492616348e-06,-2.817406047677504e-06,5.279461374134928e-07,-8.609445674260366e-07,1.6134271014095843e-07,-2.6308793706165525e-07,4.930705413577277e-08,-8.039455931066602e-08,1.5068448104220688e-08,-2.4567001071700506e-08,4.60495570284605e-09,-7.507149996589785e-09,1.4071980782207713e-09,-2.2938811009779995e-09,4.2972842674090705e-10,-7.004480288001429e-10,1.3028757107321838e-10,-2.1234983270024548e-10,3.6415475072456873e-11,-5.934808188852092e-11,43.67246990637324,0.6840375248375543,-15.217084201566395,815.1479110682141,-1.493721760392311,0.8969859915430107
158.0,1141.5056705210789,0.07561782566951938,-0.18997356118008943,0.07561782566951938,-0.18997356118008943,0.021170352017370938,-0.04674920010362947,0.006326938577021583,-0.013535088158555976,0.0019257694045810582,-0.004082188821575587,0.0005893662069545668,-0.0012457862153674327,0.00018067020346340174,-0.000381534401586673,5.5416273629426266e-05,-0.00011697485470914352,1.6999969262129628e-05,-3.587871672296562e-05,5.215055722510154e-06,-1.1005110011738079e-05,1.5998150212556507e-06,-3.3756069732177223e-06,4.907729155449696e-07,-1.0354028649228605e-06,1.5055368914821996e-07,-3.17590020332536e-07,4.6185132414568135e-08,-9.741465763916052e-08,1.4168136603438058e-08,-2.9880063858560606e-08,4.346309517417754e-09,-9.165076816017184e-09,1.3332162704548575e-09,-2.8110124189817173e-09,4.086800128206505e-10,-8.615737735272043e-10,1.2436349601401205e-10,-2.621502745803064e-10,3.486934035197215e-11,-7.349487851062753e-11,43.47205857932046,0.7391919431925964,-15.563396283785188,815.2647389284951,-1.7414153031014246,0.7977964000732976
158.5,1135.0628994996878,0.06617455047849387,-0.2083057684008448,0.06617455047849387,-0.2083057684008448,0.01879074451246393,-0.05041326531145782,0.005649347339685747,-0.014573018952592661,0.001726207310802852,-0.00440264849872265,0.0005300304276825664,-0.0013470811445570443,0.00016298714718549284,-0.00041374708446191485,5.0146026508265984e-05,-0.00012722811683433193,1.5430025748363334e-05,-3.914054381633763e-05,4.747847659492556e-06,-1.204180102668925e-05,1.4609215672156923e-06,-3.704725530958711e-06,4.4952828681169606e-07,-1.1397789435316695e-06,1.383206902361046e-07,-3.50659184352091e-07,4.2561531305141e-08,-1.0788219704167446e-07,1.3096253938028831e-08,-3.319052269274568e-08,4.029713961142319e-09,-1.0211174457506887e-08,1.2398602939954138e-09,-3.141295045063328e-09,3.812141527202673e-10,-9.656945112426453e-10,1.1634752914146949e-10,-2.946893368183541e-10,3.270393548375223e-11,-8.282340811923485e-11,43.3382497383047,0.7735192928857804,-15.803839390542695,815.3407581153618,-1.8651702340928686,0.7051323091415185
159.0,1130.5690676544548,0.05761317659113065,-0.2076123556721738,0.05761317659113065,-0.2076123556721738,0.016562161325180222,-0.05038019315335305,0.005003649707163106,-0.014594474591281352,0.0015333926910246695,-0.00441831961806025,0.00047194255436016323,-0.0013547102897118986,0.0001454443416577496,-0.00041696749480735207,4.484529078078733e-05,-0.00012848946854718548,1.3828363789291264e-05,-3.961223354810528e-05,4.264074148231829e-06,-1.2212734951121127e-05,1.3148575361534589e-06,-3.765273543557013e-06,4.0544565585755927e-07,-1.1608607661722367e-06,1.250220457076743e-07,-3.5790167585886095e-07,3.855143292424696e-08,-1.1034363976462555e-07,1.1887600047647911e-08,-3.4019710617317383e-08,3.6656000855150243e-09,-1.0488446430839377e-08,1.1302302267936334e-09,-3.2334242343707725e-09,3.4824336745633607e-10,-9.961129386468273e-10,1.0650401057934128e-10,-3.0459555951906565e-10,2.998973584447916e-11,-8.575746981288494e-11,43.27742050516373,0.7871173665513505,-15.923088123422321,815.3730982409811,-1.856412522250981,0.6199229635343377
159.5,1128.1957455957252,0.04999616827065451,-0.18789943057199254,0.04999616827065451,-0.18789943057199254,0.014520582568964708,-0.04661219480915183,0.0044028985280689745,-0.013581401017338016,0.0013518233889262623,-0.004121565587003394,0.00041662417483019566,-0.0012656340781998215,0.0001285501741432851,-0.00039003739209574734,3.968221643463345e-05,-0.0001203315934287472,1.2250125658498782e-05,-3.7139918396444436e-05,3.7816833869796387e-06,-1.1463516937903552e-05,1.1674271462296457e-06,-3.5383012739730714e-06,3.6039139228727147e-07,-1.0921234701763238e-06,1.1125486955675979e-07,-3.370921735152527e-07,3.43450081121871e-08,-1.0404604432689746e-07,1.0602491931031794e-08,-3.21145774091767e-08,3.2730261624385016e-09,-9.912336907093318e-09,1.0103263902527856e-09,-3.0592897973637746e-09,3.116492564059544e-10,-9.435341331640073e-10,9.5416730518208e-11,-2.888354513828701e-10,2.6892810493873462e-11,-8.139660631951362e-11,43.290456758891956,0.7812039072030939,-15.913810711763203,815.3624873944758,-1.7157060288173034,0.543101761077306
160.0,1127.9787962575103,0.04341299832842477,-0.15271491288333824,0.04341299832842477,-0.15271491288333824,0.012710471172030327,-0.03937436446226379,0.003863106551768585,-0.01157739384323831,0.0011870201617752386,-0.003522778407821275,0.00036594881578848315,-0.001082727295539263,0.00011293395857812558,-0.00033379232281359743,3.4866478024505675e-05,-0.00010300048998678937,1.0764685633678802e-05,-3.179598972564601e-05,3.323491885559922e-06,-9.81540033960011e-06,1.0260957624533434e-06,-3.0300073894108968e-06,3.167970765275473e-07,-9.353612137575048e-07,9.780801247848564e-08,-2.8874536686780544e-07,3.0197269627857354e-08,-8.913549198988438e-08,9.323106675907133e-09,-2.751604696723302e-08,2.8783978836847033e-09,-8.494124369225971e-09,8.886109451738953e-10,-2.6219347297338237e-09,2.741350115074274e-10,-8.087557555450215e-10,8.394021144186804e-11,-2.4760939977874144e-10,2.366039475624159e-11,-6.978651326458349e-11,43.37272420461584,0.7580635180240044,-15.777107206848292,815.3132002529652,-1.4527200711265005,0.4758956689667545
160.5,1129.816199121308,0.03798463452666696,-0.1078699786514822,0.03798463452666696,-0.1078699786514822,0.011184937270259798,-0.02923848639686035,0.0034029538233588457,-0.008698522592689916,0.0010453299043918648,-0.002654208341397894,0.00032204718991489425,-0.0008159964446966548,9.930590150624066e-05,-0.00025144074522742856,3.063342567860617e-05,-7.7535880635118e-05,9.449658068379972e-06,-2.3915690445845646e-05,2.91498699971123e-06,-7.376717009214732e-06,8.992017644009138e-07,-2.2753243923857668e-06,2.773816187589136e-07,-7.018164151969999e-07,8.556540374092697e-08,-2.164729915629259e-07,2.639481996825751e-08,-6.677038657601719e-08,8.14214704920966e-09,-2.059509500263019e-08,2.511634270558622e-09,-6.3524452897059135e-09,7.747198944561769e-10,-1.959245829906618e-09,2.387956820810604e-10,-6.038520486195841e-10,7.305855237728511e-11,-1.8472939888474734e-10,2.0578558404310257e-11,-5.202914102884611e-11,43.51454343890111,0.7209335163107372,-15.522439297752594,815.2326063582316,-1.085571554634171,0.4199036550473375
161.0,1133.4745398027535,0.03384589006576222,-0.059522897954145046,0.03384589006576222,-0.059522897954145046,0.009999392222714279,-0.017049142651741678,0.003041508105964626,-0.005140652780976205,0.000933117346809444,-0.0015729541523458604,0.0002870235591483697,-0.0004834318467440285,8.83596030785017e-05,-0.00014877893592485857,2.721001477142174e-05,-4.581035478504467e-05,8.379223967358686e-06,-1.410659691453262e-05,2.580351200981478e-06,-4.343910398452713e-06,7.94609661418612e-07,-1.3376406557813304e-06,2.4469712243401714e-07,-4.1190594629587655e-07,7.535357835992004e-08,-1.2684012473013125e-07,2.320485586114371e-08,-3.905847072090895e-08,7.1458453024007456e-09,-1.202744974516224e-08,2.2005215060164033e-09,-3.703643178385616e-09,6.775928952022622e-10,-1.1403967083203892e-09,2.0850116585701748e-10,-3.508966706550967e-10,6.368406313232856e-11,-1.0717305765024555e-10,1.7912607531074157e-11,-3.0143936838342384e-11,43.70209285220958,0.6738360346933662,-15.16704307822058,815.130396312818,-0.639588990151734,0.37692358663594644
161.5,1138.6037571821907,0.031111227819383813,-0.01264517505834545,0.031111227819383813,-0.01264517505834545,0.009200081922095388,-0.0038291555961292986,0.0027944305846577524,-0.0011711370645814125,0.0008555183082702459,-0.00035927682851474635,0.0002625472273610259,-0.0001103198018040036,8.063374681196244e-05,-3.38876615380566e-05,2.4771180608038694e-05,-1.0409669160589664e-05,7.60985831588694e-06,-3.1976597709919678e-06,2.3377950571967806e-06,-9.822625342923252e-07,7.181849519670508e-07,-3.017330658344471e-07,2.2063081343057932e-07,-9.268687323031784e-08,6.777913608204622e-08,-2.8471710257491166e-08,2.082216424671759e-08,-8.745987563659508e-09,6.396692206677211e-09,-2.6866055195779406e-09,1.9650896705043674e-09,-8.252704316433316e-10,6.03644231673659e-10,-2.534897717181767e-10,1.8530202607383845e-10,-7.780815792419414e-11,5.646635336462471e-11,-2.3708348451287603e-11,1.5850875079024054e-11,-6.654818368309077e-12,43.91860958895381,0.6213666802663823,-14.734838554460163,815.0176167585612,-0.14558106069333007,0.3485588351611711
162.0,1144.7592214073004,0.029832947825556465,0.03230817344259309,0.029832947825556465,0.03230817344259309,0.008810559753163248,0.009512890043706403,0.002669712364821855,0.0028800180142995683,0.0008151096458791327,0.0008790870194060256,0.00024943865363466803,0.0002689945454999483,7.63889735157126e-05,8.237477120358662e-05,2.3399584718652112e-05,2.5233064849043087e-05,7.167795819266103e-06,7.729400062319847e-06,2.19564994524041e-06,2.3676721666648093e-06,6.72574777994975e-07,7.252660547214485e-07,2.0602411273563298e-07,2.2216371733244813e-07,6.310961429296768e-08,6.805325677484555e-08,1.9331830429286663e-08,2.0846093038047205e-08,5.921751601891307e-09,6.385577615466356e-09,1.8139478888130982e-09,1.9560192099844503e-09,5.556121595604292e-10,5.991262692786922e-10,1.7006852026416572e-10,1.833871333709298e-10,5.167965273513686e-11,5.572663834439168e-11,1.4472582950216011e-11,1.5605869870207137e-11,44.14573198906568,0.5684519419844094,-14.254881270222244,814.9056679728748,0.36227765311551474,0.335699518916873
162.5,1151.4297554692314,0.029961422829836732,0.08064622003876584,0.029961422829836732,0.08064622003876584,0.00881980171195049,0.022343314081235223,0.002664180005058664,0.006637078308709067,0.0008108951315322808,0.002010036061209759,0.0002473777616580329,0.0006122389253243606,7.55222676136347e-05,0.00018680609222521404,2.3062066568916704e-05,5.703196488043469e-05,7.042411877135086e-06,1.7414462195487513e-05,2.1505256217968798e-06,5.317430220031431e-06,6.567012168642429e-07,1.6236541688130815e-06,2.0053538716516713e-07,4.957757319578371e-07,6.12370439825891e-08,1.5138296065553236e-07,1.869981861609431e-08,4.622412543103291e-08,5.71031853922991e-09,1.411432705374595e-08,1.7437361130243279e-09,4.309720832567596e-09,5.324442973022915e-10,1.3158643009126103e-09,1.6247176540749012e-10,4.0149809671715483e-10,4.9222146221933e-11,1.2162856064910085e-10,1.3748783127432021e-11,3.397138031229458e-11,44.36483075677516,0.5200884112416008,-13.759439536383368,814.8054065714617,0.8488056998443545,0.33801300120158967
163.0,1158.0698395960799,0.031316092628334055,0.128998739719831,0.031316092628334055,0.128998739719831,0.009175221736449735,0.033700953536434236,0.0027617801404504093,0.009840815687569188,0.0008379029773991364,0.002959067414083597,0.0002548182561974584,0.000897404461515353,7.755230602299226e-05,0.00027285696207508125,2.360875157282111e-05,8.302897821610139e-05,7.187060958119629e-06,2.527275640624748e-05,2.187910913255206e-06,7.692642136257045e-06,6.660516993259479e-07,2.341523104373668e-06,2.0276185072567243e-07,7.127239704061315e-07,6.172549063268124e-08,2.1694232046101564e-07,1.8790694564358916e-08,6.603393468064692e-08,5.720327427999412e-09,2.0099712367234485e-08,1.7413918392274007e-09,6.118008473953517e-09,5.300853072279418e-10,1.8621042168736248e-09,1.6125393598957443e-10,5.663871644388284e-10,4.870667273078487e-11,1.7105578431575877e-10,1.3569886244630992e-11,4.7651815680189874e-11,44.5582072259032,0.4810770398648492,-13.281818859931615,814.72645451693,1.2802599358933406,0.35358468272639193
163.5,1164.1339748848065,0.03357439177019291,0.17205568513592281,0.03357439177019291,0.17205568513592281,0.00978261389812249,0.04274262816586393,0.0029341332779487775,0.012307727651243069,0.0008874976895958504,0.0036789007836888245,0.0002691238538944931,0.0011115173893193368,8.167338926450549e-05,0.00033690212522179797,2.479324923150046e-05,0.00010221387988349147,7.526382987079912e-06,3.102329641072278e-05,2.2847526089984856e-06,9.416034862046861e-06,6.935727949640482e-07,2.8579075333924358e-06,2.105449928733146e-07,8.674177173811648e-07,6.391426268206066e-08,2.6327426061418173e-07,1.9402184432399083e-08,7.990767504283495e-08,5.889836695555403e-09,2.4253162012714396e-08,1.7879423288349357e-09,7.3611534671601495e-09,5.427226542187657e-10,2.234074236500719e-09,1.6463498985638739e-10,6.775936810229013e-10,4.959196645992435e-11,2.040741163873695e-10,1.3784179222305027e-11,5.671486836522879e-11,44.710085784895064,0.45576542038090806,-12.854085393167624,814.6767562292315,1.6266954778418141,0.3788219323751414
164.0,1169.1110469188493,0.03628398740617296,0.20387686742820144,0.03628398740617296,0.20387686742820144,0.010513458713193015,0.0488513326047462,0.00314324552827831,0.013928928137143094,0.0009483097316723727,0.004145334248996776,0.00028687906234444474,0.0012487862479763153,8.685813045668227e-05,0.00037756010590955834,2.630628286762999e-05,0.00011427615238980722,7.967250902932423e-06,3.460271932797055e-05,2.4130010032934676e-06,1.0477939613151977e-05,7.308134151282035e-07,3.1727916378155186e-06,2.2133776444508687e-07,9.607429655824517e-07,6.703544949324321e-08,2.909195268339882e-07,2.0302686691918354e-08,8.80924142477926e-08,6.148968754195439e-09,2.6674969980173506e-08,1.8622961030920488e-09,8.077315461205524e-09,5.639879422113644e-10,2.4457092519603473e-09,1.7069243389749545e-10,7.400588680117989e-10,5.1301374830741585e-11,2.2238227124083592e-10,1.4231941686054813e-11,6.168298174596688e-11,44.8073800512917,0.44781064379991803,-12.50485626165103,814.6623642374636,1.8640681530409644,0.4086773369849776
164.5,1172.5565301187107,0.038900954298657545,0.21943158654174544,0.038900954298657545,0.21943158654174544,0.011218468573082875,0.05165792952887072,0.003345777811981928,0.014654974400855706,0.001007549961404048,0.004350436621976074,0.00030429123309451807,0.0013081303983248638,9.198018031133113e-05,0.00039483759460202695,2.781308329204173e-05,0.00011931100955400532,8.410155313765432e-06,3.6068935235283884e-05,2.5430734039597015e-06,1.0904378528303648e-05,7.68977753277757e-07,3.2966171669835617e-06,2.3252446585636534e-07,9.966349493332818e-07,7.031104187256001e-08,3.0130317482048413e-07,2.1260740759161598e-08,9.109012195905326e-08,6.428846288240353e-09,2.7538396662859455e-08,1.9439513748542554e-09,8.325373555251144e-09,5.877771214781115e-10,2.516771378860907e-09,1.7760932966095607e-10,7.603436754795863e-10,5.329748970642392e-11,2.2812148277120305e-10,1.476604192175835e-11,6.319039072839644e-11,44.84025465994835,0.4599746937489241,-12.257323634692879,814.6873866319222,1.9759216087674119,0.43717478520047176
165.0,1174.1205092466193,0.04085182575980359,0.21612893224837332,0.04085182575980359,0.21612893224837332,0.011745005374636396,0.051020730101564125,0.0034980094323860244,0.014475322321389792,0.0010524311723410108,0.0042949973617851505,0.00031759765369701517,0.0012906221328351094,9.593059760330458e-05,0.0003892812441744338,2.8986568105954552e-05,0.00011754814315242475,8.758635425592062e-06,3.55105254399596e-05,2.646525598930258e-06,1.0727830430071526e-05,7.996791058551608e-07,3.2409079929655336e-06,2.416325284436259e-07,9.790874942531788e-07,7.301213466962351e-08,2.957851069713662e-07,2.20614815666055e-08,8.935751525601555e-08,6.666134856409975e-09,2.6995144505300424e-08,2.014240111369488e-09,8.15526275597299e-09,6.085881212790447e-10,2.4635726882402864e-09,1.837649329497187e-10,7.437381361521242e-10,5.510582140346179e-11,2.2298340849967426e-10,1.525781344730663e-11,6.172999431985226e-11,44.80252603697038,0.4939634208154434,-12.127662151500195,814.7540083059934,1.9545317573399787,0.4581500681420461
165.5,1173.5697573091818,0.0416108185379407,0.1946165475145084,0.0416108185379407,0.1946165475145084,0.011955294407501711,0.04700038725294366,0.003560617455998641,0.013404615215125969,0.0010714559720379992,0.003983765852415053,0.00032341316130368546,0.0011978970246283738,9.771096009303186e-05,0.00036145415203683786,2.9532006634079558e-05,0.00010917902091859066,8.925707157151335e-06,3.29917400170387e-05,2.6976916686195414e-06,9.969617222508173e-06,8.15346079569727e-07,3.0126712776173293e-06,2.464289144398368e-07,9.103848246330578e-07,7.448028654394538e-08,2.75104865165422e-07,2.2510803343878028e-08,8.313262851586181e-08,6.803626150885925e-09,2.512144094216796e-08,2.0563053821440207e-09,7.591285172306413e-09,6.214551701652914e-10,2.293829491508676e-09,1.8769752730080592e-10,6.926817851662621e-10,5.629894250839795e-11,2.077309715564239e-10,1.5591464193827617e-11,5.7520691711477713e-11,44.691942308224746,0.5503186689036246,-12.12393892775908,814.8625068851808,1.8014250690683655,0.4660645744462964
166.0,1170.8024825595226,0.040776847761952215,0.1585332323641765,0.040776847761952215,0.1585332323641765,0.011742297436311968,0.03985284003243031,0.003502568165917468,0.011481588166303897,0.0010554134798393374,0.003424995612653576,0.0003189853872030618,0.0010319569927740926,9.649744755586808e-05,0.0003118575720955661,2.9202619536245774e-05,9.432851875236296e-05,8.837466786782813e-06,2.854214437834117e-05,2.674445664437811e-06,8.636348998525004e-06,8.093563217203579e-07,2.6132067385576678e-06,2.4493212323293155e-07,7.907102243718211e-07,7.41227851160451e-08,2.3925495322041253e-07,2.243146778358226e-08,7.239432146130725e-08,6.788337740129862e-09,2.1905231683643363e-08,2.054314258627101e-09,6.628097584202931e-09,6.21648826809661e-10,2.0054173396514e-09,1.8799569809017226e-10,6.063807759519735e-10,5.645854796041132e-11,1.8208182316922172e-10,1.5652329574235782e-11,5.047356403665079e-11,44.510358243031035,0.6283708975546872,-12.245605606709972,815.011219141291,1.5272387731789263,0.45673052809802817
166.5,1165.8548179271502,0.03813167340136331,0.11334335720273049,0.03813167340136331,0.11334335720273049,0.011040666939851436,0.03003815249998066,0.003303682284433636,0.008779558090447476,0.0009980160203167123,0.0026339823794867593,0.000302352376279925,0.0007962711340960495,9.167851667217865e-05,0.00024126807911735635,2.7808058676402145e-05,7.315686862959252e-05,8.43478009268166e-06,2.2187833536448627e-05,2.558449550239003e-06,6.729374374203401e-06,7.760325733290777e-07,2.0409599428187503e-06,2.353873088739771e-07,6.190051636609312e-07,7.139801451193087e-08,1.877388100060403e-07,2.1656546725254502e-08,5.693952377020364e-08,6.568891058739808e-09,1.7269246222208055e-08,1.992473516399317e-09,5.237578924873736e-09,6.043205809750867e-10,1.588408249258667e-09,1.8317374424229125e-10,4.814097008134889e-10,5.5133144977224326e-11,1.4488466466358657e-10,1.531410988637062e-11,4.0240676006877804e-11,44.26378614167539,0.7262566118957734,-12.483606165953832,815.196463206418,1.1509434504452696,0.4278049728812149
167.0,1158.8986450567315,0.03366361409530724,0.06476616578888057,0.03366361409530724,0.06476616578888057,0.00983121104472363,0.018221469725417775,0.002955695298842567,0.005421571594750115,0.0008961713901191689,0.0016387346511070652,0.0002724128102932328,0.0004976511093575074,8.287235458000874e-05,0.0001513403963435279,2.5218480385997547e-05,4.604752076713896e-05,7.674112268213575e-06,1.401185682761654e-05,2.335271523247391e-06,4.2636851775448635e-06,7.106350410993325e-07,1.2974020157332301e-06,2.1624986920704958e-07,3.9478805768891863e-07,6.580593835456603e-08,1.2013054387570574e-07,2.00250817697977e-08,3.6554669258893757e-08,6.093731076437155e-09,1.1123258961591562e-08,1.854342035901388e-09,3.3846892967220636e-09,5.642481047510853e-10,1.0298626119345488e-09,1.7157985524378022e-10,3.1315242568414547e-10,5.1806042511599864e-11,9.454762842144595e-11,1.4428719870907781e-11,2.633185569198249e-11,43.96227168976364,0.8410012268976123,-12.821085544994308,815.4124705307435,0.6984954935238501,0.3789625326274594
167.5,1150.2308896147301,0.02755077165077539,0.017505231254011506,0.02755077165077539,0.017505231254011506,0.008138518111983508,0.005238762886145721,0.0024618374380106123,0.0015906360318474414,0.0007499182559144416,0.0004850641849892234,0.00022892191634478162,0.00014811544927864317,6.99294468680932e-05,4.524919020667548e-05,2.136623700039241e-05,1.3824698820309796e-05,6.528238160051202e-06,4.2237727702766e-06,1.9946373090400207e-06,1.2904625733204686e-06,6.094413066626247e-07,3.942668660605209e-07,1.862086427882203e-07,1.2045786127127903e-07,5.689417192108158e-08,3.680272809682888e-08,1.738343925478994e-08,1.1244104040427445e-08,5.311331291649103e-09,3.4353379030825704e-09,1.6228132596872498e-09,1.0495703148992086e-09,4.95800080091635e-10,3.2064651136602053e-10,1.513749592123646e-10,9.789284824591511e-11,4.5885340579721727e-11,2.9672115217793165e-11,1.2822735435425866e-11,8.29155851907991e-12,43.61952833576235,0.9686639821533694,-13.23463627581803,815.6514137676105,0.20102410694338974,0.31172978704670085
168.0,1140.2549604138587,0.020106390901482078,-0.027261419597584543,0.020106390901482078,-0.027261419597584543,0.006023407497067222,-0.008093304952948698,0.0018354685539409097,-0.0024597337539302307,0.0005621727146734407,-0.0007527844272990581,0.00017245195952959142,-0.0002308714450244416,5.293024169682012e-05,-7.08547999103522e-05,1.6247729456051344e-05,-2.1750300427287665e-05,4.9874836013072115e-06,-6.676690489207142e-06,1.5309826976439945e-06,-2.049543914922548e-06,4.699580405301219e-07,-6.291485678252548e-07,1.442606503970719e-07,-1.9312975791465707e-07,4.428296435773251e-08,-5.9285048286093074e-08,1.3593317490361668e-08,-1.8198732252231407e-08,4.172669473409108e-09,-5.58646190063411e-09,1.280854693129569e-09,-1.714864867066146e-09,3.931494326432936e-10,-5.263745317178032e-10,1.2059163925574035e-10,-1.6145874010538141e-10,3.671945254832419e-11,-4.916403897878767e-11,1.0300946930339618e-11,-1.3792230001342482e-11,43.2522733938539,1.1045376060737593,-13.695978003712323,815.9036213791854,-0.30731674112245727,0.22903824905003983
168.5,1129.4554985376092,0.011720720806428844,-0.07540870551282175,0.011720720806428844,-0.07540870551282175,0.003568234596750889,-0.021234184690242405,0.0010963759200163738,-0.006381371147455684,0.0003378244713278801,-0.0019532242034108385,0.00010418357251677679,-0.000601142843659194,3.214140757739983e-05,-0.00018532452417650068,9.915931936605261e-06,-5.716636900743968e-05,3.0591599305305446e-06,-1.7636484329428182e-05,9.437801247741814e-07,-5.441058875989337e-06,2.911652035498363e-07,-1.6786294329878566e-06,8.982725265349119e-08,-5.178765450370302e-07,2.7712567197919686e-08,-1.5977088745938016e-07,8.549591738785143e-09,-4.929115882921453e-08,2.637629126336836e-09,-1.5206880926744634e-08,8.137280853349197e-10,-4.6914650197559125e-09,2.5102426878111796e-10,-1.447263624935501e-09,7.738296217923163e-11,-4.461491211755925e-10,2.3677533721800494e-11,-1.3651292914424304e-10,6.6699128025016965e-12,-3.8455614539989853e-11,42.87924503789872,1.2433920080535374,-14.173933588982296,816.1580431197194,-0.7916858073552455,0.13461081633534738
169.0,1118.368023003871,0.002789401986204599,-0.12429965248125156,0.002789401986204599,-0.12429965248125156,0.0008636848719132374,-0.033234414252264595,0.000267713742250437,-0.009891313693648771,8.301135952416266e-05,-0.003029917270180991,2.5743139064982637e-05,-0.0009360938781666289,7.983355684307705e-06,-0.0002899631628569236,2.4757652056784712e-06,-8.98922925533778e-05,7.677740534155818e-07,-2.7876903025113337e-05,2.3809891008568483e-07,-8.645031739676377e-06,7.383824802357818e-08,-2.6809496631922543e-06,2.2898411695649227e-08,-8.31401353790494e-07,7.101160568993476e-09,-2.578296104654273e-07,2.2021823610380357e-09,-7.995669434793966e-08,6.829311858180655e-10,-2.4795712274036205e-08,2.117862146885355e-10,-7.689452570132367e-09,6.567318463139958e-11,-2.3844263119338665e-09,2.0349921093962715e-11,-7.388506423781361e-10,6.258030777126519e-12,-2.2721121050617655e-10,1.7704472995582418e-12,-6.42796313144639e-11,42.519934639158585,1.379748654794417,-14.636549900784386,816.4029781138936,-1.2189289055740389,0.0323258296768472
169.5,1107.5453801754795,-0.006473545633025742,-0.16870768401215797,-0.006473545633025742,-0.16870768401215797,-0.00200643905896722,-0.043126886776044565,-0.0006243090801823972,-0.01274318630929633,-0.00019449149319859793,-0.003909328479369303,-6.061559671476311e-05,-0.001212607691977188,-1.889375792513536e-05,-0.0003774030012906177,-5.889145828494103e-06,-0.00011758289824182326,-1.8356347491254807e-06,-3.6649342669655415e-05,-5.721636091721758e-07,-1.1423569905911893e-05,-1.783422305570988e-07,-3.560717324903048e-06,-5.5588909659867984e-08,-1.1098726549188686e-06,-1.732694969253887e-08,-3.459463893523572e-07,-5.400774497092534e-09,-1.0783119648705999e-07,-1.6834091191462633e-09,-3.361086949573567e-08,-5.247110907483613e-10,-1.047639845243387e-08,-1.635382203010349e-10,-3.265222065855497e-09,-5.0932319447818904e-11,-1.0169242273067308e-09,-1.5740083686946122e-11,-3.1427063292349354e-10,-4.471699922600502e-12,-8.928342527833036e-11,42.19313010662195,1.5081706184762043,-15.053212911255544,816.6270123542602,-1.5598367104651374,-0.07430180098330672
170.0,1097.5231049573908,-0.01620298493570548,-0.20230565246846322,-0.01620298493570548,-0.20230565246846322,-0.004978535785003393,-0.05008928883908671,-0.0015502064830091617,-0.014741902066153554,-0.00048468406491368395,-0.004532480247898531,-0.0001517338548684247,-0.001411475583894205,-4.7524037212308634e-05,-0.0004412790824756599,-1.488612586534423e-05,-0.0001381281007661544,-4.662834983680774e-06,-4.325671835161903e-05,-1.460556647257367e-06,-1.3547350443804563e-05,-4.574954351190351e-07,-4.242825416076178e-06,-1.433029478261581e-07,-1.3287887971266022e-06,-4.488729969846917e-08,-4.1615656583150844e-07,-1.4060209953112973e-08,-1.303339368887637e-07,-4.404126819148357e-09,-4.08185865072882e-08,-1.3795092516085851e-09,-1.2783659861203826e-08,-4.3207255300233865e-10,-4.003314854112482e-09,-1.3522435878575344e-10,-1.2527106729236767e-09,-4.19887200414477e-11,-3.8892257486396237e-10,-1.1977136519596065e-11,-1.1092463992542815e-10,41.91541700820509,1.6235525898120702,-15.396622509869841,816.8200527133268,-1.791137884526299,-0.1824196471212347
170.5,1088.785870196342,-0.026232841874322475,-0.21926555311272217,-0.026232841874322475,-0.21926555311272217,-0.007989243508062021,-0.05352802143258094,-0.0024883730134359957,-0.01575127249595796,-0.0007803490796866848,-0.004856767719971013,-0.0002452360748433526,-0.0015181578006361943,-7.712296721184237e-05,-0.0004765527526027453,-2.4260079099755298e-05,-0.00014978687090198427,-7.631338098170173e-06,-4.710315298011687e-05,-2.400541273068094e-06,-1.481373056155277e-05,-7.551229324419855e-07,-4.658851886635932e-06,-2.3753419660564374e-07,-1.4651880427979105e-06,-7.471961411788872e-08,-4.6079507062037244e-07,-2.3504069729569094e-08,-1.4491797318400074e-07,-7.393518816446806e-09,-4.557601485206903e-08,-2.3257120798060443e-09,-1.433333005396996e-08,-7.315211969911833e-10,-4.5073792980488674e-09,-2.2990905389451934e-10,-1.4163145791333089e-09,-7.168236301753894e-11,-4.414943359151246e-10,-2.0518367028165647e-11,-1.2635095133261242e-10,41.69981127231737,1.7213953567075622,-15.644516302888052,816.9743068101536,-1.8970923162543143,-0.28987446312797194
171.0,1081.7371323227007,-0.03638284868218363,-0.21622040540241214,-0.03638284868218363,-0.21622040540241214,-0.010980477649304281,-0.05311919413193424,-0.003418859589452829,-0.01569136906086242,-0.0010745252392694497,-0.004855068586778992,-0.00033870307480676195,-0.0015227871333997594,-0.00010686097657662084,-0.00047962846542094555,-3.372786886606349e-05,-0.00015126572499164371,-1.064544793160659e-05,-4.7729863466495804e-05,-3.3599976955508986e-06,-1.5061883043056064e-05,-1.0605081707496168e-06,-4.75300586050047e-06,-3.3472569961437353e-07,-1.4998831572470806e-06,-1.0564868448678208e-07,-4.7331089716455824e-07,-3.334564291039599e-08,-1.4936042625390762e-07,-1.0524797611495911e-08,-4.713290882995927e-08,-3.3218877691816117e-09,-1.4873373789721939e-08,-1.048386628300957e-09,-4.693103266321742e-09,-3.3060522253700757e-10,-1.4796630160964822e-09,-1.0341480366465691e-10,-4.627567539540851e-10,-2.968348010996062e-11,-1.328050049516802e-10,41.554692067794626,1.7980502482844296,-15.781056250593865,817.0850534073684,-1.8705721873189645,-0.3950137718786951
171.5,1076.6738804423592,-0.04647809581509202,-0.19357280107484595,-0.04647809581509202,-0.19357280107484595,-0.013889327867439221,-0.04882995780096525,-0.004319401691261532,-0.014537064464230285,-0.0013593293176597427,-0.004515610240640592,-0.00042936565056957685,-0.0014204224236113328,-0.0001357791341068197,-0.00044854858581190143,-4.295719334597548e-05,-0.0001418181732367929,-1.3591452848593286e-05,-4.485991642212956e-05,-4.30027141308527e-06,-1.419113881320217e-05,-1.3605855408367773e-06,-4.489273205548832e-06,-4.3048283104733207e-07,-1.4201519808494244e-06,-1.3620273093826024e-07,-4.4925571246793197e-07,-4.309389611342434e-08,-1.4211906998152618e-07,-1.3634692593194366e-08,-4.495839016926792e-08,-4.313913210525131e-09,-1.422216174131419e-08,-1.3647783464298287e-09,-4.498680915836525e-09,-4.314195500283163e-10,-1.42184438344041e-09,-1.3526690336363365e-10,-4.4573324501492854e-10,-3.890336147368748e-11,-1.2817764576331906e-10,41.483165845724194,1.850920718447798,-15.79781220403485,817.1510787609307,-1.7135523279790772,-0.49634170456678833
172.0,1073.7680754177118,-0.056291177925096456,-0.15541993666293688,-0.056291177925096456,-0.15541993666293688,-0.01664603866963124,-0.04094124505524119,-0.00516615399108071,-0.012326554953145689,-0.0016263434377644496,-0.003845244066937556,-0.0005142494035840195,-0.001212329262460162,-0.00016283122218605338,-0.0003834889361223171,-5.158510677141898e-05,-0.00012143293258320991,-1.6344009031150165e-05,-3.846839822204039e-05,-5.178367322077482e-06,-1.2186762952790805e-05,-1.6406921991523543e-06,-3.860758391840897e-06,-5.198300396537822e-07,-1.2230856878484757e-06,-1.6470076959755977e-07,-3.8747272833044853e-07,-5.218309673485357e-08,-1.2275109110709585e-07,-1.6533458404292002e-08,-3.8887428087441355e-08,-5.23834357494571e-09,-1.2319398394284365e-08,-1.659543181043732e-09,-3.902420950633928e-09,-5.25324147322229e-10,-1.2351598876537337e-09,-1.6493108583078574e-10,-3.8774842837674993e-10,-4.7488905433077806e-11,-1.1163459936573109e-10,41.48293006084405,1.8786104798486798,-15.694291484819274,817.1747135203858,-1.4369738263300895,-0.5921566764044827
172.5,1073.0559451199965,-0.06552468206972897,-0.10807570901390903,-0.06552468206972897,-0.10807570901390903,-0.01916863245149927,-0.030063280090668814,-0.005932384287990433,-0.009178421619898902,-0.001866386683206039,-0.0028757248106870397,-0.0005901693356415974,-0.0009081300988143194,-0.00018691470344225705,-0.00028748727513565,-5.923195691761239e-05,-9.108187231272213e-05,-1.877303794449197e-05,-2.8866061427119756e-05,-5.94994614399697e-06,-9.148357199405724e-06,-1.8857821104267336e-06,-2.8993369827419086e-06,-5.976817401667042e-07,-9.188704321415331e-07,-1.89429869700992e-07,-2.9121239401115106e-07,-6.00380940452976e-08,-9.22922844802058e-08,-1.902851823600561e-08,-2.9249643381858542e-08,-6.030862903230883e-09,-9.269838472773065e-09,-1.9112528935248203e-09,-2.9375684229109712e-09,-6.052021257496359e-10,-9.301382891078735e-10,-1.9007055654230427e-10,-2.92105539921021e-10,-5.4742210080322255e-11,-8.41256899607726e-11,41.54663101755923,1.8810102786164502,-15.477977254122798,817.1614781340297,-1.0599913384382196,-0.6803021884253883
173.0,1074.4358084030055,-0.07380982116466367,-0.05797946522356478,-0.07380982116466367,-0.05797946522356478,-0.02136514407596564,-0.01710493050038021,-0.0065896865349864015,-0.005303826015598782,-0.002070069822350465,-0.0016688533858762737,-0.0006539647100345309,-0.0005274912846394319,-0.00020696250050888232,-0.00016696700087206104,-6.553816923827423e-05,-5.2877732764868554e-05,-2.0757640220407333e-05,-1.674810733545773e-05,-6.5744837326737285e-06,-5.304673340912758e-06,-2.0823097369280158e-06,-1.6801635365148161e-06,-6.595215706127022e-07,-5.32162741395132e-07,-2.088876072140846e-07,-1.6855334303783158e-07,-6.61601238771683e-08,-5.3386351335485704e-08,-2.0954610181333382e-08,-1.6909187951368963e-08,-6.6368085768176234e-09,-5.355643885210966e-09,-2.1018581373387995e-09,-1.6961530116129056e-09,-6.651083701366702e-10,-5.367390897417721e-10,-2.08747947703801e-10,-1.6846199227685838e-10,-6.008813856990138e-11,-4.849265618803921e-11,41.66264029748381,1.8593183902206647,-15.163856345664598,817.1194145509547,-0.6086590641887005,-0.7581301007761712
173.5,1077.674564457149,-0.08073739883737324,-0.01012506195313167,-0.08073739883737324,-0.01012506195313167,-0.02314289706837508,-0.0031679329147717944,-0.0071111018150571935,-0.000998397163986608,-0.0022288987534490497,-0.00031537169731022714,-0.0007028933730609225,-9.96907662831935e-05,-0.00022208353585435487,-3.152280560967488e-05,-7.021400290113908e-05,-9.967696864098918e-06,-2.2203606574614285e-05,-3.151844477433594e-06,-7.021393518909911e-06,-9.966317941919775e-07,-2.2203585160343394e-06,-3.1514084538637164e-07,-7.021386740042145e-07,-9.964939199605816e-08,-2.2203563523998973e-07,-3.150972458924266e-08,-7.021379284436827e-08,-9.963559685106603e-09,-2.2203520128684836e-08,-3.1505334405787323e-09,-7.0213028815498384e-09,-9.96208260553953e-10,-2.2201300325149924e-09,-3.149785866575606e-10,-7.014345101371073e-10,-9.950847451427782e-11,-2.198146877179533e-10,-3.118177450478007e-11,-6.319222948657165e-11,-8.963620749610182e-12,41.81612280896094,1.815993081353344,-14.773444068993363,817.0582317375773,-0.11414798674744482,-0.8227169389151711
174.0,1082.4224397251144,-0.08592094299010392,0.03582527895883081,-0.08592094299010392,0.03582527895883081,-0.024423239332315196,0.010816028580485934,-0.007475490007844494,0.0033672381715835653,-0.00233667568111949,0.0010580207059358974,-0.000735091522341696,0.0003333976745407463,-0.00023171445806725765,0.00010515316440011905,-7.30895907334976e-05,3.317800704451134e-05,-2.305990555144041e-05,1.0468446392632902e-05,-7.275444269048083e-06,3.3030425765178504e-06,-2.295416570174261e-06,1.0421881005692383e-06,-7.242083138085004e-07,3.2883500920389706e-07,-2.284891050036407e-07,1.0375522651094709e-07,-7.208874297993917e-08,3.273722651111565e-08,-2.2744116218695823e-08,1.0329360636113213e-08,-7.1757490017562825e-09,3.2591290300408587e-09,-2.2637623476722323e-09,1.0282413676698188e-09,-7.135869871575608e-10,3.2414621483130215e-10,-2.2312732859901048e-10,1.0136212833902394e-10,-6.402405014012902e-11,2.9086452102922662e-11,41.990246550443814,1.7546385049768407,-14.333349761633809,816.9884109037794,0.38938463054096173,-0.8713039604110535
174.5,1088.2350657074187,-0.08907939133310346,0.08520815374497408,-0.08907939133310346,0.08520815374497408,-0.02515818336142738,0.024175132262586933,-0.007672027421853184,0.007381282817960728,-0.0023908218029730826,0.002301067323131601,-0.0007499710819298741,0.0007219010704801029,-0.00023573908040808636,0.00022692488477216193,-7.415054899149144e-05,7.137952607252854e-05,-2.3329189073543595e-05,2.2457479728766215e-05,-7.3398116430327145e-06,7.065589021307828e-06,-2.3092459312630555e-06,2.222980887183387e-06,-7.265331900608995e-07,6.99395904038592e-07,-2.285813152039122e-07,2.2004445905134532e-07,-7.191607266655324e-08,6.923054597000238e-08,-2.2626160633409913e-08,2.1781347532007163e-08,-7.11856436794941e-09,6.8528050583366464e-09,-2.239443559460865e-09,2.1558481338129137e-09,-7.039562365219849e-10,6.776817488426652e-10,-2.1952101443169123e-10,2.1132857025847347e-10,-6.284481600783039e-11,6.049970980010778e-11,42.167392560958234,1.679828695689566,-13.873468252418881,816.9204004198347,0.8671330201815529,-0.9018686351327461
175.0,1094.6015003594157,-0.09011632294072419,0.13421949708530226,-0.09011632294072419,0.13421949708530226,-0.025344592098684227,0.03586955140861784,-0.007703652610592985,0.010760738363934704,-0.0023932681144689235,0.0033300161685734177,-0.0007484460781984481,0.0010401150714484406,-0.0002345422699431223,0.00032580746996040203,-7.354912349549388e-05,0.00010214765001943651,-2.3069346268493393e-05,3.203778779070463e-05,-7.23590862756652e-06,1.0048439314801608e-05,-2.269608035501354e-06,3.151626239578074e-06,-7.11883039923372e-07,9.884866330578215e-07,-2.23288537553757e-07,3.100322635737583e-07,-7.003645919176914e-08,9.723955230056488e-08,-2.1967549434529113e-08,3.049851470286427e-08,-6.890262891873724e-09,9.56557715657951e-09,-2.161010584054306e-09,2.9999263966318075e-09,-6.772384590339362e-10,9.400992956205693e-10,-2.1056642984292776e-10,2.922807872415655e-10,-6.01303244035768e-11,8.346161871857899e-11,42.33025825307785,1.5968774605522276,-13.424921211966122,816.8639863408114,1.2860353014098231,-0.913694057621186
175.5,1100.9764323237482,-0.08917005485544263,0.17718642653515967,-0.08917005485544263,0.17718642653515967,-0.025032108253763095,0.04500717147979777,-0.00758859581847428,0.013308785227131931,-0.0023506979197035886,0.004092656286845359,-0.0007329353640228777,0.0012731478140597205,-0.0002289869484830137,0.0003974547947974586,-7.158916157623039e-05,0.00012421469740789455,-2.2386225402064417e-05,3.8837162698635144e-05,-7.000264798822842e-06,1.2143410411945565e-05,-2.1890116073168585e-06,3.7969410269283087e-06,-6.845129364411225e-07,1.1872085898762697e-06,-2.1405001018199805e-07,3.7121046010743213e-07,-6.693431374336844e-08,1.160682269554788e-07,-2.093061879768156e-08,3.629160589800297e-08,-6.545037808689888e-09,1.1347386903874999e-08,-2.0464914452252385e-09,3.5477519060698233e-09,-6.394064071480973e-10,1.1083580554228988e-09,-1.9821853507019015e-10,3.435645230390688e-10,-5.646265410620125e-11,9.785704526367563e-11,42.462796810605575,1.511564960297176,-13.017900576190309,816.8278657277903,1.6170619083065327,-0.9077932267414602
176.0,1106.8145444194236,-0.08661683731608985,0.2078757727901982,-0.08661683731608985,0.2078757727901982,-0.024322618800484433,0.05095556929822766,-0.00735962297444656,0.01491521968482372,-0.0022740985306578224,0.004564505444912797,-0.0007071510398856238,0.00141509704548669,-0.00022032468255050522,0.0004404491403697747,-6.869072280863721e-05,0.00013725752442037605,-2.142019408705846e-05,4.2793668331986645e-05,-6.679573251864788e-06,1.3342936691090394e-05,-2.0829269165505822e-06,4.160287408371998e-06,-6.495301978908498e-07,1.2971650624961586e-06,-2.0254646098776106e-07,4.044521505451218e-07,-6.31611373158088e-08,1.261069508312017e-07,-1.9695858970383375e-08,3.931973696901237e-08,-6.141816410417258e-09,1.2259679181421451e-08,-1.9150807283560866e-09,3.822222705258948e-09,-5.966940798565124e-10,1.1907688859645475e-09,-1.844804583607142e-10,3.681073229347489e-10,-5.242925729258257e-11,1.0460530019077878e-10,42.55098464317211,1.4298345334900078,-12.679578377255064,816.819393503593,1.8372426692877688,-0.8870698197953347
176.5,1111.604877134887,-0.0830250715647063,0.22123146802658336,-0.0830250715647063,0.22123146802658336,-0.023361087428062238,0.053361379017591325,-0.0070611179742467636,0.015537602022234188,-0.0021777242794743263,0.004740374495513265,-0.0006757259750397389,0.0014659315444039264,-0.00021006353688786424,0.0004551981325622502,-6.534393834694343e-05,0.0001415265560064382,-2.033023970201863e-05,4.402336297020681e-05,-6.325279081651271e-06,1.3694944194645178e-05,-1.9679628004732265e-06,4.260271906323949e-06,-6.122856447720462e-07,1.3253005227982077e-06,-1.9049837147404695e-07,4.1227919348835687e-07,-5.926911312010297e-08,1.2825326728989975e-07,-1.8440186120159625e-08,3.989745266044853e-08,-5.737189033038836e-09,1.2411346205006673e-08,-1.784850755140303e-09,3.8606598328248525e-09,-5.548596167171156e-10,1.200004521013181e-09,-1.7116924687680747e-10,3.7014111371696065e-10,-4.8555180178017586e-11,1.0498511557033745e-10,42.58344404142002,1.3574756235519347,-12.432241993873976,816.8444349028493,1.9312859180374402,-0.8561514826996985
177.0,1114.9030328724418,-0.07907443559118843,0.2149961162377939,-0.07907443559118843,0.2149961162377939,-0.022319491233966506,0.0521220928302735,-0.006744512582115036,0.015176798472548892,-0.002077661402955544,0.004625218284512929,-0.0006437526523479283,0.0014283000498334036,-0.0001998197198184713,0.0004428421765068921,-6.206153866584475e-05,0.0001374722517356907,-1.927886826172067e-05,4.2695800974482585e-05,-5.9888099688153995e-06,1.326123463102068e-05,-1.8603708659953358e-06,4.118914270898461e-06,-5.779077603873866e-07,1.2793269428227058e-06,-1.7952193486172644e-07,3.973565140690646e-07,-5.576689788630592e-08,1.2341816936495611e-07,-1.7323481127604663e-08,3.833342092149908e-08,-5.3813455872946634e-09,1.190619783797408e-08,-1.6715364004853405e-09,3.697752890507879e-09,-5.188264107724581e-10,1.147583252379427e-09,-1.5981167246992712e-10,3.534372629473329e-10,-4.527512134638282e-11,1.0011843206623792e-10,42.551960220209814,1.2998102295438874,-12.291793232163329,816.9072443994586,1.8926659158427015,-0.8209041437359016
177.5,1116.3591973651996,-0.07546263452838797,0.19041926186733368,-0.07546263452838797,0.19041926186733368,-0.021376928704373483,0.04735521116873113,-0.00646281810438797,0.013861551628137098,-0.0019902214278636776,0.00422862077244919,-0.0006163044182278305,0.0013056128033751117,-0.00019117517480158128,0.00040459514507899276,-5.9336806210135776e-05,0.00012552109322854326,-1.8419809473448602e-05,3.8958731261487096e-05,-5.718025669111753e-06,1.2092400032796461e-05,-1.7750355994540876e-06,3.7533598710179683e-06,-5.510208522699835e-07,1.1650053153460417e-06,-1.7105233147577888e-07,3.6160598049322797e-07,-5.3099439293486344e-08,1.1223886735884356e-07,-1.6483543791680516e-08,3.4837795088831636e-08,-5.116915998019586e-09,1.081322146680049e-08,-1.5883105528065666e-09,3.356054470959867e-09,-4.926573721472746e-10,1.0408437999973864e-09,-1.5165020143272844e-10,3.2035535705421806e-10,-4.293867469574216e-11,9.069715698615744e-11,42.45191946858004,1.2614007927051833,-12.266717821954199,817.0103098138377,1.7240907485278911,-0.7877094110711955
178.0,1115.7402175105328,-0.07282156521913918,0.15177735177237092,-0.07282156521913918,0.15177735177237092,-0.020699486223659146,0.039388622436129166,-0.006265109936821957,0.01164793443401719,-0.0019303862933489125,0.003564456783385192,-0.0005979978003465712,0.0011018375691101386,-0.00018555588922456197,0.0003416480963164582,-5.761036711844679e-05,0.0001060358401071515,-1.7889188444604028e-05,3.292294117504852e-05,-5.554956151170596e-06,1.0222319823826959e-05,-1.7249266469629035e-06,3.1739516230569485e-06,-5.356247383596814e-07,9.85487547942751e-07,-1.6632235291438843e-07,3.059862960898747e-07,-5.164646318113422e-08,9.500638304368742e-08,-1.603726359686473e-08,2.9498729341724108e-08,-4.979858411310184e-09,9.159059517160898e-09,-1.546226322944362e-09,2.8435954995995947e-09,-4.797456743610807e-10,8.821995588201197e-10,-1.4771816616351882e-10,2.7161379140225005e-10,-4.183559372719365e-11,7.691859653672231e-11,42.28266448722045,1.2457966014788748,-12.357592959917579,817.1541403530398,1.4373097841339686,-0.7626430370040257
178.5,1112.944348321573,-0.0716568994623935,0.10495554976831788,-0.0716568994623935,0.10495554976831788,-0.02042314999158519,0.028765436836555584,-0.006191766330927772,0.008630947873433614,-0.0019104961566052043,0.002654891579417551,-0.0005926376391472456,0.0008227476726664478,-0.00018413839925455564,0.0002555517040753628,-5.724643147153733e-05,7.943487749436464e-05,-1.7799817769548327e-05,2.469792109909739e-05,-5.534554809539713e-06,7.679086641295542e-06,-1.7208769963656386e-06,2.387584420832165e-06,-5.350778403546543e-07,7.423486189699504e-07,-1.6637347941772589e-07,2.3081130198659377e-07,-5.173103939790803e-08,7.17639290939996e-08,-1.608488732178658e-08,2.231285067708872e-08,-5.001287746349713e-09,6.93746670282135e-09,-1.5549438195448975e-09,2.1568295150807505e-09,-4.830890336853017e-10,6.700549153809746e-10,-1.489390270476153e-10,2.065733801048093e-10,-4.222754118349627e-11,5.85661748225916e-11,42.047726211735736,1.2553335761730786,-12.557157740141461,817.3370267561106,1.052273038136359,-0.750715755475473
179.0,1108.0077423250275,-0.07231578616395135,0.05575610040605977,-0.07231578616395135,0.05575610040605977,-0.020642140971262452,0.01623379209070913,-0.006271086778153095,0.004958947215546496,-0.00193931896251666,0.0015360914442475162,-0.0006029697717870883,0.00047785054697613007,-0.00018778645739922134,0.000148846435671395,-5.851737397824601e-05,4.638718515458638e-05,-1.8237751327570835e-05,1.4457536187357242e-05,-5.684048187364992e-06,4.505993453040706e-06,-1.771512464059753e-06,1.4043870777040215e-06,-5.521164327016665e-07,4.3770659754158864e-07,-1.7207474380609664e-07,1.364204124552862e-07,-5.362947674951758e-08,4.251827076700832e-08,-1.6714357738229995e-08,1.3251698106355086e-08,-5.209220776308722e-09,4.130136552386035e-09,-1.6233954378584165e-09,1.2871399537177682e-09,-5.055349969990392e-10,4.008320314162644e-10,-1.5621359544227115e-10,1.2386240335115998e-10,-4.437572011786521e-11,3.5186339776571916e-11,41.754862562423725,1.2909988527945786,-12.850927507035935,817.5548451303126,0.5957078773197539,-0.7553222781295649
179.5,1101.1022735865288,-0.0749805947347007,0.008699440372569409,-0.0749805947347007,0.008699440372569409,-0.021403864839244464,0.0026955416608530737,-0.006517658028700601,0.0008404584796142735,-0.0020215797350658974,0.0002625625327210301,-0.0006305516481174891,8.207733767297329e-05,-0.00019701671875763278,2.5663567286290518e-05,-6.159499367600259e-05,8.02436707295474e-06,-1.9260196596570158e-05,2.5090224676403505e-06,-6.022489017414306e-06,7.845096922818753e-07,-1.8831777640960561e-06,2.452969095303101e-07,-5.88852628634061e-07,7.669831791354429e-08,-1.8412888179058774e-07,2.3981679761630407e-08,-5.757542907618176e-08,7.498481585825097e-09,-1.8003301041604067e-08,2.344589156378158e-09,-5.629423814499898e-09,7.330895288152141e-10,-1.7601247254772704e-09,2.2920019708791945e-10,-5.499108475693426e-10,7.160484553870695e-11,-1.7046756806031387e-10,2.2195817657657126e-11,-4.855606849700088e-11,6.32200935061492e-12,41.415825597207395,1.3523673316268128,-13.218291607081458,817.8009996674211,0.09922455132682843,-0.7779944468872787
180.0,1092.524833022458,-0.07968348791262003,-0.036970937498866444,-0.07968348791262003,-0.036970937498866444,-0.022710497912823986,-0.011092837376460194,-0.006932547887307568,-0.003435537888026925,-0.0021579654692338627,-0.00107416123234772,-0.0006757402303024571,-0.00033683666833194157,-0.00021199125583339104,-0.000105722438997975,-6.654713492416984e-05,-3.3195900184090846e-05,-2.089417419128757e-05,-1.0423321545062535e-05,-6.560260116859843e-06,-3.272862956834646e-06,-2.0597613671147796e-06,-1.0276601260912495e-06,-6.467147355776917e-07,-3.226793629900703e-07,-2.0305262189555815e-07,-1.0131946144334693e-07,-6.375355618351558e-08,-3.1813724980478436e-08,-2.001704213512567e-08,-9.989318198450593e-09,-6.2848093656397935e-09,-3.1365620846263194e-09,-1.9731086005108614e-09,-9.847785754558987e-10,-6.189728342047012e-10,-3.0894764853296905e-10,-1.926382518815624e-10,-9.615698598425605e-11,-5.505622773490815e-11,-2.7483113988328058e-11,41.04579581515677,1.4376128408055027,-13.633998880282507,818.0665946660965,-0.40290444115776725,-0.8184840254279216
180.5,1082.6787675482258,-0.08633596539053022,-0.08644756805041717,-0.08633596539053022,-0.08644756805041717,-0.024526215909812285,-0.024554678599200134,-0.007505123545591213,-0.007513566546996763,-0.002345560767647059,-0.0023481742447631977,-0.0007377869440527971,-0.0007386064747957213,-0.0002325344740664902,-0.00023279250083485024,-7.333904571164791e-05,-7.342038155506672e-05,-2.3135738816236862e-05,-2.3161394037750353e-05,-7.298464349727748e-06,-7.30655660467671e-06,-2.30239381077563e-06,-2.304946296584373e-06,-7.26319538064386e-07,-7.271246516189193e-07,-2.2912677441172732e-07,-2.293807259617813e-07,-7.22809616719317e-08,-7.23610639229483e-08,-2.280193280759703e-08,-2.2827198860657658e-08,-7.193097629231306e-09,-7.201067086703653e-09,-2.2689541124400736e-09,-2.2714676575934757e-09,-7.151352029050343e-10,-7.159273225332612e-10,-2.2358463272680465e-10,-2.238322749384776e-10,-6.414877509500095e-11,-6.421979712951886e-11,40.662464627085555,1.543592333548398,-14.069910964997181,818.3408922766305,-0.8761279040535626,-0.8751272031197297
181.0,1072.0486292452085,-0.09476749387876438,-0.13615997987390532,-0.09476749387876438,-0.13615997987390532,-0.02678823349007978,-0.03668600182378773,-0.008216030369458914,-0.0111134577891859,-0.0025786081167578547,-0.003475096271671603,-0.0008150180679384936,-0.0010970768600186815,-0.00025817087986530285,-0.0003473782323808453,-8.183921902959131e-05,-0.00011009712487865588,-2.5949899647599576e-05,-3.490777624610403e-05,-8.22829567171911e-06,-1.106818441823495e-05,-2.6090601724897774e-06,-3.5093815610578318e-06,-8.272910028413672e-07,-1.1127171779601513e-06,-2.6232066423720105e-07,-3.5280846095054627e-07,-8.317765442335524e-08,-1.1186472376554081e-07,-2.6374271494670238e-08,-3.546883753791051e-08,-8.362779835227086e-09,-1.1245975799963496e-08,-2.6514591417315754e-09,-3.5654260993462152e-09,-8.399663895457222e-10,-1.1294538794863758e-09,-2.6391572469733227e-10,-3.5485629972097633e-10,-7.603835318054383e-11,-1.0223594846563088e-10,40.28480464992517,1.6659979763162434,-14.496893181681894,818.6120564251625,-1.2879955888888293,-0.9453836726074034
181.5,1061.16982108538,-0.10476665432484747,-0.18054068915224064,-0.10476665432484747,-0.18054068915224064,-0.0294191767858619,-0.04651832564675595,-0.009040652262913286,-0.01399260151330625,-0.002849427328305705,-0.004382287189438087,-0.0009050643577856192,-0.0013891360210382992,-0.0002881770903296392,-0.0004420027703384092,-9.182902471604984e-05,-0.0001408064261059955,-2.9271416100030098e-05,-4.487675162140888e-05,-9.330555378831978e-06,-1.4303815257571724e-05,-2.974207444287986e-06,-4.559134151061026e-06,-9.480582402539542e-07,-1.4531580429747003e-06,-3.0220300216257276e-07,-4.6317309576783287e-07,-9.633020668269038e-08,-1.4762970780642738e-07,-3.070618230559588e-08,-4.7054786766196866e-08,-9.787806102721423e-09,-1.4997886566809292e-08,-3.119661874983247e-09,-4.779901821134971e-09,-9.934860116886477e-10,-1.5220892177071526e-09,-3.137432075042065e-10,-4.806407147509531e-10,-9.078436133502149e-11,-1.3906889618811328e-10,39.93162877424285,1.7995692259191731,-14.886716450880254,818.8681192046055,-1.6103750081026604,-1.0264108811162203
182.0,1050.5950464213781,-0.11611684209969482,-0.21301981401402287,-0.11611684209969482,-0.21301981401402287,-0.0323379881967521,-0.053245788744151853,-0.009952258240604476,-0.015962598194820682,-0.0031492863851892844,-0.005012304875299615,-0.001005089644168132,-0.0015957314385145766,-0.0003216372101357868,-0.0005102173653652396,-0.00010301483803659949,-0.000163359838368325,-3.3006362159342157e-05,-5.23307799938828e-05,-1.0575432430555654e-05,-1.6765563245999083e-05,-3.3884307074342862e-06,-5.371296031965428e-06,-1.0856731130886024e-06,-1.7208381617681299e-06,-3.4785604256354175e-07,-5.513164664027716e-07,-1.1145510850813128e-07,-1.766289378686506e-07,-3.5710834246387784e-08,-5.6587738923441724e-08,-1.1441844060424606e-08,-1.8129208361466804e-08,-3.6656687531936354e-09,-5.807597767161064e-09,-1.1733614058038753e-09,-1.8588134485180234e-09,-3.7239262340635197e-10,-5.898844563753113e-10,-1.0820815426247779e-10,-1.7139322128899528e-10,39.62008781774974,1.9383549139166254,-15.213857762665425,819.0980501924788,-1.8213620187554362,-1.115535303258584
182.5,1040.8596702817024,-0.12861760877237144,-0.2277834274031968,-0.12861760877237144,-0.2277834274031968,-0.03546680070206812,-0.056298473522178434,-0.010924098928494825,-0.01689234467123139,-0.0034690185048412655,-0.005323151489167515,-0.0011119641007705874,-0.0017021014583460772,-0.00035748835059938757,-0.0005467524991695244,-0.00011503882481528087,-0.000175885541174697,-3.703410904482469e-05,-5.6611147809053e-05,-1.1922606111150026e-05,-1.8223535716175676e-05,-3.838313925475099e-06,-5.866287238683115e-06,-1.2356907237830752e-06,-1.8884000594803982e-06,-3.9781309667063563e-07,-6.078895563870969e-07,-1.2807026909426103e-07,-1.9568399856649147e-07,-4.1230360721488306e-08,-6.299201681204843e-08,-1.3273387532496095e-08,-2.02773661998129e-08,-4.272736920314119e-09,-6.5267554585710835e-09,-1.3741742174505932e-09,-2.098913757478497e-09,-4.381315826617718e-10,-6.6914487296072e-10,-1.278042908854571e-10,-1.951774340450629e-10,39.364280586620964,2.0760136761635577,-15.457104994112036,819.2927765318896,-1.9067624298026784,-1.2105168469270595
183.0,1032.4481688867913,-0.14208394248347095,-0.22179124276282886,-0.14208394248347095,-0.22179124276282886,-0.03873221776444797,-0.05537518770477568,-0.011930011205384661,-0.016702778516567707,-0.003799253924129103,-0.00528652094853604,-0.0012223445842743524,-0.0016974938199102979,-0.00039454651374289855,-0.0005475432396501401,-0.00012748378296627681,-0.00017687236490988994,-4.120951097016943e-05,-5.716545771472598e-05,-1.3321754477272773e-05,-1.847851751918015e-05,-4.3065093021162166e-06,-5.973110744006141e-06,-1.3921606481654806e-06,-1.930785404306833e-06,-4.5004227608954766e-07,-6.241190553428061e-07,-1.4548466683712487e-07,-2.0174409430809689e-07,-4.703061759450797e-08,-6.521293776527161e-08,-1.5203367606529623e-08,-2.1079599668901702e-08,-4.91425148234617e-09,-6.8131733902190395e-09,-1.5870011333530582e-09,-2.2000824310638295e-09,-5.080052630030942e-10,-7.042073201932156e-10,-1.4868435904034717e-10,-2.0609760763899168e-10,39.17414269113098,2.2061394989978886,-15.600888265792387,819.4460013199505,-1.8610473734061463,-1.309561962567728
183.5,1025.763775425634,-0.15632033106950424,-0.19599998913413505,-0.15632033106950424,-0.19599998913413505,-0.04206114363712617,-0.05046553249856714,-0.01294359795844072,-0.01536647081236939,-0.004130280775094401,-0.004888102296273879,-0.0013326651041728555,-0.0015755972280662304,-0.0004315137337325524,-0.0005099980704812013,-0.0001398818087161013,-0.00016530132364874598,-4.5365372244947286e-05,-5.3604893251852975e-05,-1.4713594755259319e-05,-1.738534643545531e-05,-4.772139186237945e-06,-5.638482837968813e-06,-1.5477735224797668e-06,-1.8286945728105976e-06,-5.019976900593914e-07,-5.930892931133068e-07,-1.6281558526943472e-07,-1.9235299024305371e-07,-5.280678909600016e-08,-6.238459078904213e-08,-1.7126912076646043e-08,-2.0232578871192704e-08,-5.55425480879094e-09,-6.5611896095895305e-09,-1.799564684419048e-09,-2.1257341451271484e-09,-5.778765330803219e-10,-6.82592879356034e-10,-1.6958641774908951e-10,-2.0031125929432194e-10,39.05474216628967,2.3225975605232665,-15.636271316431237,819.5547008725188,-1.687716651698802,-1.4111113450306716
184.0,1021.1032293006627,-0.17107409783991398,-0.15509877958002866,-0.17107409783991398,-0.15509877958002866,-0.04537329584886159,-0.04188165644284116,-0.013936629302918405,-0.012920809082512249,-0.004451725083968096,-0.004132654031079847,-0.0014390937154529968,-0.0013365133273222076,-0.0004669838523015526,-0.00043375990698010455,-0.00015172153757073866,-0.00014093523702701942,-4.931734242752451e-05,-4.581280142177619e-05,-1.6032173081725528e-05,-1.4893131730976558e-05,-5.2117685389999756e-06,-4.841558818581601e-06,-1.6942513736479992e-06,-1.5739263027057726e-06,-5.507703691396577e-07,-5.116624767299927e-07,-1.7904542880594117e-07,-1.663346363221726e-07,-5.820434724397052e-08,-5.4073108020609316e-08,-1.8920954001189648e-08,-1.757824009128225e-08,-6.1501727152767795e-09,-5.71381434154609e-09,-1.997199072107458e-09,-1.8555240965031788e-09,-6.427609791699746e-10,-5.971740392243911e-10,-1.8897898023639261e-10,-1.7557803611113092e-10,39.006048484619356,2.4198540169599925,-15.561543814368045,819.6192403857738,-1.3990424412050035,-1.5134912438661887
184.5,1018.6382153798617,-0.18598143516311777,-0.10581543492154875,-0.18598143516311777,-0.10581543492154875,-0.04857406444075483,-0.03028355762363296,-0.014877721363659484,-0.009491405715367034,-0.004752364418250485,-0.0030529031963250955,-0.0015375500766618704,-0.0009899373613008464,-0.0004994749088265949,-0.0003218321798298715,-0.00016246786762554,-0.00010471663185187761,-5.2873490619069825e-05,-3.408516514889809e-05,-1.72090608150949e-05,-1.109478899004765e-05,-5.601139070416068e-06,-3.6113758633406865e-06,-1.8230372464619908e-06,-1.1755100182627563e-06,-5.933551582012107e-07,-3.826308413810849e-07,-1.93122934037694e-07,-1.245470826246909e-07,-6.28568320937208e-08,-4.0540271722013566e-08,-2.045815645687657e-08,-1.3195781488882675e-08,-6.657892535921254e-09,-4.294769194098536e-09,-2.1646816771751766e-09,-1.3964691044169612e-09,-6.974748437991024e-10,-4.499859696491301e-10,-2.0526660076016728e-10,-1.3243919767916585e-10,39.02316975043843,2.493282239766384,-15.382364267175682,819.6431184920312,-1.0152091738704245,-1.614556353406344
185.0,1018.4046594382648,-0.20052692863239394,-0.05470677265967473,-0.20052692863239394,-0.05470677265967473,-0.051551730100256744,-0.016647927419519943,-0.0157323606872008,-0.005308438321212652,-0.0050203831972740615,-0.0017167947843954702,-0.001623872915288252,-0.0005577302637611394,-0.0005275133761668848,-0.0001814516457740675,-0.00017159982605193132,-5.906500020645855e-05,-5.585027899325842e-05,-1.922924240948208e-05,-1.8179823373429696e-05,-6.260285487944805e-06,-5.91771399881897e-06,-2.0381028825465113e-06,-1.9262749814788585e-06,-6.635261863136795e-07,-6.270217276950394e-07,-2.1601804204573135e-07,-2.0410180461918067e-07,-7.032697404435605e-08,-6.64370909707289e-08,-2.2895669419422786e-08,-2.162567824625688e-08,-7.453840893510358e-09,-7.038580878347658e-09,-2.4264038254896787e-09,-2.2886913551169383e-09,-7.891007289642682e-10,-7.375052801719189e-10,-2.543170156653638e-10,-2.170657504580186e-10,-7.486110689492111e-11,39.09698590383345,2.539427705249911,-15.111419649005274,819.6324172200239,-0.5629100438854927,-1.7114563944691363
185.5,1020.3005523387062,-0.21403983850718894,-0.006641780655640813,-0.21403983850718894,-0.006641780655640813,-0.05418187880771069,-0.0021474054368056583,-0.01646488549688161,-0.0006970378112523146,-0.005244216300005281,-0.00022654589485602222,-0.0016941695551123271,-7.366308721638689e-05,-0.000549775015546837,-2.3955902380268524e-05,-0.00017866596919855772,-7.79067617905873e-06,-5.809391877040146e-05,-2.533598374344362e-06,-1.8892124955737934e-05,-8.239491123580206e-07,-6.143713366990818e-06,-2.6795570542298365e-07,-1.9979337409664802e-06,-8.714161942388855e-08,-6.49727443940266e-07,-2.8339242591673393e-08,-2.1129114193824748e-07,-9.216176852263258e-09,-6.871172995194083e-08,-2.997180335537532e-09,-2.2344769593284093e-08,-9.746986234972409e-10,-7.265699604287238e-09,-3.1694534895816627e-10,-2.3603039291861007e-09,-1.029644430231815e-10,-7.598843089608659e-10,-3.314963943908879e-11,-2.2348005956760981e-10,-9.749453812724435e-12,39.21505773981953,2.556214718708711,-14.7675962441377,819.5950790864076,-0.07350076765521675,-1.8006269012222795
186.0,1024.0924396106714,-0.22574479476739018,0.03977253620199255,-0.22574479476739018,0.03977253620199255,-0.056339475186772056,0.012292019446241961,-0.017042279469508346,0.003929883589554954,-0.005413876182091568,0.0012695993080188341,-0.001745294379357966,0.0004115279142110519,-0.0005652580670006514,0.00013353590669365391,-0.0001833468167570554,4.334974037815171e-05,-5.950273598632857e-05,1.4073455258701987e-05,-1.9313696581812864e-05,4.568934927512329e-06,-6.268936536185726e-06,1.4833007237020461e-06,-2.0348028705423544e-06,4.815522805730378e-07,-6.604665157070127e-07,1.5633552412739018e-07,-2.1437750763610202e-07,5.075418445695259e-08,-6.958364189482738e-08,1.647728134473893e-08,-2.2585545260728668e-08,5.349272709268232e-09,-7.33012159027178e-09,1.736444995806095e-09,-2.3767581561094003e-09,5.631448218918587e-10,-7.637902785905375e-10,1.8100549116250598e-10,-2.2428523686368908e-10,5.3160331391796234e-11,39.362672076419024,2.543080694771165,-14.374695909447642,819.5401469535881,0.4191582137708358,-1.8780461365929642
186.5,1029.430168608342,-0.23486938320382508,0.08939199355637038,-0.23486938320382508,0.08939199355637038,-0.05791639039389593,0.025950622262632644,-0.017438924669920166,0.008134359015378418,-0.005522442688394186,0.0026069821547854183,-0.0017753352472211128,0.0008413225497528309,-0.0005734433437529199,0.0002721132243737022,-0.00018550739403196855,8.807539665165369e-05,-6.0044297095641406e-05,2.8516202621886408e-05,-1.9437876774745255e-05,9.23270110475702e-06,-6.292538537921015e-06,2.989274932895888e-06,-2.03705588113053e-06,9.67838610997607e-07,-6.594471513357911e-07,3.1335744845066277e-07,-2.1347990553306653e-07,1.0145584033882305e-07,-6.910883095044693e-08,3.284835464442048e-08,-2.2372045322061946e-08,1.0635202982385444e-08,-7.241621997785847e-09,3.4429912556613216e-09,-2.3418827652491083e-09,1.1135888813779214e-09,-7.506650736473086e-10,3.569963160599323e-10,-2.1995824130805865e-10,1.0461798513737945e-10,39.523894940096746,2.5010278053583828,-13.959777192303939,819.4770827241028,0.8810217273138136,-1.9397297367629416
187.0,1035.8689665759518,-0.2407892979028781,0.13795737008057446,-0.2407892979028781,0.13795737008057446,-0.058840281313960935,0.03772454264285157,-0.017641115120372166,0.011614901188376811,-0.005567320724120082,0.003694171435483481,-0.0017839734362144898,0.001186696148345891,-0.000574395348949916,0.00038241288147730114,-0.0001852243449191899,0.00012335721581052748,-5.9762094041791154e-05,3.98087799858295e-05,-1.9285004768797613e-05,1.284728699727758e-05,-6.223199083559122e-06,4.14614020383133e-06,-2.0082031221712825e-06,1.338062936765348e-06,-6.480396467676111e-07,4.3182630478057126e-07,-2.0911995123106862e-07,1.3936111107823755e-07,-6.748215080716527e-08,4.4975257706787264e-08,-2.177599941067422e-08,1.4514478993118217e-08,-7.026293451385994e-09,4.683690862007453e-09,-2.2650647537541876e-09,1.5100138939858082e-09,-7.238193409535396e-10,4.825781943617168e-10,-2.1154495358116762e-10,1.4104952449578606e-10,39.68254147680744,2.432587118189122,-13.551242515462597,819.4152349472923,1.280186603517644,-1.982369927449515
187.5,1042.897462321854,-0.24317203054200653,0.17951733393975253,-0.24317203054200653,0.17951733393975253,-0.05909022853511083,0.046695193376687,-0.017650245641921674,0.014167248081127274,-0.00555095646353092,0.004475711532292485,-0.0017726260652629103,0.0014313090013465925,-0.0005687782701803372,0.0004594853976605792,-0.00018278055201612954,0.0001476867922958608,-5.8770086767999606e-05,4.749167912408544e-05,-1.8899350543466257e-05,1.527321168524974e-05,-6.07767438473262e-06,4.911828755434465e-06,-1.9544653557098804e-06,1.5796325088747676e-06,-6.285191579977569e-07,5.080060729636462e-07,-2.0211987413527072e-07,1.6337353303081095e-07,-6.499786486837833e-08,5.2540484110050817e-08,-2.090186493096358e-08,1.6896716263444483e-08,-6.720956039911518e-09,5.433386636767502e-09,-2.159189219537499e-09,1.7456309129457577e-09,-6.876893330877858e-10,5.560009016139669e-10,-2.0042143569633452e-10,1.6204866466656341e-10,39.823020914947385,2.3416962934356818,-13.176822164674233,819.3634673794609,1.589073222368641,-2.003982315256029
188.0,1049.9698907450886,-0.2420735184860966,0.2077545373822554,-0.2420735184860966,0.2077545373822554,-0.05870541369653994,0.05223751028014873,-0.01748400864146103,0.015684933866252207,-0.005480875970292394,0.0049283918813418474,-0.0017443497423656274,0.0015696722543883982,-0.0005577881021827719,0.0005020577420244568,-0.00017863068945122006,0.00016079888120433162,-5.7237329054524704e-05,5.1526624143214184e-05,-1.8342710976371504e-05,1.6513054297970175e-05,-5.878245045431331e-06,5.292040120076644e-06,-1.8837872342963435e-06,1.6959726589554395e-06,-6.036928167709295e-07,5.43518787868513e-07,-1.9346398315197342e-07,1.741847915984113e-07,-6.199887813929427e-08,5.5822013215207305e-08,-1.9868429698862867e-08,1.7889440693799463e-08,-6.366553105897109e-09,5.732566867099916e-09,-2.0382908570926704e-09,1.8353648588251007e-09,-6.470175925292359e-10,5.826173983138778e-10,-1.8803687757646802e-10,1.6932451894953776e-10,39.93106153361076,2.2334977708964665,-12.861617560197965,819.3299079666106,1.7863203023950145,-2.004410949892531
188.5,1056.5404566354296,-0.2379547508492124,0.2178714090969799,-0.2379547508492124,0.2178714090969799,-0.05778481774368147,0.05403398215097196,-0.017175409032497063,0.016136539801025862,-0.0053690750017734955,0.005051123457961694,-0.001703543201596131,0.0016033411621495463,-0.0005430229869354487,0.000511156171060678,-0.00017334829604994013,0.0001631846821298592,-5.536728975006018e-05,5.212279060415938e-05,-1.768657136028167e-05,1.6650403345181888e-05,-5.64981251310911e-06,5.318900394850346e-06,-1.8047806301117214e-06,1.6991000636733741e-06,-5.765205631278878e-07,5.42770269172314e-07,-1.8416417121885052e-07,1.7338563170058069e-07,-5.8829490720766494e-08,5.5387245093969266e-08,-1.8792353006204566e-08,1.7693043703394684e-08,-6.00245980448291e-09,5.651416989825009e-09,-1.915600836014798e-09,1.8035981868370213e-09,-6.061934338268102e-10,5.707585883676656e-10,-1.7571277484363276e-10,1.654436458841495e-10,39.99435003127307,2.1140694942029365,-12.626359326942048,819.3217459404688,1.8582671778739046,-1.9855655509708567
189.0,1062.0976984940799,-0.23161254175787166,0.20819526552236092,-0.23161254175787166,0.20819526552236092,-0.05647785153314937,0.05203883225695286,-0.01676978575110713,0.01553817216271512,-0.005230891537242555,0.004854457306991298,-0.0016555158672991877,0.001537149751661399,-0.0005263215501178308,0.0004887737924790144,-0.00016756662370873173,0.00015562276534269464,-5.337665897647475e-05,4.9574031713657874e-05,-1.7004638818407845e-05,1.5793496552155723e-05,-5.417306868784532e-06,5.031556334816233e-06,-1.7258357556729383e-06,1.6029736698791698e-06,-5.498136066074599e-07,5.106818629076375e-07,-1.7515860017675994e-07,1.6269508770657592e-07,-5.580165293168604e-08,5.183201139270084e-08,-1.777701696899956e-08,1.651269308458648e-08,-5.662829789097354e-09,5.2601792941780254e-09,-1.8023592117000906e-09,1.6742348153796027e-09,-5.688724697453908e-10,5.284424637666738e-10,-1.6453174606965707e-10,1.528406482626834e-10,40.00312375010236,1.9901040968729378,-12.48601290196405,819.3450023496288,1.7999194787429391,-1.9513195548093216
189.5,1066.1966931221227,-0.22404751012085658,0.18068938099477783,-0.22404751012085658,0.18068938099477783,-0.05496757730799372,0.0464428535633877,-0.01632028692020647,0.013937514192141726,-0.005083536115891088,0.004354711303660997,-0.0016059920938754125,0.0013770747826059354,-0.0005095958337299925,0.000437101945307392,-0.00016192295597977012,0.00013890602011481886,-5.1477036490443664e-05,4.416310197888952e-05,-1.6366899180903298e-05,1.4041972615707328e-05,-5.203784192891475e-06,4.464745140069676e-06,-1.654520480697527e-06,1.41959749484849e-06,-5.260475636893892e-07,4.5137112330285366e-07,-1.672545116757058e-07,1.4351664741606932e-07,-5.317779133247309e-08,4.563209575885718e-08,-1.6907486379462462e-08,1.4508911953958066e-08,-5.375157016811184e-09,4.612778755410716e-09,-1.7074205738374922e-09,1.4653034577598442e-09,-5.378749701804732e-10,4.6161887324466634e-10,-1.5531437436235855e-10,1.332989351544781e-10,39.95073318146406,1.8685548936963174,-12.448830544984016,819.4042259577886,1.615323046069021,-1.9070719763782558
190.0,1068.4870773976982,-0.21630930748101845,0.14019020225116346,-0.21630930748101845,0.14019020225116346,-0.053449495852293784,0.03766090716885261,-0.01588242899164044,0.011414401917006708,-0.004944468396741531,0.0035739779243416855,-0.0015606111208965572,0.0011300958102862697,-0.0004946775757510133,0.0003584351760469935,-0.00015701197197616788,0.00011379574361592553,-4.98610449087138e-05,3.614244432445071e-05,-1.5835578473121587e-05,1.1479417385977524e-05,-5.029287813979824e-06,3.6460462476105634e-06,-1.5972726185817506e-06,1.15804250171586e-06,-5.072845080644559e-07,3.6781278468670194e-07,-1.6111060009352818e-07,1.1682320191677628e-07,-5.116774304308527e-08,3.710487902269497e-08,-1.6250425564324418e-08,1.1784991210205983e-08,-5.160560507373779e-09,3.742752806906023e-09,-1.6374516383682684e-09,1.1876606392059202e-09,-5.152829808923271e-10,3.737648215426942e-10,-1.4865645464263402e-10,1.0783524043809705e-10,39.83415458869133,1.7562680133800244,-12.515908258353525,819.5021130164004,1.3173079953380595,-1.8590520012263414
190.5,1068.7351264856086,-0.20935850012340726,0.09277916450950259,-0.20935850012340726,0.09277916450950259,-0.05210956971212288,0.02632873409950459,-0.015508495969805414,0.008092639977415678,-0.004829811322214189,0.002544358467957769,-0.0015244713498325654,0.0008055216556149097,-0.0004831890188281608,0.0002555765381609297,-0.0001533501226505683,8.114761122151057e-05,-4.869290873669195e-05,2.5772029152915396e-05,-1.5462810662253948e-05,8.185052851959602e-06,-4.910335401335596e-06,2.5995271768608105e-06,-1.5593150728916418e-06,8.255953455987152e-07,-4.951725852531263e-07,2.622044788480161e-07,-1.5724587810844514e-07,8.327467339246036e-08,-4.993460059617484e-08,2.6447547275205055e-08,-1.585697076115958e-08,8.399514738624299e-09,-5.0350358045120104e-09,2.667390825883986e-09,-1.5974401610831236e-09,8.463667091843316e-10,-5.026362382199492e-10,2.6633985402244334e-10,-1.4499433167988845e-10,7.683770981307517e-11,39.65439239077038,1.659619797241506,-12.681263017533666,819.6391012301942,0.9266092490759104,-1.813503262385872
191.0,1066.8385011806574,-0.20397041936377003,0.044087950620659344,-0.20397041936377003,0.044087950620659344,-0.051105098646110035,0.013275755788207406,-0.015242570149290148,0.0041514231326289525,-0.004752986365197867,0.0013129801004566244,-0.001501757473314799,0.0004167313682037104,-0.00047644401553788117,0.0001324156901749994,-0.00015135069584697097,4.2093557314713955e-05,-4.810268332639537e-05,1.338185916270636e-05,-1.528951788628821e-05,4.254193897480956e-06,-4.859798684789121e-06,1.3524403070468252e-06,-1.5446950919800896e-06,4.2995096761746454e-07,-4.909838988511085e-07,1.3668465214929556e-07,-1.5606003375232296e-07,4.345307703570898e-08,-4.960389394997321e-08,1.3814047525565692e-08,-1.5766530955773704e-08,4.39154820526178e-09,-5.0109487184667835e-09,1.3959753419387266e-09,-1.5912617472537549e-09,4.433792307692895e-10,-5.011394517931941e-10,1.3965803803466663e-10,-1.446718656769299e-10,4.032307846361533e-11,39.41668315390431,1.5841774881345803,-12.93240317231765,819.8130291064134,0.47041841888056884,-1.7759098448464163
191.5,1062.8327377127132,-0.200688500304582,-0.0017220362976051117,-0.200688500304582,-0.0017220362976051117,-0.05055129240111704,-0.0005479689093302784,-0.01511688963199921,-0.00017448518063293574,-0.004723725243586936,-5.557340950887647e-05,-0.0014954788819736167,-1.77011421262017e-05,-0.00047538177884263316,-5.638135852039591e-06,-0.00015130821211650598,-1.7958488587568633e-06,-4.818304821944254e-05,-5.720105382567237e-07,-1.5344956105100864e-05,-1.821957645673979e-07,-4.8869402529002856e-06,-5.8032666190636134e-08,-1.5563540780497404e-06,-1.8484460106594206e-08,-4.956553321783987e-07,-5.887636822124675e-09,-1.5785237421677644e-07,-1.875319270351223e-09,-5.0271526456758854e-08,-5.973227247202313e-10,-1.6009923685487328e-08,-1.9025631829053502e-10,-5.098229040345962e-09,-6.059433052537872e-11,-1.6221212902593639e-09,-1.9282285139951497e-11,-5.118202016790507e-10,-6.084897096680427e-12,-1.4799058812641122e-10,-1.7596292593523143e-12,39.13040909784798,1.534399554540889,-13.251326620814943,820.0189686747061,-0.01953071156832502,-1.7504122136167157
192.0,1056.8890721944344,-0.19982145154585945,-0.04821034129183171,-0.19982145154585945,-0.04821034129183171,-0.05051513322725375,-0.01451364690802979,-0.01514999951180644,-0.004553434933946318,-0.004747561962123958,-0.0014463740480648902,-0.001507336341770043,-0.00046121807108066815,-0.0004805335720705073,-0.0001472536435578654,-0.0001533906807007213,-4.7036143462027605e-05,-4.89877278372962e-05,-1.5025652775869613e-05,-1.56464883549369e-05,-4.799930962112528e-06,-4.997427082839372e-06,-1.5333335318381257e-06,-1.5961586305221242e-06,-4.898219862432379e-07,-5.09806808054916e-07,-1.5647318145675973e-07,-1.628302803887143e-07,-4.99852087250074e-08,-5.200730093013909e-08,-1.5967712745929585e-08,-1.6610763450646565e-08,-5.100820481134965e-09,-5.3048967624116056e-09,-1.6292937330310447e-09,-1.692747780560897e-09,-5.199796569154795e-10,-5.355990472490933e-10,-1.6455209043798088e-10,-1.5523236326293535e-10,-4.769848659292784e-11,38.80865343946285,1.5133899738486725,-13.615851688723009,820.2493257729196,-0.5092011442768206,-1.73951304368849
192.5,1049.3037363703195,-0.20147280588769886,-0.09813548793252616,-0.20147280588769886,-0.09813548793252616,-0.051016711619721676,-0.027928823146976162,-0.015346846867563047,-0.008648300486127889,-0.004825839892228434,-0.002742954863964543,-0.0015377211034136357,-0.000876430970656395,-0.0004920213350640705,-0.00028069403323539735,-0.00015763867571303705,-8.996616148241323e-05,-5.053099138595286e-05,-2.884451052194985e-05,-1.619934572830915e-05,-9.247985837394167e-06,-5.193224886323806e-06,-2.9650439716828724e-06,-1.66485641707143e-06,-9.506378900496438e-07,-5.337236344732687e-07,-3.047888656501582e-07,-1.7110237695703387e-07,-9.771990419361786e-08,-5.485235021655703e-08,-3.133044447678011e-08,-1.7584516319592115e-08,-1.00449103713914e-08,-5.6367218705454344e-09,-3.220227379978919e-09,-1.8052735191673987e-09,-1.031447236336296e-09,-5.732484532975408e-10,-3.2755905250285674e-10,-1.66646603724121e-10,-9.523119298510524e-11,38.46737890507583,1.5227185614709078,-14.001168474837026,820.4942596378033,-0.9646479639455767,-1.7441033260524499
193.0,1040.4793972167467,-0.20559090810515215,-0.1473497526007097,-0.20559090810515215,-0.1473497526007097,-0.052036905785008414,-0.03977758135818334,-0.01570062245419991,-0.012188054567796973,-0.004956190089051217,-0.003864846665866246,-0.001585836047639477,-0.0012384283644269402,-0.00050958580276057,-0.00039814862769350993,-0.00016397068190993452,-0.00012813812634275334,-5.2788114643261196e-05,-4.125710141059896e-05,-1.6996351703024263e-05,-1.3284370166282548e-05,-5.472367655658215e-06,-4.277433088094573e-06,-1.7619550509832594e-06,-1.3772902725330836e-06,-5.673020825251693e-07,-4.4347355865368495e-07,-1.8265597609275681e-07,-1.4279399258054661e-07,-5.8810241158999436e-08,-4.597817289524653e-08,-1.8935111109766387e-08,-1.4804348584462105e-08,-6.095964943987298e-09,-4.76635715569504e-09,-1.9607764532110097e-09,-1.5331857505733603e-09,-6.252290908674946e-10,-4.889087033098765e-10,-1.8239825108790217e-10,-1.4263554039020632e-10,38.12427347536977,1.562316986536819,-14.381495524838975,820.742412295141,-1.3543926997227071,-1.7637653401954831
193.5,1030.899906574908,-0.2120285001122394,-0.18999418042390392,-0.2120285001122394,-0.18999418042390392,-0.05352918694526633,-0.049124921621878155,-0.016195824836218675,-0.014945985316228367,-0.005133356192694512,-0.004744886240074546,-0.0016499112554206235,-0.0015258417974779084,-0.0005326389394777204,-0.0004926731050790993,-0.00017219413981804492,-0.00015928482506551484,-5.569693809708076e-05,-5.152349467471383e-05,-1.801774300505619e-05,-1.6667954131694234e-05,-5.828669834518614e-06,-5.392116677295395e-06,-1.8855520355056702e-06,-1.744360585379238e-06,-6.099687472392427e-07,-5.643041496405765e-07,-1.9732249453253498e-07,-1.8255350442294754e-07,-6.383298496450242e-08,-5.905635626958381e-08,-2.0649490463918002e-08,-1.910463523337027e-08,-6.679312490809281e-09,-6.1797240688090104e-09,-2.1585141592304004e-09,-1.99710131974717e-09,-6.914161853079159e-10,-6.397235742972604e-10,-2.0248089454874903e-10,-1.8734555419875176e-10,37.79736906984694,1.6304573736829846,-14.73173631456671,820.981873346213,-1.6516070122433157,-1.7972482536455585
194.0,1021.0999473553524,-0.22060126655376874,-0.219488200514422,-0.22060126655376874,-0.219488200514422,-0.055432565530970195,-0.05521830865880975,-0.016811767542647658,-0.016751321300202824,-0.005350168751742286,-0.005331351273639452,-0.0017274674140152514,-0.0017214348588797134,-0.0005603310214470845,-0.0005583790891995981,-0.00018202074461048365,-0.00018138728052972204,-5.9160570604960596e-05,-5.895479983602817e-05,-1.9231259833515045e-05,-1.9164386786548026e-05,-6.251483901429337e-06,-6.229750959622498e-06,-2.0321628043524885e-06,-2.0250998582262256e-06,-6.605928571788016e-07,-6.582974843231336e-07,-2.1473814512819036e-07,-2.1399217665291595e-07,-6.9804599302419e-08,-6.956216878988886e-08,-2.2691034916633435e-08,-2.2612248837537024e-08,-7.3753265406305034e-09,-7.349724876930772e-09,-2.3949588802740753e-09,-2.386647382721033e-09,-7.707428841559246e-10,-7.680687209911087e-10,-2.2659976129270692e-10,-2.258137045968416e-10,37.50358478801176,1.7238172169030683,-15.029046901188794,821.2012534520112,-1.8359566358137989,-1.8429779621427504
194.5,1011.6314835215427,-0.2311338285616465,-0.23040380506719602,-0.2311338285616465,-0.23040380506719602,-0.05768242105100853,-0.05754457674343246,-0.0175256368631944,-0.017486807637379823,-0.0055984289842597144,-0.005586307992833766,-0.0018155655437263542,-0.0018116640979104531,-0.0005916178926493192,-0.0005903498704321855,-0.00019308313271240374,-0.00019266971525048888,-6.305091436680089e-05,-6.291599536380176e-05,-2.0592599427573464e-05,-2.0548545819286402e-05,-6.725598754184255e-06,-6.7112144182209085e-06,-2.19659876825397e-06,-2.191902010990009e-06,-7.174150971068072e-07,-7.158815173277506e-07,-2.3430968120432808e-07,-2.3380893855157948e-07,-7.652607598422302e-08,-7.636257429060467e-08,-2.499331550222797e-08,-2.4939929755235144e-08,-8.161940492039265e-09,-8.144511064808887e-09,-2.6628211825814557e-09,-2.657136288961508e-09,-8.608339094184706e-10,-8.589965303118809e-10,-2.5405119086862716e-10,-2.535091050801052e-10,37.25736577006689,1.8376305967338618,-15.25424326254825,821.3907131717598,-1.8949852788581116,-1.8994632011336305
195.0,1003.0291218917976,-0.2434814503210272,-0.2203979186785546,-0.2434814503210272,-0.2203979186785546,-0.06021641843239613,-0.055853420644162856,-0.01831431740953107,-0.017081575044602258,-0.005869478967381546,-0.005483214305788995,-0.0019109814222265167,-0.0017861450326173583,-0.0006253124117368411,-0.0005845677854648464,-0.00020494926948503978,-0.00019160837620010748,-6.721236654709941e-05,-6.283987668220915e-05,-2.204622426932743e-05,-2.0612367188765815e-05,-7.2313478815799584e-06,-6.7611475941894914e-06,-2.3719432167015404e-06,-2.2177519110687845e-06,-7.780174091161307e-07,-7.274539419057282e-07,-2.551962475678815e-07,-2.386151329746466e-07,-8.370640987358103e-08,-7.826902551563572e-08,-2.7456056761172012e-08,-2.567301574164546e-08,-9.004741774577592e-09,-8.42010468676886e-09,-2.950348320250531e-09,-2.7588430229458435e-09,-9.577299550547586e-10,-8.955791584416987e-10,-2.8362812550276917e-10,-2.6522609459003264e-10,37.069577271327766,1.965921341562718,-15.39298850636775,821.5427994045582,-1.824950895015686,-1.965495122115522
195.5,995.7765621750046,-0.2575184065340175,-0.1911923040423557,-0.2575184065340175,-0.1911923040423557,-0.06297404597307898,-0.050181073411388784,-0.019154579060213867,-0.015513039293959736,-0.006154334935190611,-0.005008037175281197,-0.0020102681468973332,-0.0016383484406828613,-0.0006601100254868146,-0.0005382689006993881,-0.0002171321320204679,-0.0001770912851107712,-7.146529470480867e-05,-5.829374100419406e-05,-2.3526551705185326e-05,-1.9191418751949728e-05,-7.744998986023248e-06,-6.318183518439788e-06,-2.549672809843985e-06,-2.0800673166054297e-06,-8.39358578526511e-07,-6.847980854370569e-07,-2.7631887571866455e-07,-2.2544864204623632e-07,-9.096472554684634e-08,-7.422191406326228e-08,-2.994541329925988e-08,-2.443495322512364e-08,-9.856891589431704e-09,-8.04346592347042e-09,-3.241229911913087e-09,-2.645056840458311e-09,-1.0558326484714104e-09,-8.616709668056148e-10,-3.1359690198885913e-10,-2.5593865128740817e-10,36.94677360709807,2.101808892020185,-15.43670434929682,821.6529782307315,-1.6310614929614071,-2.040099072695417
196.0,990.2762432794192,-0.27309076292460416,-0.1480287008024132,-0.27309076292460416,-0.1480287008024132,-0.06589035068381466,-0.04088956981499168,-0.02002180967731782,-0.012825001338963953,-0.006443434243053377,-0.004166191151228646,-0.002109721035429235,-0.0013682541754652003,-0.0006945929291511839,-0.00045095247701161425,-0.00022909632382377176,-0.00014879830520684727,-7.56099680901946e-05,-4.912084273360488e-05,-2.495982885335798e-05,-1.6217053142367372e-05,-8.239562481102677e-06,-5.3539963473503806e-06,-2.7199861892475094e-06,-1.7676008451251288e-06,-8.979026217202565e-07,-5.835664606734956e-07,-2.964092260610739e-07,-1.9266214172352121e-07,-9.784837479828505e-08,-6.360655356139913e-08,-3.230057238307171e-08,-2.0999165851271584e-08,-1.0661497031718459e-08,-6.931920219238234e-09,-3.5154392471441207e-09,-2.2859054128487274e-09,-1.1481964782308634e-09,-7.466837397805363e-10,-3.417882577937217e-10,-2.222862830944727e-10,36.890901649750404,2.2378724903829355,-15.383150990865408,821.719811853295,-1.3270945925991764,-2.122269536187167
196.5,986.8240931019105,-0.2899415977489608,-0.09779667163556606,-0.2899415977489608,-0.09779667163556606,-0.0688866340440622,-0.028695737920536573,-0.020888100616651098,-0.009155659897492287,-0.006726238308294251,-0.0029934812264410457,-0.002205318549047339,-0.0009863545656361543,-0.0007272353883274969,-0.0003258281828338045,-0.00024026859873195139,-0.00010772223535107492,-7.943312913790269e-05,-3.5627537688803695e-05,-2.626739024105948e-05,-1.1783451454497906e-05,-8.686247129228803e-06,-3.8972586139793374e-06,-2.8724166489391656e-06,-1.288979271919094e-06,-9.498667430921669e-07,-4.263169835065235e-07,-3.1410718076452954e-07,-1.4100005124104483e-07,-1.0387055647690521e-07,-4.6634284333448215e-08,-3.4348016677752965e-08,-1.542360759404389e-08,-1.135694716670985e-08,-5.10055329901167e-09,-3.751204037656341e-09,-1.6849900784557017e-09,-1.2272403064968896e-09,-5.513467499796269e-10,-3.6582645523476264e-10,-1.643719294089344e-10,36.89943103431974,2.366554411965619,-15.236621383725542,821.7447948112904,-0.9344241061252765,-2.2105828394458205
197.0,985.5909683362414,-0.3076281934801433,-0.04685643774596034,-0.3076281934801433,-0.04685643774596034,-0.07186237617708627,-0.014632296932423794,-0.021720875665512854,-0.004754924456441049,-0.006991050486058946,-0.0015643874903838294,-0.0022927490864304975,-0.0005167557230021081,-0.0007564435824600902,-0.00017092190729567965,-0.00025006224452591395,-5.6562509656589573e-05,-8.272009632573524e-05,-1.872038155404914e-05,-2.7371109406416655e-05,-6.195847526037203e-06,-9.056778984425185e-06,-2.0506273575282618e-06,-2.9967819064338135e-06,-6.786920650327797e-07,-9.915999563295934e-07,-2.2462536149259971e-07,-3.2810873713347436e-07,-7.434379754039949e-08,-1.0856716516175142e-07,-2.4605381244353137e-08,-3.592309807365919e-08,-8.143479850709693e-09,-1.1885010684779885e-08,-2.6948858234682235e-09,-3.928013631751493e-09,-8.908769599319999e-10,-1.2858408089467659e-09,-2.9169725795586117e-10,-3.8348313061232323e-10,-8.701125751356168e-11,36.965842162100394,2.480578942094309,-15.007707241038778,821.7319248689976,-0.4805198920301919,-2.30282014524585
197.5,986.6119504821537,-0.3254602020583196,0.0002703867687596197,-0.3254602020583196,0.0002703867687596197,-0.07469273058321273,8.943687056371526e-05,-0.022483166609538696,2.9587472284563942e-05,-0.007225366785344235,9.78811658628151e-06,-0.002367616322019637,3.238101091745287e-06,-0.0007806560542895016,1.0712273998713684e-06,-0.0002579221431078724,3.543830503502508e-07,-8.527393519506797e-05,1.1723686902531189e-07,-2.8201273633606113e-05,3.8784257443544036e-08,-9.326552511336547e-06,1.283059363245003e-08,-3.0844203251258195e-06,4.244612209058855e-09,-1.0200605825155323e-06,1.4042010079267184e-09,-3.373481329395378e-07,4.6453717802607086e-10,-1.1156553836680705e-07,1.5367778126176907e-10,-3.689575711754728e-08,5.083891542933724e-11,-1.2200383777469842e-08,1.6816362454701813e-11,-4.030134160869503e-09,5.5566876524165674e-12,-1.3186028578856843e-09,1.8186275149743659e-12,-3.930875857635892e-10,5.422887226253399e-13,37.080361125139106,2.573361396818054,-14.712619373581802,821.687122834851,0.002974880219426935,-2.395735443912483
198.0,989.7841706047415,-0.34249103492310135,0.04696394213775299,-0.34249103492310135,0.04696394213775299,-0.07723433181951053,0.014633266200629895,-0.02313604782397405,0.004745198570995544,-0.0074168690172199715,0.0015579046092324867,-0.0024258416175097844,0.0005135292585679752,-0.0007985042488249508,0.00016949582990666824,-0.000263387730705144,5.597198024204642e-05,-8.693976275277903e-05,1.8485714390105774e-05,-2.870585015246188e-05,6.105226847991805e-06,-9.478123780546176e-06,2.016356742919311e-06,-3.129495547392916e-06,6.659366815668403e-07,-1.0332996757668716e-06,2.1993710117675636e-07,-3.4117577355818413e-07,7.263801909874687e-08,-1.126495596874903e-07,2.398992594211359e-08,-3.719422389728367e-08,7.922978889986984e-09,-1.2279277113318459e-08,2.6163707996901158e-09,-4.04970160416812e-09,8.631024773171496e-10,-1.3229561178655202e-09,2.820290208803922e-10,-3.938748475915018e-10,8.39842577757917e-11,37.23081613394466,2.639381279934587,-14.372083294398383,821.6176241271959,0.4824503336974401,-2.485069601330587
198.5,994.8732995025662,-0.3575869810149777,0.0962053422477912,-0.3575869810149777,0.0962053422477912,-0.07933940249728268,0.02817110544222325,-0.02364289230184084,0.008957992100113638,-0.007554886887767078,0.0029177392755949656,-0.0024641852743958045,0.0009575966682243792,-0.000808999471756478,0.0003150585387766744,-0.0002661597960613834,0.0001037411051701677,-8.762844875675675e-05,3.4172072828399565e-05,-2.8858845023684134e-05,1.1256281147271995e-05,-9.50413875608436e-06,3.7078191271071877e-06,-3.1300162316265556e-06,1.2213556570965531e-06,-1.0308142287019933e-06,4.0231455941017054e-07,-3.3947997269360984e-07,1.3252239913223872e-07,-1.1180142795681839e-07,4.3652816149245824e-08,-3.6819285948025184e-08,1.4379045296994431e-08,-1.2124269973083905e-08,4.735872371484008e-09,-3.9883667192231895e-09,1.5582196231422418e-09,-1.2997034801586757e-09,5.078834576980274e-10,-3.861519141670725e-10,1.5092118972444105e-10,37.40350452595266,2.6744959322052715,-14.009876249296072,821.5314421434158,0.9246611296039128,-2.565850986891188
199.0,1001.5282954651979,-0.369577279455886,0.14324782127898117,-0.369577279455886,0.14324782127898117,-0.08087534619471881,0.0395728713668921,-0.023974411909057948,0.012363119343271015,-0.007631946146501242,0.0039958983671028936,-0.0024807434266849618,0.0013052117252487492,-0.0008116928107626737,0.0004277825999301807,-0.000266151321068063,0.00014036083869051847,-8.733245629192023e-05,4.6074765967294366e-05,-2.8665116160124106e-05,1.5125576733242877e-05,-9.408745834328813e-06,4.9654744125974505e-06,-3.088230919735587e-06,1.6300823789469014e-06,-1.013649453786686e-06,5.351288322310756e-07,-3.3270992453128507e-07,1.7567383830686165e-07,-1.0920516514874025e-07,5.7670708598689174e-08,-3.5843927135022286e-08,1.893208555742948e-08,-1.1763631598888612e-08,6.2143398220453446e-09,-3.85686596532366e-09,2.0377854098031938e-09,-1.2528114691741872e-09,6.620298975940358e-10,-3.712171226985916e-10,1.9618999344560696e-10,37.58399689414417,2.6761755691761047,-13.651114519803949,821.4369569607013,1.2990168659090853,-2.63295085573542
199.5,1009.3034829478912,-0.37745803446322146,0.1819316201726395,-0.37745803446322146,0.1819316201726395,-0.08174528014653218,0.04793721181578815,-0.024113209950800556,0.014762177293699129,-0.0076449878776488865,0.004738106346784211,-0.00247527992974925,0.001540116390777808,-0.0008067604020492542,0.000502642232939377,-0.00026350649074029827,0.00016426075819181101,-8.612864846655103e-05,5.370636423685018e-05,-2.815999780152554e-05,1.7561753359090107e-05,-9.206988500837616e-06,5.742618875208316e-06,-3.0102501331061227e-06,1.8778120169863269e-06,-9.842095204272841e-07,6.140365569214964e-07,-3.2178995578495625e-07,2.0078732155091275e-07,-1.0520996813864245e-07,6.56565150042059e-08,-3.439825885643654e-08,2.1469134053276342e-08,-1.1245293471591989e-08,7.019496245734496e-09,-3.6726678930073014e-09,2.2928391462947353e-09,-1.1885189417044135e-09,7.420838253003446e-10,-3.510616743532393e-10,2.19218103870407e-10,37.75785277907824,2.643646764465463,-13.320430875378513,821.3426269637686,1.579674518988985,-2.6817948173275643
200.0,1017.6865748643805,-0.3805963388063875,0.20611319925565771,-0.3805963388063875,0.20611319925565771,-0.08190478495935433,0.05268545767895779,-0.02405682284505581,0.016061014443177368,-0.007595977956119922,0.005124902000545671,-0.0024493140224754683,0.001658041584918502,-0.0007949930746399864,0.000538779358430061,-0.00025858315479349963,0.00017532394551622124,-8.41674275487139e-05,5.7082109317902346e-05,-2.740390192703242e-05,1.8587351732173728e-05,-8.922380814114579e-06,6.052503113530871e-06,-2.9050198581446105e-06,1.970845251070004e-06,-9.458395065657007e-07,6.417561264397844e-07,-3.079539239796793e-07,2.0897169674387194e-07,-1.002659658471982e-07,6.804628519466245e-08,-3.264500144547822e-08,2.2157293946944443e-08,-1.0627619838066477e-08,7.2141496833957875e-09,-3.4565396358897277e-09,2.3466025344598163e-09,-1.1140880483143062e-09,7.564231076008883e-10,-3.2796667288779475e-10,2.2269719585046772e-10,37.911265189312374,2.577938246236398,-13.040195628972906,821.2567727569572,1.747295467411839,-2.7090864045195193
200.5,1026.1308777411527,-0.3788730498546274,0.21162147316077798,-0.3788730498546274,0.21162147316077798,-0.081371268550813,0.05356601190650052,-0.023818724165212538,0.01624398138572601,-0.007491824538057842,0.005160429906608168,-0.0024059634760103853,0.0016624719148408983,-0.0007777001429816952,0.0005379534045519817,-0.00025190572028627374,0.0001743220674377026,-8.165192340946122e-05,5.651827244417393e-05,-2.64736491471995e-05,1.8326655758108622e-05,-8.583436492301319e-06,5.942614604096732e-06,-2.782970398543257e-06,1.926956491801763e-06,-9.023104154161166e-07,6.248362924761502e-07,-2.925521571863008e-07,2.026098408575498e-07,-9.485280318979021e-08,6.569833364532815e-08,-3.075335998878376e-08,2.13031440725814e-08,-9.969938901733841e-09,6.907017283645087e-09,-3.229149258277843e-09,2.237344380947058e-09,-1.036607524794428e-09,7.182973389446413e-10,-3.0412461379345804e-10,2.1075571633062087e-10,38.0316751942152,2.4818293239922626,-12.828929682932648,821.1873568639248,1.7903561680157378,-2.7133865136888287
201.0,1034.0896561537597,-0.37271959868575727,0.1976861366385576,-0.37271959868575727,0.1976861366385576,-0.08022413645366568,0.05061276389843605,-0.023427240417894468,0.015345942181460131,-0.007343682925814472,0.004861694951842753,-0.002349600068133535,0.001560701453678266,-0.0007565569519361184,0.0005031098826112428,-0.00024410207885480726,0.00016239982270105125,-7.88130521206424e-05,5.244776287664067e-05,-2.5452909098041383e-05,1.6940134188256834e-05,-8.220092536303904e-06,5.471504036626515e-06,-2.6547032781113857e-06,1.7672443471870787e-06,-8.573442918648052e-07,5.708032976111835e-07,-2.768818500733859e-07,1.8436407488260799e-07,-8.941971231976e-08,5.9547793799618414e-08,-2.8878042232030246e-08,1.923316455405864e-08,-9.325260843229615e-09,6.21147215443067e-09,-3.0085596768655137e-09,2.0042065795132254e-09,-9.621454967557594e-10,6.410225575557203e-10,-2.813801939373945e-10,1.8748522527581822e-10,38.10839542756927,2.3597065852063883,-12.700036856602404,821.1416870373142,1.7059313684543862,-2.695417613269096
201.5,1041.0504971918836,-0.3630390030309754,0.16711098126339344,-0.3630390030309754,0.16711098126339344,-0.07859586751783258,0.04410803051630063,-0.022922653444371926,0.013437923975154345,-0.007165809512560572,0.004253145947345227,-0.0022853953415389494,0.0013617705572971622,-0.0007334301019233066,0.00043760261758736167,-0.0002358383813690871,0.00014078653851586496,-7.588580522108635e-05,4.5314952799228824e-05,-2.4423759676593123e-05,1.4586583975755665e-05,-7.860759135643635e-06,4.695325028655919e-06,-2.529976340436948e-06,1.5113941098532368e-06,-8.142699842037339e-07,4.865077747148259e-07,-2.620718338522978e-07,1.566036211353758e-07,-8.434742697698244e-08,5.040961535695978e-08,-2.7146832699452747e-08,1.6226348492056822e-08,-8.73627541536157e-09,5.222614756758598e-09,-2.808958178226827e-09,1.6794485769133167e-09,-8.953544447990283e-10,5.353950444839775e-10,-2.6112020970497257e-10,1.5615956949683232e-10,38.133253763217155,2.2173383749549416,-12.660950094154373,821.1260040624232,1.499900073172003,-2.6580193318320484
202.0,1046.5675156998414,-0.3510382372977783,0.1251888027210928,-0.3510382372977783,0.1251888027210928,-0.07665574486661703,0.03456525921687081,-0.022352950652935917,0.010628869192762343,-0.006974145168936848,0.003367108414320188,-0.0022188282936362064,0.0010764210354853644,-0.0007102075060510842,0.0003451096404561196,-0.00022776143506529693,0.0001107466198761802,-7.309012379054865e-05,3.555291658322297e-05,-2.3460465131703497e-05,1.1413754119102995e-05,-7.5303391977856336e-06,3.664222111665317e-06,-2.4170879838839863e-06,1.1763459706556295e-06,-7.758367995317118e-07,3.7764900335402645e-07,-2.490280386103284e-07,1.212387844431781e-07,-7.993292452222392e-08,3.8921931577036666e-08,-2.5656599905011092e-08,1.2495197764698817e-08,-8.234422053282803e-09,4.01099808029956e-09,-2.6404914523900717e-09,1.286408910678659e-09,-8.394663839865211e-10,4.0904415527157375e-10,-2.442838192582282e-10,1.1904819899930462e-10,38.10122534684152,2.0615791526533336,-12.712746311580746,821.1449666013029,1.1865572703937444,-2.6057587627467558
202.5,1050.2893767130374,-0.3380229236175705,0.07794962568968317,-0.3380229236175705,0.07794962568968317,-0.07458917572801273,0.02271145020162236,-0.021768797190686386,0.007075382831893016,-0.006784799556920576,0.0022474968576376153,-0.0021552095340771024,0.0007182417776641486,-0.0006886499127359977,0.00022997134674420267,-0.00022045336732902216,7.368170864270234e-05,-7.061746815749012e-05,2.3612653164740288e-05,-2.2625653474534753e-05,7.567107220255261e-06,-7.249200635830335e-06,2.42501811525131e-06,-2.3226250618832717e-06,7.771414731690061e-07,-7.44163032440409e-07,2.4904921734623434e-07,-2.3842787833958517e-07,7.981237501444666e-08,-7.639159316213262e-08,2.5577310621164737e-08,-2.4475417583577725e-08,8.196633603571397e-09,-7.841078780740525e-09,2.6264991549388296e-09,-2.5098223141474113e-09,8.408915582367764e-10,-7.96528200040427e-10,2.669259830388785e-10,-2.3144652905792213e-10,7.757440579116916e-11,38.010977694743275,1.9000176044698858,-12.8502415101579,821.2011000728019,0.7876493574412324,-2.5442753611117626
203.0,1051.9813743336226,-0.3252081566877911,0.030610148787801782,-0.3252081566877911,0.030610148787801782,-0.07257614528105129,0.009438053959109394,-0.021218387651317113,0.0029870320257291325,-0.006612598289333495,0.0009529810178527494,-0.002099261358848705,0.0003048110303808663,-0.0006702718436791652,9.757296925217065e-05,-0.0002143992440581687,3.124524115453415e-05,-6.862258655962705e-05,1.0005487198814666e-05,-2.1968464805099056e-05,3.204000685738205e-06,-7.032865854090809e-06,1.0259990532124925e-06,-2.2514637463286564e-06,3.2854988477339917e-07,-7.207714544883284e-07,1.0520967380066996e-07,-2.307438619834536e-07,3.369069633680734e-08,-7.386901896064772e-08,1.0788570276458796e-08,-2.3647789298659863e-08,3.4547277850828716e-09,-7.569726080575114e-09,1.106178192076122e-09,-2.420989794615387e-09,3.538823821962058e-10,-7.67728501032526e-10,1.1225120455651637e-10,-2.2292935149413112e-10,3.2602406214779884e-11,37.865225486019554,1.740583964185492,-13.062535149822365,821.2943168950305,0.33088845417817647,-2.479497271851082
203.5,1051.5401797462025,-0.3135837704582619,-0.013704364791916517,-0.3135837704582619,-0.013704364791916517,-0.07077234417273845,-0.004320936423379395,-0.020742879113074673,-0.0013770055603009573,-0.006469849768152747,-0.0004403148924140279,-0.0020547844657459132,-0.00014094823561683115,-0.0006562551326372167,-4.5137759487903054e-05,-0.00020996634721790483,-1.4456036033696814e-05,-6.721927296450062e-05,-4.629759655289663e-06,-2.1524013058938973e-05,-1.4827491032240262e-06,-6.8921176575073275e-06,-4.748723619862241e-07,-2.206897274456465e-06,-1.5208490731728248e-07,-7.06661692915831e-07,-4.870744363170284e-08,-2.2627727459129485e-07,-1.559927858372919e-08,-7.24552604417386e-08,-4.995894786650186e-09,-2.3200371626916016e-08,-1.5999930034805e-09,-7.428160858955429e-09,-5.12370561879361e-10,-2.3762404587147835e-09,-1.6393534392372098e-10,-7.536997949270103e-10,-5.200648734176676e-11,-2.1889543908278085e-10,-1.5106393885784474e-11,37.67079048093171,1.591133769088375,-13.33393511268259,821.4216284765022,-0.15196101206019147,-2.416889424850762
204.0,1049.0003317011322,-0.3038488684718375,-0.0606499086569411,-0.3038488684718375,-0.0606499086569411,-0.06929588779888578,-0.018053564517469114,-0.020373062447061118,-0.005660719636469883,-0.006365475410936937,-0.0018025032373383814,-0.002024436840009779,-0.0005767327629984661,-0.0006473966006971362,-0.000184815702419086,-0.00020739346370467538,-5.925750090189707e-05,-6.647890754108643e-05,-1.9002576650797627e-05,-2.1313561414817535e-05,-6.0937082035464955e-06,-6.833263615749526e-06,-1.954118136039978e-06,-2.190787859715746e-06,-6.266426875322001e-07,-7.023805416517464e-07,-2.0095051917232193e-07,-2.2518765345682938e-07,-6.444040283112533e-08,-7.21965202808587e-08,-2.0664597315940325e-08,-2.3146426238963712e-08,-6.6266133025741715e-09,-7.420148569599237e-09,-2.1247958877081373e-09,-2.3766287100186733e-09,-6.807104444621305e-10,-7.547314128075598e-10,-2.1621557949483422e-10,-2.1941799427771193e-10,-6.287034741357417e-11,37.4382912941663,1.4590273014679795,-13.645166929951364,821.5771495412172,-0.6272943918896003,-2.360879029185999
204.5,1044.5320616458635,-0.2964102490061809,-0.10997631063565559,-0.2964102490061809,-0.10997631063565559,-0.06822139786972975,-0.030936424427116797,-0.020127752485333196,-0.009565812149566035,-0.006304610274576238,-0.003037494009446442,-0.0020096434048161417,-0.0009724394430068659,-0.0006440908960861043,-0.0003121300626624266,-0.00020678901519264692,-0.00010026932289469176,-6.643095936166888e-05,-3.222269873059401e-05,-2.1345017961305125e-05,-1.0355146117858673e-05,-6.858395484612331e-06,-3.3277489265640174e-06,-2.203679971447427e-06,-1.0694115543839728e-06,-7.080672702281127e-07,-3.4366807312191176e-07,-2.2750999022267588e-07,-1.1044179584414949e-07,-7.31014512515632e-08,-3.54917412401935e-08,-2.3488075310217994e-08,-1.1405571505316126e-08,-7.546215122192734e-09,-3.6649416672118154e-09,-2.4222910887456075e-09,-1.176608957130338e-09,-7.708619437477703e-10,-3.744969206253501e-10,-2.2450824841264324e-10,-1.0908358330248803e-10,37.1814420966152,1.350725896459913,-13.974757504138427,821.7524463865171,-1.0620204745335853,-2.3145561132062236
205.0,1038.4305901625428,-0.2914282810343089,-0.15716110769594904,-0.2914282810343089,-0.15716110769594904,-0.06758175044381454,-0.04199813479149181,-0.02001407460675293,-0.012845442392890713,-0.006288715252374867,-0.0040739619740504255,-0.0020106428115184687,-0.0013063918793916867,-0.0006463484374305186,-0.00042038189796045675,-0.00020813741777084662,-0.00013542496536407227,-6.706509742623164e-05,-4.3646286633972744e-05,-2.1613597458591076e-05,-1.406771010683349e-05,-6.965584379660676e-06,-4.534187966285321e-06,-2.2448537677308475e-06,-1.4614219607963526e-06,-7.234667059730867e-07,-4.710334333041313e-07,-2.3315728946265598e-07,-1.518195825556121e-07,-7.514135255021631e-08,-4.8933177000892884e-08,-2.4216133448454963e-08,-1.5771565823530626e-08,-7.803510193083496e-09,-5.082830074254613e-09,-2.5123733177866127e-09,-1.6366096859086847e-09,-8.018462117082513e-10,-5.223913093966888e-10,-2.341026897862793e-10,-1.5252756241122684e-10,36.916005929010176,1.2714275151971965,-14.30048569590161,821.9372144526474,-1.4258845286567716,-2.2796779187023226
205.5,1031.0975672610482,-0.28889086339421866,-0.1962128005353393,-0.28889086339421866,-0.1962128005353393,-0.06737627854002938,-0.050385070591746864,-0.020029448455157254,-0.01530359371558436,-0.006316153669787068,-0.004855695774509055,-0.002026659417264471,-0.0015610929967050627,-0.0006538456420442629,-0.0005039805763687751,-0.00021131313620769584,-0.00016292148450466036,-6.833487081235693e-05,-5.269406724030449e-05,-2.2102682489765253e-05,-1.7044881338602205e-05,-7.149037780658685e-06,-5.513485578578465e-06,-2.312332050436862e-06,-1.7834400006304424e-06,-7.479159595435641e-07,-5.768870082507044e-07,-2.4191085387630434e-07,-1.8660486659968446e-07,-7.824515435943568e-08,-6.036076234892754e-08,-2.5307846095800506e-08,-1.9524597909838222e-08,-8.184859072112223e-09,-6.314918477889182e-09,-2.6446503258130863e-09,-2.040583067942751e-09,-8.470107839313697e-10,-6.535871400401743e-10,-2.480159268480077e-10,-1.9138953008389883e-10,36.65851095927688,1.224763818528947,-14.600807031123512,822.1202039037191,-1.6935897903377233,-2.2569328288973787
206.0,1023.0158227089078,-0.2886970231739967,-0.22088807687828713,-0.2886970231739967,-0.22088807687828713,-0.06758290731544832,-0.05543933469677633,-0.02016469602220728,-0.016797917854010195,-0.006383088725756965,-0.005340788835454533,-0.00205616539556654,-0.0017228209149863457,-0.0006659997039985017,-0.0005582958035235861,-0.00021610110115416033,-0.00018118759860515497,-7.016290457004304e-05,-5.883385962391939e-05,-2.27849869632063e-05,-1.9106865488220286e-05,-7.399289325629162e-06,-6.205139541545589e-06,-2.402875303487994e-06,-2.0151791360476193e-06,-7.803194870656047e-07,-6.544489244509049e-07,-2.534040908674291e-07,-2.125385965209273e-07,-8.229137370349308e-08,-6.902388180121268e-08,-2.6723323654818795e-08,-2.2415912277671193e-08,-8.677280598675441e-09,-7.278978705835308e-09,-2.814938441014732e-09,-2.3614375981453748e-09,-9.05029393963039e-10,-7.59259652991043e-10,-2.658650754799637e-10,-2.230518773936178e-10,36.42488174520923,1.2125789433757592,-14.856180823877539,822.2902615484344,-1.8465640776853653,-2.2463592864586714
206.5,1014.7190129363125,-0.29073310911966677,-0.22656330512858025,-0.29073310911966677,-0.22656330512858025,-0.06817083016020943,-0.05673595004248534,-0.020407416779719186,-0.01723256750989934,-0.006484474464714629,-0.005498462669204099,-0.002097174109735627,-0.0017806409603284934,-0.0006820536456645598,-0.0005793727825602325,-0.00022222044756247005,-0.0001887994085285834,-7.24471460609504e-05,-6.15578891027107e-05,-2.3624040954733456e-05,-2.0074102008507033e-05,-7.703482349476301e-06,-6.5461889168541134e-06,-2.5120020888610744e-06,-2.1347201113295745e-06,-8.191301188215039e-07,-6.96134797243985e-07,-2.6710728949002775e-07,-2.2701036721214345e-07,-8.70999856959913e-08,-7.402825927007481e-08,-2.8401790123657835e-08,-2.4140411423800764e-08,-9.26038416216604e-09,-7.871317718013913e-09,-3.0164420604414345e-09,-2.5640872857249926e-09,-9.736704354287101e-10,-8.276916599547e-10,-2.869850021843863e-10,-2.439672546750888e-10,36.22915260777247,1.2348061334137774,-15.05024720222104,822.4373355194203,-1.8742486569309031,-2.247782290355649
207.0,1006.7580717231793,-0.2949259151051171,-0.21190154746890683,-0.2949259151051171,-0.21190154746890683,-0.06911014541167561,-0.05409918097910445,-0.020744666775074725,-0.016551344733629493,-0.006614869825119973,-0.005306782437662905,-0.0021474896363228393,-0.0017258537699041735,-0.0007011515624862718,-0.0005638294044811366,-0.0002293465527808156,-0.0001844720484240247,-7.506705160161798e-05,-6.0387728015120244e-05,-2.4575816385117258e-05,-1.977119217542074e-05,-8.045750272635379e-06,-6.473170175728257e-06,-2.6340568443593013e-06,-2.1193427128776978e-06,-8.623503249117713e-07,-6.938815679926747e-07,-2.8232040183156377e-07,-2.271796652927322e-07,-9.242730078443582e-08,-7.437946211881416e-08,-3.025891692154347e-08,-2.435183603811379e-08,-9.905144219345648e-09,-7.971952170229134e-09,-3.2392289081769863e-09,-2.607179465668261e-09,-1.0495843369833e-09,-8.448336694038245e-10,-3.103540283141057e-10,-2.4982271796387175e-10,36.08241402624489,1.2894525362449492,-15.170812760852163,822.5533002599425,-1.7748243116103641,-2.2611329661618953
207.5,999.6665727071247,-0.30126000486474924,-0.17945354396771918,-0.30126000486474924,-0.17945354396771918,-0.07037557356489546,-0.04762908020346866,-0.02116413139359326,-0.014743167222692873,-0.006768834447947327,-0.004754967085836333,-0.002204840583279859,-0.0015530416754998956,-0.0007223831754394479,-0.0005093060348024981,-0.00023712555463824546,-0.0001672429437506933,-7.788819849086235e-05,-5.49458951608275e-05,-2.5590145366548575e-05,-1.8054079235254537e-05,-8.407634949493475e-06,-5.932195226380146e-06,-2.7623260562543567e-06,-1.949196061952333e-06,-9.075614217172644e-07,-6.404653060749144e-07,-2.9817900026642967e-07,-2.1044355682813933e-07,-9.796648720603763e-08,-6.914728164506639e-08,-3.21864405016232e-08,-2.272006231105402e-08,-1.0573564944610416e-08,-7.464435470242814e-09,-3.470043301991967e-09,-2.4499046272179485e-09,-1.128216395234452e-09,-7.966070554332522e-10,-3.3456103121005695e-10,-2.362427433973605e-10,35.99210009892058,1.3726953814112737,-15.210605308300792,822.6324998849449,-1.5553297102931358,-2.286555093956453
208.0,993.9271801272707,-0.3097525362606128,-0.13481485204562962,-0.3097525362606128,-0.13481485204562962,-0.07194300407648177,-0.03774421199049868,-0.021653423368148874,-0.011863862788487533,-0.006940786907219883,-0.003851660032943268,-0.002266859371453837,-0.001263155151296093,-0.0007447853915317437,-0.00041560929101185567,-0.0002451776261759941,-0.0001368920306321522,-8.076426888279781e-05,-4.510881948821114e-05,-2.6611665002657375e-05,-1.4865301749869147e-05,-8.768490371921327e-06,-4.898758127231717e-06,-2.8892000282610474e-06,-1.6143521035563591e-06,-9.519856124200075e-07,-5.319986427138848e-07,-3.1367730477123303e-07,-1.7531647221404787e-07,-1.0335589365447959e-07,-5.777425532082886e-08,-3.405510195378241e-08,-1.903885267815244e-08,-1.1219698082033328e-08,-6.273345248863105e-09,-3.692650175059098e-09,-2.06497730114749e-09,-1.2039197838260625e-09,-6.733358749556344e-10,-3.57838989113936e-10,-2.0015650543060198e-10,35.961665562177345,1.4790851044637774,-15.16775415029046,822.6719674565556,-1.231166675277099,-2.3242665630720967
208.5,989.941295842701,-0.3203879081167439,-0.08469780253238238,-0.3203879081167439,-0.08469780253238238,-0.07377990169427463,-0.025206030245573934,-0.02219779776829445,-0.008065018802345721,-0.007124407624078119,-0.002636428986972809,-0.002330930146910489,-0.0008677456379948251,-0.0007673074428045557,-0.00028624386890150927,-0.00025309092188805117,-9.449331495680839e-05,-8.353699534938182e-05,-3.120402287803511e-05,-2.7580486004121516e-05,-1.0304337869966735e-05,-9.10594407763361e-06,-3.402746476981174e-06,-3.0064088567289626e-06,-1.1236707988386163e-06,-9.925927497755003e-07,-3.710638017555119e-07,-3.2771331882233133e-07,-1.2253439807788957e-07,-1.0819732097020764e-07,-4.046381946809499e-08,-3.572182330508106e-08,-1.336196753338007e-08,-1.1792395765137182e-08,-4.41189527581467e-09,-3.8888712161849745e-09,-1.455233132104015e-09,-1.2703350582167954e-09,-4.754559198705194e-10,-3.7818810342168924e-10,-1.4156936503760035e-10,35.99063755890871,1.6018435420347346,-15.045949875362016,822.6713417358436,-0.8250251915008818,-2.374216385832569
209.0,988.0038098324503,-0.3330249232536525,-0.03496969204408088,-0.3330249232536525,-0.03496969204408088,-0.0758328993206129,-0.011068091002929716,-0.022777253519161992,-0.0036084702185360694,-0.007311886503021084,-0.0011874866164808865,-0.0023939995816903365,-0.00039197080399457806,-0.0007887691928938367,-0.00012951259952164378,-0.0002604154304306006,-4.2810744536843404e-05,-8.603692955898251e-05,-1.4151956493648068e-05,-2.843346585854341e-05,-4.67821512472899e-06,-9.396685640680026e-06,-1.5464785210676655e-06,-3.105414630605e-06,-5.112197169495197e-07,-1.026276736682511e-06,-1.689940023601144e-07,-3.391636576597725e-07,-5.58643723083566e-08,-1.1208656259677258e-07,-1.8467068839225607e-08,-3.704182990574502e-08,-6.104577910912784e-09,-1.2240024372261428e-08,-2.0177352458934253e-09,-4.0403856104176125e-09,-6.662277638720029e-10,-1.321059289719279e-09,-2.1788946131834036e-10,-3.935960272471213e-10,-6.493218857598937e-11,36.07497348885145,1.7332388149244455,-14.854244297778505,822.6325565494194,-0.36529837131506304,-2.4356395757674303
209.5,988.2845407151202,-0.34729887937780834,0.01069146700277941,-0.34729887937780834,0.01069146700277941,-0.07801737438565187,0.003490472123515872,-0.02336439632395765,0.0011489961247332975,-0.0074934463184694825,0.00037925233027556813,-0.0024524883920229385,0.00012529239705830647,-0.0008078564943088915,4.140818612563823e-05,-0.0002666705107879811,1.3685664230910743e-05,-8.808927356004712e-05,4.523197535695974e-06,-2.910735867155855e-05,1.4949450462257898e-06,-9.617951135285071e-06,4.940886779991232e-07,-3.1780617720222168e-06,1.6329939479271218e-07,-1.0501276541185972e-06,5.397146927796982e-08,-3.4699386195012055e-07,1.78379048540063e-08,-1.1465708746183732e-07,5.895530077901859e-09,-3.7885643685563686e-08,1.948482529252026e-09,-1.2516977035297557e-08,6.439039801375891e-10,-4.1311914156486505e-09,2.1256717422715766e-10,-1.350555157481169e-09,6.950708414215851e-11,-4.023355206135299e-10,2.071025479959482e-11,36.207622705215535,1.8650135615397132,-14.606471514519608,822.559408836874,0.11590632974269752,-2.506646640731347
210.0,990.81753246941,-0.36254829791951876,0.057817382420883176,-0.36254829791951876,0.057817382420883176,-0.08021372619688864,0.017768073632914223,-0.0239243206098327,0.005736078256031486,-0.0076575243169856875,0.001879864043522497,-0.0025024227507711517,0.0006190723395159643,-0.0008231902557840608,0.00020419470283418337,-0.0002713770350902156,6.739010931383845e-05,-8.952786808345364e-05,2.224480779198156e-05,-2.9544650246172964e-05,7.342790785293429e-06,-9.74988432895345e-06,2.4237825299334075e-06,-3.217511240474619e-06,8.00066611440112e-07,-1.0617949987977672e-06,2.640940615416045e-07,-3.503976745989818e-07,8.717482048876585e-08,-1.1563283668792736e-07,2.877550213681118e-08,-3.815890136404671e-08,9.49837833514934e-09,-1.259105242715776e-08,3.134926853996618e-09,-4.150328191964931e-09,1.033615386917737e-09,-1.3551359265130633e-09,3.3757227105089945e-10,-4.0328287864310397e-10,1.004809096955701e-10,36.379182691260525,1.9888402356265034,-14.32030414755075,822.4571131835539,0.5850211439676931,-2.583983106525011
210.5,995.4988799045543,-0.3777983021342131,0.10643738057142227,-0.3777983021342131,0.10643738057142227,-0.08227323600192417,0.030781786362053136,-0.024417090287654535,0.009752986063681393,-0.007791753340003555,0.00317244632549118,-0.0025398186264123314,0.00104051465001397,-0.0008334750944596179,0.0003421915471072171,-0.0002741140851029889,0.00011263467455329527,-9.021653216409158e-05,3.708888395670356e-05,-2.9701504871229647e-05,1.2213088093648532e-05,-9.778467115896289e-06,4.021677247902947e-06,-3.2193122666860345e-06,1.3243078027970236e-06,-1.0598768899080254e-06,4.360845045470843e-07,-3.489375282118533e-07,1.4359929623534223e-07,-1.1487866448123782e-07,4.7286090251050394e-08,-3.782038195859898e-08,1.557074263780907e-08,-1.2449869070884518e-08,5.12669536504227e-09,-4.094149383727987e-09,1.6862626730495387e-09,-1.3337579524620234e-09,5.494452131215721e-10,-3.961659899739942e-10,1.6322866908944895e-10,36.57855940702705,2.0967764504831954,-14.015998898292821,822.3319241200143,1.0093749722342868,-2.663058086399847
211.0,1002.0932195386379,-0.3918256335377887,0.1514119488162488,-0.3918256335377887,0.1514119488162488,-0.08403335778299531,0.04142834231066671,-0.02480242497191246,0.012908941361591757,-0.007884552174641431,0.00416820158210462,-0.0025612368071752287,0.0013607966089361561,-0.0008376934178258601,0.00044583897698528043,-0.0002745863752699825,0.0001462393845223975,-9.00722672490195e-05,4.7989961235450466e-05,-2.955568075169306e-05,1.574971313820087e-05,-9.698193401624081e-06,5.168861518215619e-06,-3.182297031187043e-06,1.6963565697091441e-06,-1.0442165699107467e-06,5.567232861520378e-07,-3.426418364727665e-07,1.8270968572209333e-07,-1.1243192789769132e-07,5.99629807117196e-08,-3.689214624375665e-08,1.9678855780964457e-08,-1.2104077848967382e-08,6.457582146309853e-09,-3.967322504629035e-09,2.1169356251385066e-09,-1.2883254433550752e-09,6.875515380410197e-10,-3.8164931720570845e-10,2.037054081011125e-10,36.79357969445851,2.181694741533093,-13.714923864222131,822.1908611663314,1.359480486307512,-2.738278424883017
211.5,1010.2484780649785,-0.40331028491054427,0.18645586431948363,-0.40331028491054427,0.18645586431948363,-0.08533923653538251,0.04886268305061211,-0.02504538876363288,0.015022602859054792,-0.00792688271701419,0.004817798584849847,-0.0025643450138779006,0.001565115377884379,-0.0008352847848020511,0.0005105416120232177,-0.0002726805191389576,0.0001667611367703851,-8.908246110922991e-05,5.4497685423698786e-05,-2.9111617173720028e-05,1.7812029308382112e-05,-9.513502924777248e-06,5.821685555200647e-06,-3.108956030744586e-06,1.9027603239622957e-06,-1.0159882794425322e-06,6.218983774783833e-07,-3.3201886516445546e-07,2.0326130302676555e-07,-1.0850164161053142e-07,6.643385766356627e-08,-3.545724955964985e-08,2.1712979266589572e-08,-1.1585871540753456e-08,7.095847051140368e-09,-3.782074004432957e-09,2.3166818638632833e-09,-1.2233531717144722e-09,7.494576058801911e-10,-3.6120943284911627e-10,2.2131131884418688e-10,37.01154857409647,2.2376642203289823,-13.437988402867957,822.0415195529102,1.6110842127544303,-2.803651139318867
212.0,1019.5179517338105,-0.4110485061597205,0.20579598650507844,-0.4110485061597205,0.20579598650507844,-0.08606638964612237,0.05257816499839521,-0.025121601162594282,0.016016077457371755,-0.007913683750151192,0.005106220163276746,-0.0025483198781005825,0.001650534615445338,-0.0008262537488555151,0.0005358570123645813,-0.00026849117095020553,0.00017421491028752205,-8.730990227450413e-05,5.666950967824961e-05,-2.840072564282028e-05,1.8436200585227384e-05,-9.238370401297108e-06,5.997819531074682e-06,-3.005116440744414e-06,1.951260993955424e-06,-9.775235583781353e-07,6.348005969507216e-07,-3.179750974925497e-07,2.065186312665027e-07,-1.0343285162280455e-07,6.718629015654121e-08,-3.364490300868063e-08,2.1857348333521596e-08,-1.0943003366951481e-08,7.110018174036172e-09,-3.555839162093781e-09,2.3106384372472507e-09,-1.1450727138441225e-09,7.441779969253372e-10,-3.3683562476897233e-10,2.1893087244977904e-10,37.21978149073949,2.260265759068331,-13.204109492133256,821.8919075479818,1.746833962531965,-2.8535492455952616
212.5,1029.3883293497556,-0.4141737705867316,0.20610392128244615,-0.4141737705867316,0.20610392128244615,-0.08613937214282262,0.052401960823174956,-0.025020783280088967,0.015889033198968342,-0.007844642280648918,0.005041877631983852,-0.0025139888958567004,0.0016219184361757485,-0.0008111779196654775,0.0005240148607044253,-0.00026230977429549996,0.0001695354645152397,-8.488408082037948e-05,5.48785084165476e-05,-2.7476745117442633e-05,1.7766345337925488e-05,-8.89414734572819e-06,5.751669200195627e-06,-2.8790111992625687e-06,1.862042976187764e-06,-9.319280496455186e-07,6.0281700564194e-07,-3.0166252688394354e-07,1.9515570071857048e-07,-9.76472202944308e-08,6.317954988230892e-08,-3.160778101785744e-08,2.0453489440147024e-08,-1.0230248169387373e-08,6.620888782473143e-09,-3.308092712710777e-09,2.1412344417028017e-09,-1.0602839714125777e-09,6.863780251799352e-10,-3.1066015670219657e-10,2.0112805306941357e-10,37.40615882038934,2.2468268551849917,-13.028845383737366,821.7502323402382,1.75745162174149,-2.88349128354428
213.0,1039.311898127976,-0.41232193135057227,0.187634848914452,-0.41232193135057227,0.187634848914452,-0.08554259068209921,0.04845285923079147,-0.02474805293537307,0.014693650363119938,-0.007724199586707909,0.004647026359051649,-0.002463704319387411,0.0014883787070559332,-0.0007911230513033537,0.0004786110329020141,-0.00025458175009271573,0.00015410077431932064,-8.198205038630327e-05,4.964076823825969e-05,-2.6407734743950956e-05,1.599241823998102e-05,-8.506355366165274e-06,5.1521652507083384e-06,-2.7400336391129393e-06,1.6598369515978169e-06,-8.826088190543249e-07,5.347380261590622e-07,-2.8430243880193535e-07,1.7227278041592387e-07,-9.157827765361825e-08,5.549985142733443e-08,-2.9498515623358366e-08,1.787980494248709e-08,-9.500958386198093e-09,5.759612316264405e-09,-3.0573469257189025e-09,1.8536744797154906e-09,-9.753075514067431e-10,5.914135577345917e-10,-2.846294038734274e-10,1.7261592093126696e-10,37.55974113461227,2.1965665895727335,-12.923309940825433,821.6245667418152,1.6423396464729219,-2.8907749331907415
213.5,1048.7409088290644,-0.40569191385425635,0.15400956763881585,-0.40569191385425635,0.15400956763881585,-0.08432150215500427,0.04110505288880495,-0.024322966910351063,0.012523462674681355,-0.007560887688808206,0.003953462442864029,-0.0024010105520533166,0.0012615491382458937,-0.0007674959234800096,0.0004039259134074027,-0.00024584591506950364,0.0001294694758798058,-7.880463832651158e-05,4.151665419345953e-05,-2.5267034729810818e-05,1.331374398681843e-05,-8.10133841770186e-06,4.269510209087669e-06,-2.597522218204355e-06,1.3691653847949128e-06,-8.328403604345715e-07,4.390699964621958e-07,-2.670325564439429e-07,1.4080288992359315e-07,-8.561823114216667e-08,4.515324462792431e-08,-2.745138574390103e-08,1.4479792385571928e-08,-8.800822163573108e-09,4.642977774238044e-09,-2.8190460776896755e-09,1.4874777134930884e-09,-8.952875289103004e-10,4.724800202163622e-10,-2.6029579999230383e-10,1.3738819667171085e-10,37.67145105272023,2.1106448189588893,-12.893452894228584,821.5223662276618,1.4095912396617267,-2.874833668676135
214.0,1057.1619409189323,-0.39498746798101514,0.11084381639315344,-0.39498746798101514,0.11084381639315344,-0.08257454654264298,0.0309637642116521,-0.023776703395628433,0.009515383470669759,-0.007366196682849744,0.003003087283064994,-0.002330194958698258,0.0009555435660319863,-0.0007418724278194429,0.0003048232944949989,-0.00023667087313270264,9.731980977054541e-05,-7.555357596829265e-05,3.10821066213994e-05,-2.4125232545583176e-05,9.927037415064934e-06,-7.703498317152903e-06,3.1705081328890435e-06,-2.4598264971543773e-06,1.012600375201381e-06,-7.854543597361254e-07,3.2340541867095826e-07,-2.5080569452836185e-07,1.0328956767167674e-07,-8.00854166388441e-08,3.2988702427979566e-08,-2.5572054599253095e-08,1.0535863556371393e-08,-8.164694926937662e-09,3.3646286189669857e-09,-2.604610645953227e-09,1.0735745341391383e-09,-8.239129000882452e-10,3.396723006115652e-10,-2.3874354148395323e-10,9.844329230850719e-11,37.734781150244224,1.9921130137698277,-12.939755846649707,821.4498595669357,1.0754132904829787,-2.8372459125248235
214.5,1064.128108499888,-0.3812630579779986,0.06397216945952693,-0.3812630579779986,0.06397216945952693,-0.08043787383659282,0.018829290456194917,-0.02314797528700092,0.0058550267247542784,-0.007153195254645666,0.001850218635935095,-0.0022558066620554772,0.0005876088577609364,-0.0007158318112241538,0.00018691257965318262,-0.0002275992045393215,5.9488522724543335e-05,-7.241316611764067e-05,1.8936244729532666e-05,-2.3044288940122664e-05,6.02774027702924e-06,-7.333462699875374e-06,1.918735914261955e-06,-2.333752855825089e-06,6.107674412417206e-07,-7.426781270750588e-07,1.9441803386373594e-07,-2.3634497114595856e-07,6.188667889829226e-08,-7.521279357311735e-08,1.9699600880542073e-08,-2.3934994579104025e-08,6.270669737689762e-09,-7.616194705065716e-09,1.9958754954584047e-09,-2.42146481542668e-09,6.347282709012083e-10,-7.634807460150141e-10,2.001790364302693e-10,-2.2062205785739693e-10,5.7857979596213533e-11,37.74644250222464,1.845767354523411,-13.057354394832357,821.4113908662537,0.6630059504197546,-2.781403317534914
215.0,1069.287083432948,-0.36572262399547634,0.018112545232902365,-0.36572262399547634,0.018112545232902365,-0.07806600595472156,0.005628389097492438,-0.022478334718266657,0.0017751275072364282,-0.0069351045576499385,0.0005624477282251033,-0.002182206824370604,0.00017847106463834262,-0.0006908163832117419,5.6660707308472855e-05,-0.0002191048577731888,1.7990925681215053e-05,-6.953780391114144e-05,5.712484404857694e-06,-2.2074056051001513e-05,1.8138298525522972e-06,-7.007180599897774e-06,5.759278276629849e-07,-2.224356946649777e-06,1.8286878558549375e-07,-7.060990809207106e-07,5.8064553991983754e-08,-2.241438232402265e-07,1.8436673782996916e-08,-7.115206958276403e-08,5.854012957401215e-09,-2.2586276962241988e-08,1.8587506341160699e-09,-7.16911494240869e-09,5.901362482169201e-10,-2.273667098124e-09,1.8720756657933897e-10,-7.151549757674388e-10,5.889835797918388e-11,-2.0623663266588848e-10,1.6988648631082927e-11,37.7068406180678,1.6779083362850407,-13.236556792132518,821.408829707383,0.20097318995572533,-2.711918974516666
215.5,1072.4031748941682,-0.3495258313881081,-0.025358233083283943,-0.3495258313881081,-0.025358233083283943,-0.0756119837484181,-0.007792114060329472,-0.021807537415741225,-0.002446796395833353,-0.006723993725541125,-0.0007734364355333271,-0.0021131924494086725,-0.00024499431277920055,-0.0006680255777721657,-7.765829097442901e-05,-0.00021156476125988667,-2.462232642863434e-05,-6.704497009749325e-05,-7.806751232235118e-06,-2.125080134369527e-05,-2.475207408938893e-06,-6.735726141239822e-06,-7.847889006166548e-07,-2.134978624205035e-06,-2.488250543526232e-07,-6.767100668005702e-07,-7.889243476393153e-08,-2.1449230022808944e-07,-2.5013621531512026e-08,-6.798614483163316e-08,-7.93080784397147e-09,-2.1548920864085578e-08,-2.5145175551937444e-09,-6.829593264666971e-09,-7.971793440672063e-10,-2.1627563110050943e-09,-2.5252259113003127e-10,-6.792842079563078e-10,-7.93362591481158e-11,-1.9565192062256202e-10,-2.2856640012939795e-11,37.62026592500857,1.4960155707062193,-13.46369378223595,821.4411765492703,-0.2786343498645513,-2.6339093672841445
216.0,1073.3720780653705,-0.3336440340177532,-0.07216148183017018,-0.3336440340177532,-0.07216148183017018,-0.07321036023310075,-0.02093974937788098,-0.021169608448623742,-0.006465221685083607,-0.006529739233857033,-0.002032336439477083,-0.0020517212728660933,-0.0006424064770632399,-0.0006483470345477884,-0.00020341268567827366,-0.0002052433591397776,-6.444776423165077e-05,-6.501254608157709e-05,-2.042283557686641e-05,-2.0597120820134536e-05,-6.471787159183646e-06,-6.525531018320566e-06,-2.0508429826613855e-06,-2.067403274597962e-06,-6.498911092585139e-07,-6.549898013056229e-07,-2.0594382603729294e-07,-2.0751229751376464e-07,-6.526148036610738e-08,-6.574349410519346e-08,-2.068067485213056e-08,-2.082850708963317e-08,-6.553433559881885e-09,-6.59823579114013e-09,-2.0765259759521552e-09,-2.0885355330086313e-09,-6.574302875028662e-10,-6.556816098421683e-10,-2.0644113860469406e-10,-1.887826679531043e-10,-5.944924464826239e-11,37.49471766565091,1.308351729071408,-13.72220802047292,821.504467661828,-0.7425190238080049,-2.5523039179227904
216.5,1072.227365286342,-0.31878608226365807,-0.11998107084768174,-0.31878608226365807,-0.11998107084768174,-0.07096570946458303,-0.03292983237808278,-0.020590170407988308,-0.01002165042087704,-0.006359366271332618,-0.003137800353649796,-0.0019997572630311416,-0.000990947691667911,-0.0006323250816065786,-0.0003137938438811168,-0.00020028832276503713,-9.945033795613394e-05,-6.34793063366899e-05,-3.1530452350504755e-05,-2.0122695020028768e-05,-9.996644983663851e-06,-6.378816628729167e-06,-3.16940936375872e-06,-2.0220602413025786e-06,-1.004852700335265e-06,-6.409852834427002e-07,-3.1858583883381805e-07,-2.0318984125571484e-07,-1.0100677265494585e-07,-6.441033546365614e-08,-3.2023895471641655e-08,-2.04176394577577e-08,-1.0152996049450558e-08,-6.471719140363039e-09,-3.2186844258131157e-09,-2.049637423798583e-09,-1.0195429047012052e-09,-6.438196814614833e-10,-3.2030251760476394e-10,-1.8545285083436304e-10,-9.227563148725097e-11,37.34133694632338,1.1235151874076368,-13.99387943640609,821.5920319513527,-1.1584335355391258,-2.471319719387558
217.0,1069.1383118485126,-0.30539260056924294,-0.16399632625345123,-0.30539260056924294,-0.16399632625345123,-0.06894821108738396,-0.042879325428765006,-0.020085424017869256,-0.012907419912575846,-0.006216853996869966,-0.004032458978236362,-0.0019582494025573937,-0.0012738940365362287,-0.0006201665714740231,-0.0004038333019954148,-0.00019673622076326664,-0.00012815786704651976,-6.244785840092974e-05,-4.0689136462957575e-05,-1.9825560701820935e-05,-1.2919136088673885e-05,-6.294096661543587e-06,-4.101932155946681e-06,-1.998210963889696e-06,-1.3023972566860484e-06,-6.34379679176046e-07,-4.1352185626723203e-07,-2.0139892652459348e-07,-1.3129658414286856e-07,-6.393882799742597e-08,-4.168770793585918e-08,-2.0298714741309094e-08,-1.3236066854167636e-08,-6.443712691571161e-09,-4.202170003292655e-09,-2.0438265255474654e-09,-1.3329942963133874e-09,-6.429281819235025e-10,-4.1936499309271425e-10,-1.8542410160181262e-10,-1.2095794814893932e-10,37.173493086102525,0.9499660751664742,-14.260086502208935,821.6950838797165,-1.4974186907432032,-2.394191632735706
217.5,1064.3991930878512,-0.2936830179403256,-0.19833203740683836,-0.2936830179403256,-0.19833203740683836,-0.0671964669223755,-0.05004942015291814,-0.01966289414829742,-0.014964982147065506,-0.006103426576575079,-0.004673621657548361,-0.0019272452800434396,-0.0014785883439016113,-0.0006117830611947298,-0.00046966578982618164,-0.0001945274734096742,-0.00014937641319483046,-6.188974693031628e-05,-4.753190789499039e-05,-1.96937997962403e-05,-1.5126086311377139e-05,-6.266720573518467e-06,-4.813576757351217e-06,-1.9941193229696885e-06,-1.531825265599923e-06,-6.345443032700178e-07,-4.874729836075497e-07,-2.0191692259317336e-07,-1.5512858677056802e-07,-6.425147627413299e-08,-4.936654615018467e-08,-2.0445124916783902e-08,-1.5709773137496235e-08,-6.5051835452287246e-09,-4.9988509569260844e-09,-2.0680684896968296e-09,-1.5893000656097118e-09,-6.520053110478152e-10,-5.01096750361787e-10,-1.8839680206522582e-10,-1.4480010663560985e-10,37.005630383033385,0.7955540876959852,-14.503019729239531,821.8035697526907,-1.7358228370026165,-2.3231810271168065
218.0,1058.4107253257325,-0.28373334415660817,-0.21740403386641224,-0.28373334415660817,-0.21740403386641224,-0.06572621007775598,-0.05389964183858047,-0.019323699664518124,-0.016084666275319796,-0.006018267791045207,-0.005030645026459155,-0.0019061227070430772,-0.0015954282677272905,-0.0006068651292754889,-0.0005081750430626408,-0.00019352971432950485,-0.00016208569007491745,-6.175262212173885e-05,-5.172466569215707e-05,-1.9707680354233264e-05,-1.6508160073657944e-05,-6.289492681892095e-06,-5.268653655884985e-06,-2.007223449991898e-06,-1.681514547479328e-06,-6.405836123971102e-07,-5.366629375719453e-07,-2.0443529918307316e-07,-1.712783766526971e-07,-6.52432456932487e-08,-5.4664210766092087e-08,-2.0821469963311935e-08,-1.744615719648368e-08,-6.644304324215079e-09,-5.567481294522307e-09,-2.1184454568090725e-09,-1.7752000204336132e-09,-6.697733306873105e-10,-5.612779512162256e-10,-1.9399278924259328e-10,-1.6257461162488526e-10,36.8520245939604,0.6670777341708654,-14.706785988291978,821.9071360368904,-1.8569567278961188,-2.2598159202453894
218.5,1051.6548168387521,-0.27556185946278644,-0.21763669228891344,-0.27556185946278644,-0.21763669228891344,-0.06454224515827398,-0.05410758183064373,-0.019065740900558282,-0.016195093645575205,-0.005959500329930688,-0.0050811495381471086,-0.0018938977542174635,-0.0016166620970542703,-0.0006049785577420535,-0.0005166259751430704,-0.000193567315351477,-0.0001653240009350938,-6.196910886118727e-05,-5.2932141087946773e-05,-1.984225201069438e-05,-1.694936969756174e-05,-6.353406915840453e-06,-5.427347679588664e-06,-2.034334579722647e-06,-1.7378877997715575e-06,-6.51385500180936e-07,-5.564880220007109e-07,-2.0857091725994016e-07,-1.7819268253769196e-07,-6.678347445913907e-08,-5.7058914481397227e-08,-2.1383574597840465e-08,-1.8270615561699796e-08,-6.846253010088477e-09,-5.849842702002975e-09,-2.1900213675311057e-09,-1.871362264893529e-09,-6.946134006293319e-10,-5.935678617215308e-10,-2.0172987365054675e-10,-1.723901139729248e-10,36.72561031421808,0.569903195674601,-14.858362261997698,821.9960698619768,-1.8522639832058814,-2.205258173484374
219.0,1044.6642153952905,-0.26920200850612713,-0.19874493451822464,-0.26920200850612713,-0.19874493451822464,-0.06365010447614108,-0.050580922231656,-0.01888691399554697,-0.015258312658983832,-0.005925183625194498,-0.004809449513764305,-0.0018895410410993466,-0.001536021965784406,-0.0006056640429545861,-0.000492599096295198,-0.00019445239117828075,-0.00015818350189904205,-6.246628025807857e-05,-5.082119564793286e-05,-2.0070180761927785e-05,-1.6329528763793475e-05,-6.448473546491497e-06,-5.246895635379634e-06,-2.071870279723676e-06,-1.685897625830201e-06,-6.65684115996291e-07,-5.417014123636307e-07,-2.138817775002593e-07,-1.740558776418152e-07,-6.871933558998733e-08,-5.592641686077685e-08,-2.2079031590902888e-08,-1.796971537187913e-08,-7.093187275015869e-09,-5.773321152991683e-09,-2.2767657907945407e-09,-1.853214305634058e-09,-7.245177957312056e-10,-5.897645146765032e-10,-2.1100269385606154e-10,-1.7176573133201997e-10,36.63702047811369,0.5076667396789024,-14.948369129134424,822.0620769613834,-1.721924583207783,-2.1606642146941426
219.5,1037.988959565322,-0.26474611370302287,-0.16393436894402358,-0.26474611370302287,-0.16393436894402358,-0.0630638003171743,-0.04348512043749098,-0.018787355518011212,-0.013278290747460824,-0.005914037347630452,-0.004209809238705571,-0.0018922154507080256,-0.0013500048036347867,-0.0006085149733486207,-0.00043448360421024585,-0.0001960099693017077,-0.00013999484149023708,-6.317369468521766e-05,-4.51282783935034e-05,-2.0364276981355322e-05,-1.4548444859963818e-05,-6.564500920725402e-06,-4.690124581619848e-06,-2.116091444178559e-06,-1.5120013704004314e-06,-6.821299906339087e-07,-4.874386766041742e-07,-2.198871304416424e-07,-1.5714035929331443e-07,-7.088135977706169e-08,-5.0658818686747525e-08,-2.2848623648497914e-08,-1.6331201863088715e-08,-7.364569991666086e-09,-5.264299081565775e-09,-2.3716095710985726e-09,-1.6953963377757188e-09,-7.570919683111668e-10,-5.412656775277061e-10,-2.2107867866289624e-10,-1.5806554173778277e-10,36.59393345127866,0.48207825900156087,-14.971636335295791,822.0988057452342,-1.4748516171472081,-2.1274124654440283
220.0,1032.1617418419228,-0.2623502630431061,-0.11885043238653231,-0.2623502630431061,-0.11885043238653231,-0.0628068872279782,-0.03328302827625598,-0.018769880861351236,-0.010323388795817953,-0.005925626894244878,-0.003294852340832462,-0.0019013512385978536,-0.001060917197412962,-0.0006132065986534237,-0.0003425681693258354,-0.00019808894305886924,-0.00011071444273183113,-6.402739886979498e-05,-3.579576909623333e-05,-2.0698925685350313e-05,-1.1573577847453017e-05,-6.691596598402446e-06,-3.741998218183335e-06,-2.163274831927317e-06,-1.2098722480939383e-06,-6.993484851923302e-07,-3.911789248481932e-07,-2.2608696928248416e-07,-1.2647693572501801e-07,-7.30898333686341e-08,-4.0892792277042256e-08,-2.362838663542664e-08,-1.3221412336656417e-08,-7.63782335900663e-09,-4.274323035600874e-09,-2.4666489555155146e-09,-1.3805710086613528e-09,-7.896153514085582e-10,-4.419966274980031e-10,-2.3111460835921126e-10,-1.293821938806313e-10,36.60076320816833,0.4928358917015909,-14.927529114290666,822.1020859407028,-1.1280844040042066,-2.107111758292244
220.5,1027.6643599889687,-0.2621993539039968,-0.06975199197176037,-0.2621993539039968,-0.06975199197176037,-0.06290580090062382,-0.02074887464378231,-0.018838243494093104,-0.006552093375273757,-0.005959877499448565,-0.00210596044268139,-0.0019165109876602825,-0.0006806742707534496,-0.0006194598250356502,-0.00022039642343702723,-0.00020055298364233534,-7.140678815546576e-05,-6.496790676301349e-05,-2.3140186904765125e-05,-2.10497503595036e-05,-7.498842390476454e-06,-6.820167251989181e-06,-2.430085695516306e-06,-2.209749783013294e-06,-7.87497079260919e-07,-7.159639736302849e-07,-2.5519743757365796e-07,-2.3197393555539364e-07,-8.269963978451561e-08,-7.51599953963298e-08,-2.6799732492923563e-08,-2.4351732471301976e-08,-8.684660727940608e-09,-7.889159362524668e-09,-2.8140573528237164e-09,-2.553458604998003e-09,-9.109821250744827e-10,-8.191567532833682e-10,-2.9229699440399504e-10,-2.401937129061582e-10,-8.572021632377413e-11,36.65866785906188,0.537653848190544,-14.820001629819098,822.0699108955035,-0.7056205062283677,-2.101369494432465
221.0,1024.8973646534314,-0.26443993884489236,-0.02187127676291382,-0.26443993884489236,-0.02187127676291382,-0.06337677893021865,-0.006910016969068677,-0.01899354580306627,-0.0022234442774436477,-0.006016006210922729,-0.0007195845443878468,-0.001937067973126652,-0.00023331569070794296,-0.0006269454766104341,-7.569775480684552e-05,-0.00020325269786607668,-2.4565345922769463e-05,-6.593237101236057e-05,-7.971917025076609e-06,-2.139151602211506e-05,-2.587037090941678e-06,-6.940398936764526e-06,-8.395422190202588e-07,-2.251786983678245e-06,-2.7244724827570145e-07,-7.305840201159294e-07,-8.841425777364765e-08,-2.370352760752785e-07,-2.8692086741739837e-08,-7.690513242876893e-08,-9.311110699881268e-09,-2.4951299778531833e-08,-3.0215956321520094e-09,-8.094468279570948e-09,-9.80456721900537e-10,-2.623479385993343e-09,-3.178441181135611e-10,-8.427293846088682e-10,-1.0212169542492746e-10,-2.4737990288000704e-10,-2.9982849819353377e-11,36.76580452587201,0.6123984121405697,-14.657349977739335,822.0022394067934,-0.23676389835197065,-2.1113686750653518
221.5,1024.1548104487451,-0.2690951963806338,0.022752259611154343,-0.2690951963806338,0.022752259611154343,-0.06420995376305451,0.007183256867328128,-0.019229877853058214,0.0023114295461869965,-0.006091213059380871,0.0007482516135685653,-0.001961807387218556,0.00024269072081889253,-0.0006351639844333801,7.876692976704889e-05,-0.00020599010028235813,2.5570699988040456e-05,-6.684441335702508e-05,8.301208385440816e-06,-2.169534414533413e-05,2.6948836242218186e-06,-7.04154519216049e-06,8.748603106452725e-07,-2.285437755617876e-06,2.840124728590419e-07,-7.417726549255209e-07,9.220110088626701e-08,-2.4075326801550846e-07,2.9931932008856786e-08,-7.813994255480003e-08,9.71701598468437e-09,-2.53611812148233e-08,3.154471193236643e-09,-8.230439936701403e-09,1.0239466513275938e-09,-2.66851714602258e-09,3.320633577699579e-10,-8.57497929975034e-10,1.0672781726696584e-10,-2.517895680092721e-10,3.134447509618805e-11,36.917733908469124,0.7113211980628587,-14.451655182927253,821.900715096216,0.24590292658427015,-2.137360704721678
222.0,1025.60569704694,-0.27598039221056103,0.07017069165986387,-0.27598039221056103,0.07017069165986387,-0.06535565540192509,0.020883744826875345,-0.01953074788886442,0.006600262971755474,-0.006179644140085914,0.002123474696759447,-0.0019886206118125134,0.0006870195774460453,-0.0006433568381038331,0.0002226760301302426,-0.00020849389828519706,7.221863779340298e-05,-6.760762737614612e-05,2.3427142962293e-05,-2.1927173088881138e-05,7.59957601169711e-06,-7.111637226252676e-06,2.465241094266795e-06,-2.3065163833291452e-06,7.997043039456072e-07,-7.48072151887683e-07,2.594176154178675e-07,-2.4262211367893436e-07,8.415296893222535e-08,-7.868950360347461e-08,2.7298510482258104e-08,-2.552106243086678e-08,8.855314116180974e-09,-8.276336036501257e-09,2.8722772074832386e-09,-2.6814670601611182e-09,9.307719525079466e-10,-8.610591572949351e-10,2.989398002769618e-10,-2.5268706835940586e-10,8.774069474527814e-11,37.10787979933656,0.8273743974601412,-14.217935093964051,821.7683948002002,0.7087885326104829,-2.178211512310611
222.5,1029.2832664604375,-0.284639400908332,0.11798850223574739,-0.284639400908332,0.11798850223574739,-0.06671792367455852,0.03312011556919459,-0.019867819308509574,0.010289472565420727,-0.006272120918617786,0.0032888382894728494,-0.002014456633192554,0.001060496920266244,-0.0006505041388477357,0.0003429205266875911,-0.00021042341546601096,0.00011098619551731821,-6.810852876989433e-05,3.593474845027792e-05,-2.2049309314486315e-05,1.1635069632688814e-05,-7.13819619889396e-06,3.7672406563708956e-06,-2.310904354814307e-06,1.2197694207872085e-06,-7.481272196884127e-07,3.9494090199606157e-07,-2.4219707476265053e-07,1.2787523285945015e-07,-7.84082696653564e-08,4.140380932654403e-08,-2.538343812770614e-08,1.3405708012244563e-08,-8.21669229969182e-09,4.340074344353767e-09,-2.6573126606578287e-09,1.4037938286680588e-09,-8.518038798363353e-10,4.5004804016158556e-10,-2.496014333567173e-10,1.3189114213859532e-10,37.32797456381158,0.9525898620960072,-13.973057248279874,821.6095456801464,1.1196481301447654,-2.2311348024909345
223.0,1035.0828290621193,-0.2943235754438947,0.16076309860654017,-0.2943235754438947,0.16076309860654017,-0.06815849338115372,0.04285368652610202,-0.020202797790971696,0.013114434548556935,-0.00635688735356784,0.004164684437665669,-0.0020356078865596747,0.001337528272578139,-0.000655431783880312,0.00043109329915179433,-0.0002114081260694476,0.0001391025847037823,-6.823093361622743e-05,4.490514036918353e-05,-2.2025596594511704e-05,1.4497306510700144e-05,-7.110072800385851e-06,4.6803527234395015e-06,-2.295199357801475e-06,1.5110187240793945e-06,-7.409122495213015e-07,4.878216864906132e-07,-2.391735171926086e-07,1.5748975747544908e-07,-7.720740551247227e-08,5.084439427469008e-08,-2.4923012993662485e-08,1.6414571618442783e-08,-8.044536627386236e-09,5.2987679702048845e-09,-2.594220519251389e-09,1.7089344060494934e-09,-8.292839624142328e-10,5.463424888494916e-10,-2.4243725878480415e-10,1.5973406569329524e-10,37.568462262458105,1.078502169838591,-13.734495000467449,821.4295239972552,1.4498568880010305,-2.291708997983691
223.5,1042.7682550012491,-0.3040313241715942,0.19222835123719992,-0.3040313241715942,0.19222835123719992,-0.06951149684086896,0.04931250990042307,-0.02049223778395284,0.014913132566792305,-0.006421246547274728,0.0047071153885286975,-0.0020482733875698588,0.0015049440018019406,-0.0006570045290086229,0.0004831039049429044,-0.00021111329418178358,0.00015528167299083673,-6.787805932820633e-05,4.993591003327048e-05,-2.1828787686668375e-05,1.6060112750970112e-05,-7.019882072958756e-06,5.165165136231147e-06,-2.2575117301825855e-06,1.6611920019599545e-06,-7.259892837278475e-07,5.342634292063764e-07,-2.3346961143433116e-07,1.7182684624930617e-07,-7.508100607233482e-08,5.526194457051637e-08,-2.414491459226805e-08,1.7772853858978318e-08,-7.763924885277583e-09,5.715420869533397e-09,-2.4943106744216635e-09,1.8363381085576284e-09,-7.944405137652145e-10,5.849215735161392e-10,-2.3153737365101142e-10,1.704849989908533e-10,37.818873660269084,1.1965949254975283,-13.519029893170135,821.2347009842246,1.676432815762849,-2.3542119531301657
224.0,1051.9867231950943,-0.3126161159142527,0.20708173202874455,-0.3126161159142527,0.20708173202874455,-0.07060584538257188,0.052058497607804836,-0.02069402055054545,0.015619487169051923,-0.006453620202501241,0.004903414398985988,-0.0020492273498682267,0.0015602283688681475,-0.0006543424896314787,0.0004985511849356645,-0.00020930931533808664,0.00015951907259413348,-6.699441063969506e-05,5.1066233897594213e-05,-2.1447337205764576e-05,1.6349372392433888e-05,-6.866069404297626e-06,5.234417288839689e-06,-2.1980774846574795e-06,1.6758517494336573e-06,-7.036842036055351e-07,5.365409181509436e-07,-2.2527477516096785e-07,1.7177899502775632e-07,-7.211853939148241e-08,5.499672921029839e-08,-2.308752224202259e-08,1.760758156547763e-08,-7.390419999535848e-09,5.636687108076689e-09,-2.3636550286883158e-09,1.8028980423896807e-09,-7.495504880161233e-10,5.717671844988995e-10,-2.176516682657445e-10,1.660377635594135e-10,38.06821830177502,1.2987491512565812,-13.341510914086152,821.0323673538895,1.783656764261477,-2.412233952317389
224.5,1062.2908012230896,-0.31895069803445053,0.20280498393266477,-0.31895069803445053,0.20280498393266477,-0.07128995472083949,0.050980709299169674,-0.02077375450498646,0.015241053147770321,-0.006445431884667329,0.004763012853902333,-0.0020363860253615677,0.0015082358128478775,-0.000646989827861937,0.00047955471022657014,-0.00020592056914840205,0.00015267558386854974,-6.55793557786551e-05,4.863109855322112e-05,-2.088894659411736e-05,1.549170561912304e-05,-6.653741632247676e-06,4.934968571586269e-06,-2.1194116928718697e-06,1.572061551969227e-06,-6.75094726241683e-07,5.007889039896306e-07,-2.1503743221770565e-07,1.5952906127708757e-07,-6.849565652211938e-08,5.081881545880308e-08,-2.181766292521151e-08,1.618845834535188e-08,-6.948903076712868e-09,5.1564315386191944e-09,-2.2113517575023408e-09,1.6410672954149645e-09,-6.978581006382188e-10,5.17928966330512e-10,-2.018122574712217e-10,1.4978890604581917e-10,38.305447941591254,1.3776725587666685,-13.213775874493912,820.8305382080977,1.7641682319562306,-2.459462361422222
225.0,1073.1664688237106,-0.32211189181378463,0.18050922062027056,-0.32211189181378463,0.18050922062027056,-0.07145302067412561,0.04625943371112224,-0.02070953763013809,0.013839367924182385,-0.006392332660376494,0.004310036483246686,-0.0020091203195971787,0.0013584295175986818,-0.000634987871010971,0.00042973927704460996,-0.0002010392080352934,0.00013610673064476232,-6.368810628854997e-05,4.31273091422436e-05,-2.0179662982722444e-05,1.3666363993369055e-05,-6.393953624632421e-06,4.330655180963211e-06,-2.025932888708118e-06,1.3723163153428078e-06,-6.4191958149355e-07,4.3486538985584016e-07,-2.0339307228905483e-07,1.378019698148321e-07,-6.444531192409585e-08,4.3667230392002114e-08,-2.0419397409965544e-08,1.3837329484011007e-08,-6.469322517866306e-09,4.3844303475174155e-09,-2.0479474807951374e-09,1.3880911941488805e-09,-6.430053352226114e-10,4.3587028282750157e-10,-1.8514913271036673e-10,1.2551662723464759e-10,38.520029184288525,1.427288800447446,-13.143823916082978,820.6375981228632,1.6194588583370342,-2.4904876739790427
225.5,1084.065324236578,-0.32153583558413806,0.1444085157564241,-0.32153583558413806,0.1444085157564241,-0.07103840997093973,0.03833373521662745,-0.020494202793161966,0.011522309131410599,-0.006294558664314254,0.0035802612898573546,-0.001968265872701012,0.0011235812389880008,-0.0006188440266659363,0.0003536971690989627,-0.00019490369691908254,0.00011144927770395626,-6.142100437896188e-05,3.513161074878501e-05,-1.93591740981167e-05,1.1074595663513732e-05,-6.101782696706474e-06,3.491063076383962e-06,-1.9232097330862357e-06,1.1004935768789492e-06,-6.061729552291396e-07,3.469104044313357e-07,-1.9105852921154108e-07,1.0935713010084602e-07,-6.021933657475216e-08,3.447279885776107e-08,-1.8980257170167335e-08,1.0866822472740233e-08,-5.981827819593174e-09,3.4252655895800653e-09,-1.883736163185596e-09,1.078797694460417e-09,-5.884487092655484e-10,3.3704388898039956e-10,-1.6871165339531152e-10,9.664335305165419e-11,38.70262526824264,1.4430666710255866,-13.135304011647522,820.4617677878296,1.3597350264873505,-2.501472543103569
226.0,1094.438949809541,-0.31709853822479056,0.10027846547562173,-0.31709853822479056,0.10027846547562173,-0.07004711943469667,0.027870557890358905,-0.020134947913274626,0.00844547636901044,-0.006156481620774707,0.0026214594740683415,-0.0019158776014353,0.0008196270013190594,-0.0005994208392608477,0.0002568423254271181,-0.00018785307583165417,8.054426648070555e-05,-5.890570057211421e-05,2.5265094844626035e-05,-1.8474122293545505e-05,7.925145331765727e-06,-5.793890764073257e-06,2.4859565701953802e-06,-1.8170914766032454e-06,7.797939097660083e-07,-5.698798173598237e-07,2.446054546953614e-07,-1.7872682092762762e-07,7.672773977439564e-08,-5.6052613145214036e-08,2.4067908505629503e-08,-1.7579185660249815e-08,7.549549697719457e-09,-5.512753800719408e-09,2.367939782502083e-09,-1.7274372456367823e-09,7.421364411170477e-10,-5.370320610696767e-10,2.3075910682930737e-10,-1.5334241803580945e-10,6.590015498477387e-11,38.84583843405293,1.4222709663549147,-13.18735478458935,820.3104277564681,1.0031704647890656,-2.490555446907579
226.5,1103.773277616665,-0.3091008244872887,0.05372812468047431,-0.3091008244872887,0.05372812468047431,-0.06853170315993724,0.01571276409714096,-0.019650826505349057,0.004812566738095039,-0.005985581333818213,0.0014940338426148666,-0.001854826319580633,0.0004657316538927509,-0.0005777842022628564,0.00014536718187012584,-0.0001802718360386708,4.539482094032485e-05,-5.6277704937796386e-05,1.4176870163433118e-05,-1.7571400698778308e-05,4.427457658494951e-06,-5.486260017845039e-06,1.3827016182116615e-06,-1.7129567235748158e-06,4.318197737041055e-07,-5.348307788240555e-07,1.3485795728995947e-07,-1.6698842332777198e-07,4.2116337654894227e-08,-5.213819978891323e-08,1.3152984709167468e-08,-1.627880752977742e-08,4.1076640264710906e-09,-5.082263711888561e-09,1.2827248530702487e-09,-1.5854913265305758e-09,4.0026142002794313e-10,-4.907828700040122e-10,1.2392813895592414e-10,-1.3962413903682142e-10,3.5263598680035514e-11,38.94492002741864,1.3641195968996103,-13.294798231947986,820.1893866391677,0.574613569856059,-2.457921069840465
227.0,1111.6207958329912,-0.2981686485189219,0.009070279182235371,-0.2981686485189219,0.009070279182235371,-0.06658291998127486,0.002795323175669366,-0.019068852041637017,0.0008671171852398717,-0.0057911187608176455,0.0002695270845880074,-0.0017883398640395492,8.383180272568812e-05,-0.0005550472396715163,2.6080899982448383e-05,-0.00017253798837620868,8.114025009352822e-06,-5.366350365272326e-05,2.5243531433409514e-06,-1.669278470140639e-05,7.853511401584168e-07,-5.192524566846565e-06,2.4433047924169197e-07,-1.6152075189933085e-06,7.601361989601693e-08,-5.024329265297303e-07,2.3648586103704824e-08,-1.5628879056331583e-07,7.357307677259083e-09,-4.861578224328544e-08,2.2889292273728003e-09,-1.512250415311263e-08,7.121029710926931e-10,-4.703694414018682e-09,2.215246908897681e-10,-1.461952619162505e-09,6.886206672095457e-11,-4.5091158560568633e-10,2.124222819465565e-11,-1.2788784256605416e-10,6.025465334211875e-12,38.99832982581636,1.2698357852246294,-13.448656750589654,820.1022154317573,0.1038488067733797,-2.4055443238215988
227.5,1117.6285722858372,-0.2851045825603157,-0.034038460801488785,-0.2851045825603157,-0.034038460801488785,-0.06431239479221038,-0.010128748414209035,-0.01841952586355094,-0.003103442250543385,-0.005582762170943329,-0.0009591914362141276,-0.0017195696648767537,-0.0002972500492278372,-0.0005322351003454832,-9.219343945830029e-05,-0.00016498183641083564,-2.86038928420613e-05,-5.116833973541955e-05,-8.874630239661494e-06,-1.5871433065526142e-05,-2.7534385730980663e-06,-4.9230127231527825e-06,-8.542805469924396e-07,-1.5270236884477225e-06,-2.650486775783256e-07,-4.7365332209237015e-07,-8.223387657397674e-08,-1.4691812409660556e-07,-2.551384184182741e-08,-4.5571138626900886e-08,-7.915906799306323e-09,-1.4135183994547169e-08,-2.4559671713281846e-09,-4.384122044922023e-09,-7.619280607185301e-10,-1.3587753507515783e-09,-2.3620485007010083e-10,-4.179368122243616e-10,-7.267057440231347e-11,-1.1825809206583714e-10,-2.056694192529788e-11,39.008028823072436,1.1425897439532955,-13.63693323585754,820.0497756802997,-0.3764640940308369,-2.3366852143712853
228.0,1121.5603344250944,-0.270734991805993,-0.08012238936246066,-0.270734991805993,-0.08012238936246066,-0.06183487636730488,-0.02251789635360753,-0.017732542970933334,-0.0067814812506654205,-0.005369366962011403,-0.002082380580993826,-0.0016512365813581285,-0.00064317871564124,-0.0005101840435657363,-0.00019901266221364927,-0.00015785825128616953,-6.161619510108487e-05,-4.886899893447955e-05,-1.908020835670407e-05,-1.5130167814825757e-05,-5.908419861740842e-06,-4.684400807955246e-06,-1.8296144679369932e-06,-1.4503217141355927e-06,-5.665624952551453e-07,-4.490292670008134e-07,-1.754430043016968e-07,-1.390224447212243e-07,-5.432806819785465e-08,-4.304224533416217e-08,-1.6823338891520484e-08,-1.332606853814614e-08,-5.209514437170943e-09,-4.125524723249829e-09,-1.6130665554702596e-09,-1.2762726568454188e-09,-4.991075432533036e-10,-3.918569471586556e-10,-1.5326877452848767e-10,-1.1070930643425969e-10,-4.330863781021334e-11,38.97942286945658,0.9873308736940158,-13.84557279838173,820.03004323338,-0.833034273306725,-2.25526099330982
228.5,1123.3112184126462,-0.25579000886365216,-0.12581677740615047,-0.25579000886365216,-0.12581677740615047,-0.05925336066496077,-0.033506757873698695,-0.017033328013816785,-0.009945897917155479,-0.005158060339913106,-0.0030393201263254543,-0.0015853885807254537,-0.0009367931250056607,-0.000489480029333364,-0.00028950096963567307,-0.0001513323669618336,-8.953921466747867e-05,-4.6810997313436514e-05,-2.7702467266840895e-05,-1.4481152366626232e-05,-8.570844579422303e-06,-4.479797182090135e-06,-2.651726869456663e-06,-1.3858415595579866e-06,-8.204156918923515e-07,-4.287151266438435e-07,-2.5382776448091977e-07,-1.326245758739335e-07,-7.85315674581314e-08,-4.1027866495942786e-08,-2.4296802937732553e-08,-1.269202770810961e-08,-7.517114165021098e-09,-3.9260272014163345e-09,-2.325537509595774e-09,-1.2135682076609914e-09,-7.189255978865641e-10,-3.7230977989613324e-10,-2.2058326999913313e-10,-1.0511582891332057e-10,-6.228414385288865e-11,38.92093151021684,0.8105187189719606,-14.059515893415345,820.0382765542671,-1.2342204354232524,-2.16523995110694
229.0,1122.914260657689,-0.24083662713891857,-0.16619015419100205,-0.24083662713891857,-0.16619015419100205,-0.05664956679597664,-0.04231027895287368,-0.01634091292265452,-0.01242469112761867,-0.004953739173539943,-0.0037855302242089106,-0.0015232891733023392,-0.0011658662372147682,-0.0004704380234089466,-0.00036024123994365275,-0.00014547759985385593,-0.0001114230703368269,-4.5009374593239635e-05,-3.447744795454979e-05,-1.3926581955236645e-05,-1.0668516937150007e-05,-4.309095309511477e-06,-3.3012087722398e-06,-1.333299328863726e-06,-1.0215083703977565e-06,-4.125429961480625e-07,-3.1609007985158044e-07,-1.2764704038570454e-07,-9.78092156723824e-08,-3.9495899258109636e-08,-3.026553893578261e-08,-1.222054034397895e-08,-9.365138215408385e-09,-3.780933017713107e-09,-2.897678024124452e-09,-1.1689495602552877e-09,-8.959301624684984e-10,-3.586903093009799e-10,-2.749315323524351e-10,-1.0128722379146714e-10,-7.763941458949244e-11,38.843223542015934,0.6197679497589919,-14.263757564665715,820.0675117353807,-1.5521993730767107,-2.0701850922800653
229.5,1120.53822397771,-0.2262673031999492,-0.19570453229774662,-0.2262673031999492,-0.19570453229774662,-0.054081111224605266,-0.048305720780187335,-0.015667466619292022,-0.014095461989081421,-0.004759043012677428,-0.004290205672426225,-0.0014654453560526413,-0.0013218994973754282,-0.0004531216262241857,-0.0004088216234200265,-0.00014028498303523206,-0.00012658013993931182,-4.345253478087894e-05,-3.920945549466745e-05,-1.3460147763886904e-05,-1.2146088652693299e-05,-4.1695053861240525e-06,-3.762548285365169e-06,-1.2915738712225296e-06,-1.1655414345133736e-06,-4.0008655700785727e-07,-3.6105498825706694e-07,-1.2393347895814582e-07,-1.1184561322880065e-07,-3.839043626531341e-08,-3.4646892220886126e-08,-1.1891990759901525e-08,-1.0732644002399955e-08,-3.6834603971484695e-09,-3.324444466137933e-09,-1.1401018795982468e-09,-1.0290052660872686e-09,-3.5022327516958884e-10,-3.161036263433545e-10,-9.89889500090249e-11,-8.934704879600135e-11,38.758221632570134,0.42342868905697484,-14.444343153963816,820.1093024375816,-1.7648780820586643,-1.9730304249053887
230.0,1116.476895042609,-0.21233294765881888,-0.20958163256296095,-0.21233294765881888,-0.20958163256296095,-0.05158534829161859,-0.05106475739755058,-0.015019512272339372,-0.014877597120396373,-0.0045748032569866886,-0.004532404633171679,-0.0014117716508031666,-0.0013987663012281176,-0.0004374010442593701,-0.00043337982763246003,-0.00013568302493613288,-0.00013443662202041975,-4.210887262381543e-05,-4.172223989336947e-05,-1.3069200474462898e-05,-1.2949231745487303e-05,-4.0562473031843105e-06,-4.019022066021353e-06,-1.2589249210811422e-06,-1.2473742594237244e-06,-3.90728628886279e-07,-3.87144561034135e-07,-1.2126922697322323e-07,-1.2015712267165104e-07,-3.763792743902611e-08,-3.7292851618279554e-08,-1.1681479362351417e-08,-1.1574406237480781e-08,-3.6252626324351336e-09,-3.5920414157621623e-09,-1.1242526289626781e-09,-1.11395270080376e-09,-3.4600236850624365e-10,-3.428332066710415e-10,-9.795222584732677e-11,-9.705517276269509e-11,38.678017963001665,0.23012785137911185,-14.589250852210736,820.1545782596706,-1.8574181039959028,-1.8761085414185308
230.5,1111.1305256504697,-0.19920172904647715,-0.20527316500225826,-0.19920172904647715,-0.20527316500225826,-0.04918841086417869,-0.0503611729098009,-0.0144005340291521,-0.014722315939065532,-0.004400889362361075,-0.004497366980799838,-0.0013618686236066982,-0.0013915458024933386,-0.00042304381897990533,-0.0004322440528897161,-0.00013156681308227282,-0.00013442583458185857,-4.093596330216579e-05,-4.182510215934657e-05,-1.2737608156046127e-05,-1.3014205490818039e-05,-3.963426006144548e-06,-4.0494711504939325e-06,-1.2332570997940697e-06,-1.2600244091907606e-06,-3.8373948761836763e-07,-3.920663817769335e-07,-1.1940412483508147e-07,-1.2199449187627947e-07,-3.715368354096635e-08,-3.7959505806323645e-08,-1.1560627714303472e-08,-1.1811304547863776e-08,-3.596912025263447e-09,-3.674887510181586e-09,-1.1182952388355876e-09,-1.142532394880804e-09,-3.4501924166054485e-10,-3.5249519755953346e-10,-9.787929672240415e-11,-9.999969549947718e-11,38.61385216619202,0.04829929255349774,-14.689128569517269,820.1944804943851,-1.8232639858680988,-1.7813809027702945
231.0,1104.9805840157392,-0.18702295762483873,-0.18335461694137212,-0.18702295762483873,-0.18335461694137212,-0.04691673698303247,-0.04617967396572064,-0.013814332021620353,-0.013609817363596274,-0.0042372796994468494,-0.004175644631925966,-0.0013153691744350882,-0.001296341721392464,-0.00040982608732354305,-0.0004039088275439996,-0.00012783336447256424,-0.0001259889999023845,-3.989166068617474e-05,-3.931636303659385e-05,-1.2449199189004979e-05,-1.2269702916473548e-05,-3.885086701949658e-06,-3.82908280511202e-06,-1.21243932579681e-06,-1.1949657801730661e-06,-3.783722789319458e-07,-3.729204301194796e-07,-1.1808060702628959e-07,-1.1637959837614568e-07,-3.6850004093011924e-08,-3.631927991671043e-08,-1.1499882586195159e-08,-1.1334294821427006e-08,-3.588537102977401e-09,-3.5368769311396883e-09,-1.1189597511312625e-09,-1.1028548634131713e-09,-3.4620730307448874e-10,-3.41225510823812e-10,-9.845418198107869e-11,-9.703772940811394e-11,38.57528067641181,-0.11426966233283165,-14.73786180308141,820.2210525199831,-1.664601503071582,-1.6907686112602354
231.5,1098.5594026073861,-0.17597736376904796,-0.1474054179178669,-0.17597736376904796,-0.1474054179178669,-0.04480759454396171,-0.03874084387144954,-0.013268209441766089,-0.011558881110294822,-0.004085096344674298,-0.003566614600221487,-0.001272277688956442,-0.0011115604860262157,-0.00039764312060919547,-0.0003474920867840814,-0.0001244173273139025,-0.00010873557479618439,-3.8945519269406744e-05,-3.4038625668370596e-05,-1.2191382625932722e-05,-1.0655634596939568e-05,-3.816351999161854e-06,-3.3356972094625126e-06,-1.1946588027383879e-06,-1.0442246085266474e-06,-3.739722239231951e-07,-3.2688968943887527e-07,-1.170670772583907e-07,-1.0233129981773552e-07,-3.6646279688551014e-08,-3.2034315304227254e-08,-1.1471542402794479e-08,-1.002811270047069e-08,-3.590716801705625e-09,-3.138993193156869e-09,-1.1230725562075632e-09,-9.818130778306752e-10,-3.4851515579310054e-10,-3.046871744027419e-10,-9.936144762800787e-11,-8.686806732667677e-11,38.5696195626105,-0.2508501376127481,-14.732950115733066,820.227707140237,-1.3922128774941858,-1.6064556360483828
232.0,1092.416629743335,-0.16630061986160558,-0.10287479825027541,-0.16630061986160558,-0.10287479825027541,-0.04291509590991311,-0.02853236506807171,-0.012774965931866385,-0.008647215727135659,-0.00394729063795409,-0.0026859891930000926,-0.0012332055984939324,-0.0008405463364638791,-0.0003865895213659067,-0.0002636454617459832,-0.00012131800164426252,-8.27566508392712e-05,-3.808780975021127e-05,-2.5984178348511006e-05,-1.195812935049791e-05,-8.158589280702038e-06,-3.754399596480274e-06,-2.56165802730198e-06,-1.1787392416925631e-06,-8.043169743695861e-07,-3.700794639695263e-07,-2.5254182402494635e-07,-1.161909222567744e-07,-7.92938234669613e-08,-3.647951765305523e-08,-2.4896888936280364e-08,-1.1453090613594636e-08,-7.817133359831062e-09,-3.59553057121602e-09,-2.454237716766045e-09,-1.1278856672437468e-09,-7.699232017911321e-10,-3.510088224797434e-10,-2.396228468249815e-10,-1.0031515434290312e-10,-6.84857844282613e-11,38.60168325360291,-0.35612091870761464,-14.675666857873917,820.2094521768562,-1.024740657049393,-1.5310455714984637
232.5,1087.0845929794366,-0.15827494015640337,-0.05545403843876503,-0.15827494015640337,-0.05545403843876503,-0.04130910065690423,-0.016311626488188152,-0.012352823029353387,-0.005032175432689664,-0.003828688937378602,-0.0015742985175515127,-0.0011994069191538813,-0.0004946389428589339,-0.0003769771977800086,-0.0001556229149139439,-0.0001186071941778021,-4.898647974767726e-05,-3.733270021906128e-05,-1.5421297619342433e-05,-1.1751200154236763e-05,-4.854735867659453e-06,-3.698920898760613e-06,-1.5283059132703854e-06,-1.164307953772231e-06,-4.81121738971024e-07,-3.6648877827762115e-07,-1.5146059696411143e-07,-1.1535952680362101e-07,-4.768088585058612e-08,-3.6311644336723364e-08,-1.5010274417300216e-08,-1.1429704454711379e-08,-4.725302102389186e-09,-3.5974114096205617e-09,-1.487429936840637e-09,-1.1313634919715516e-09,-4.678430510317272e-10,-3.529662302534332e-10,-1.45975936580476e-10,-1.010873333841622e-10,-4.1810689735556956e-11,38.67378399747952,-0.4264387409755781,-14.570976720606687,820.162912560947,-0.5874136804796013,-1.4674945978236693
233.0,1083.0447507072709,-0.15219199829351093,-0.009759128324439247,-0.15219199829351093,-0.009759128324439247,-0.04006617769129547,-0.0030467334488339594,-0.012022870562165116,-0.0009578461690944117,-0.003735237263399781,-0.00030179476762077844,-0.0011725534878196898,-9.515476166349714e-05,-0.000369269087240014,-3.0010844329760875e-05,-0.00011640998688407197,-9.465115162269268e-06,-3.671279359201697e-05,-2.9852010843334412e-06,-1.157863630097348e-05,-9.415020695650875e-07,-3.6517193453607605e-06,-2.969401798732681e-07,-1.1516947090620554e-06,-9.36519134690047e-08,-3.632263509751035e-07,-2.9536861031989242e-08,-1.1455585465534861e-07,-9.315624835671383e-09,-3.612907900712235e-08,-2.9380507925429445e-09,-1.1394442092223496e-08,-9.266232271975127e-10,-3.5933106310166505e-09,-2.922217784788925e-10,-1.132269117644973e-09,-9.208208665925679e-11,-3.5391506674397243e-10,-2.8782730872915912e-11,-1.0152121819330574e-10,-8.256501755846504e-12,38.78591503872451,-0.4600185724198329,-14.427194503671103,820.0862272282014,-0.11032354136153957,-1.4188059921689578
233.5,1080.6973399990366,-0.14829674402700768,0.03432743773851134,-0.14829674402700768,0.03432743773851134,-0.0392540659090047,0.010391365026202212,-0.011804345513882404,0.0032394329922995515,-0.003672517215577555,0.001018874113023223,-0.00115426536882944,0.0003213455595705603,-0.0003639310385687195,0.00010143803247431577,-0.00011485832145011361,3.2032718557408454e-05,-3.626469393028281e-05,1.0115514344310016e-05,-1.1450308265527153e-05,3.1943473753413052e-06,-3.6153499495060545e-06,1.0087331999774432e-06,-1.1415199437060875e-06,3.185447756054927e-07,-3.604264566447004e-07,1.0059228078722288e-07,-1.1380197173004657e-07,3.1765726276235265e-08,-3.593209713010531e-08,1.0031192785032738e-08,-1.1345192706290082e-08,3.167691608270622e-09,-3.581841911132503e-09,1.000226594769986e-09,-1.1299310745049708e-09,3.1557648357101666e-10,-3.5357185259133406e-10,9.876185405635381e-11,-1.0151710583549495e-10,2.835963945002049e-11,38.936023596178224,-0.4570175848380926,-14.25538812922602,819.9789124784013,0.37363332742210603,-1.38753869556919
234.0,1080.336127905821,-0.14672452376010137,0.08154391554048379,-0.14672452376010137,0.08154391554048379,-0.03891320452627371,0.023322459107512843,-0.011708845832777709,0.007155522616912759,-0.003643884615320808,0.0022398194913846735,-0.0011455090105244228,0.0007054202933634992,-0.0003612377284216718,0.00022259483452401473,-0.00011402873450829648,7.028516167153557e-05,-3.6009148166243496e-05,2.2197545579943562e-05,-1.1371620859884635e-05,7.010455949042308e-06,-3.5911363512827054e-06,2.214050757482e-06,-1.1340740639521537e-06,6.992442129496378e-07,-3.581384406356435e-07,2.208361592625596e-07,-1.130994321386702e-07,6.974473939349557e-08,-3.5716555002004174e-08,2.202684919931937e-08,-1.1279120323026902e-08,6.9564845624222644e-09,-3.5616076570904927e-09,2.196809702416812e-09,-1.1237444483840223e-09,6.931792500089306e-10,-3.516956980505223e-10,2.1695802780424664e-10,-1.0099297278726486e-10,6.230542623636266e-11,39.12029036484877,-0.41952068157404687,-14.068556519078054,819.8417678866679,0.8310136739700872,-1.3752371634559715
234.5,1082.1298527468214,-0.14744373184185028,0.12814793451442827,-0.14744373184185028,0.12814793451442827,-0.0390402113280415,0.034683077202286944,-0.011735144228936092,0.010482292348819974,-0.0036487951891193277,0.003264471410942374,-0.0011460536362967696,0.0010258602274923337,-0.00036109652540103533,0.0003232817617533804,-0.00011388554521709802,0.00010196610616045451,-3.593281609779585e-05,3.2173341678859236e-05,-1.1337695074165496e-05,1.0151689279026378e-05,-3.5773241160521064e-06,3.203173491847482e-06,-1.128734521196388e-06,1.0107007935955287e-06,-3.5614374536824074e-07,3.189075110895989e-07,-1.1237217884228018e-07,1.0062522296613073e-07,-3.545617951420825e-08,3.175035745708116e-08,-1.1187205883280665e-08,1.0018136368902528e-08,-3.5295289055983364e-09,3.160753852541106e-09,-1.1126643276769328e-09,9.96429714438676e-10,-3.4793694089124384e-10,3.115956249238403e-10,-9.98427922765389e-11,8.94158779871549e-11,39.33336558362214,-0.35142909576225634,-13.880641941458585,819.6768622871967,1.2301382567998926,-1.38191891949837
235.0,1086.1115215702534,-0.15021490448957045,0.1685865488342478,-0.15021490448957045,0.1685865488342478,-0.03957817568053217,0.04351890883838725,-0.01186631737581408,0.012983771068642942,-0.003681910059087606,0.004022872323914598,-0.0011541892230167842,0.0012605049162739226,-0.0003629585926048996,0.0003963313484776843,-0.00011425294612366825,0.00012475064200684246,-3.597955480744861e-05,3.9283984922287645e-05,-1.1330662507815443e-05,1.2371074180284996e-05,-3.568246287292732e-06,3.895823620530582e-06,-1.123710246301679e-06,1.2268491361022767e-06,-3.538782376228548e-07,3.863518827837201e-07,-1.1144313925466615e-07,1.2166758040210341e-07,-3.509558486021578e-08,3.831478341772354e-08,-1.1052187721656396e-08,1.2065754948041093e-08,-3.480245775967599e-09,3.799343198797215e-09,-1.0950340658120783e-09,1.1954147693991197e-09,-3.417892020208928e-10,3.731143608382097e-10,-9.792445811407259e-11,1.0689773467361051e-10,39.5685565857184,-0.25825700178746436,-13.705459498651276,819.4875881886006,1.54330096045531,-1.4057529663470445
235.5,1092.1762363344512,-0.15457616175120886,0.19679769437392203,-0.15457616175120886,0.19679769437392203,-0.04041718197089594,0.04913002624313143,-0.01207032924409268,0.014513572729498417,-0.003733364365730812,0.004475009444445701,-0.0011668351825894006,0.0013972592156952155,-0.0003658605465635076,0.00043796484835139477,-0.00011483045126744108,0.00013744356413857524,-3.6056013172430284e-05,4.3153013525920033e-05,-1.132165469100357e-05,1.3549604737995034e-05,-3.5550204712047902e-06,4.254437258262247e-06,-1.1162829891799429e-06,1.3358497697683815e-06,-3.5051491646655477e-07,4.1944315717458574e-07,-1.1006232171574486e-07,1.317008490923138e-07,-3.455974363112135e-08,4.135268496635377e-08,-1.0851732181965528e-08,1.2984211041167889e-08,-3.407173625476646e-09,4.076562171167708e-09,-1.0689343595517383e-09,1.2788930363336096e-09,-3.327033015231226e-10,3.9803764701170165e-10,-9.509351596673557e-11,1.1376383163647022e-10,39.81800383378722,-0.14684465743797204,-13.555638324337536,819.2787284990046,1.7487218212957913,-1.4430265852991155
236.0,1100.0876854666324,-0.15986374297834366,0.20799323143635431,-0.15986374297834366,0.20799323143635431,-0.041405896520304485,0.05112897602915521,-0.012304159358000805,0.015010182294804152,-0.0037901968490280484,0.004607731440085579,-0.0011800307055739804,0.0014330080522000032,-0.0003685911592221145,0.0004474474807123208,-0.00011524907702465916,0.0001398854853547305,-3.605041192285126e-05,4.37530278299448e-05,-1.1277033721482348e-05,1.3685925265000096e-05,-3.5276015657574096e-06,4.280950590912927e-06,-1.1034792574096503e-06,1.3390792066929214e-06,-3.4518253859353157e-07,4.1886330436161234e-07,-1.0797754087723387e-07,1.3102022240452896e-07,-3.377674044168685e-08,4.09830278063341e-08,-1.0565714465973643e-08,1.2819366917417153e-08,-3.304818294394085e-09,4.009559947773786e-09,-1.032915932004712e-09,1.2531284810228287e-09,-3.2031577405728395e-10,3.8858942418512083e-10,-9.126815351977222e-11,1.1071758084604818e-10,40.07290829909704,-0.02500052458652746,-13.441668154500228,819.0564533674722,1.8320999750513527,-1.488437246809382
236.5,1109.492892979057,-0.16527271527644313,0.20030677643668254,-0.16527271527644313,0.20030677643668254,-0.04237204147804978,0.049438593860649194,-0.0125204423934101,0.014480386814521524,-0.003838538909365078,0.004428277452037213,-0.0011896579673719714,0.0013713618505300316,-0.0003699291835298008,0.000426319099656005,-0.00011514902412450553,0.00013268806991714968,-3.585773641769179e-05,4.131688666049874e-05,-1.1166504855767163e-05,1.2866142866345919e-05,-3.4773759625345576e-06,4.0065369303389585e-06,-1.0828942212342253e-06,1.2476418406320878e-06,-3.372255111512971e-07,3.8851760981976595e-07,-1.0501583217474302e-07,1.2098498000620214e-07,-3.2703093817045604e-08,3.7674882887799995e-08,-1.0184034672593584e-08,1.1731926537723445e-08,-3.171170430027775e-09,3.6530485669104436e-09,-9.867250345428188e-10,1.1366282790446281e-09,-3.046653950575989e-10,3.5093955844712953e-10,-8.648882345303741e-11,9.962262583313962e-11,40.3238741069896,0.09891098668322451,-13.371132882355765,818.8281655780816,1.7876456474584292,-1.5356738083050374
237.0,1119.9442984693585,-0.16995446273778395,0.17540756422717305,-0.16995446273778395,0.17540756422717305,-0.043147099524945824,0.04426680324784606,-0.01267484259320089,0.012985655737590725,-0.0038659270919023047,0.003959152596093977,-0.0011921745299324838,0.001220773039429122,-0.0003688746477087433,0.00037770782584509177,-0.00011425220432655256,0.00011698622622255492,-3.540228498359863e-05,3.624909626111255e-05,-1.0970062084023457e-05,1.123240577279296e-05,-3.3992795146365328e-06,3.480554067418626e-06,-1.0533305211862899e-06,1.0785095246146456e-06,-3.263942185679352e-07,3.3419471894994265e-07,-1.0113936430182901e-07,1.0355597308115534e-07,-3.133990699967871e-08,3.208857611375086e-08,-9.7111864907488e-09,9.943123781878881e-09,-3.008962178545261e-09,3.080811269096732e-09,-9.316371938337427e-10,9.538783778797566e-10,-2.8627719210330173e-10,2.931101168747571e-10,-8.093689192762491e-11,8.286838315027742e-11,40.561405480070434,0.21641545557232855,-13.348192829509069,818.6021409145985,1.6185065650863493,-1.5781843617382603
237.5,1130.9277807051308,-0.1731350225159481,0.1378049155277793,-0.1731350225159481,0.1378049155277793,-0.04358952523217121,0.03608034948600914,-0.012732308375630351,0.010637684881941459,-0.0038631251289388013,0.0032362286862018474,-0.001185151356899864,0.0009936491550334688,-0.00036480660621971306,0.0003059439740466093,-0.0001124077855434083,9.428146758162652e-05,-3.4650543742339527e-05,2.906462665842255e-05,-1.068152836808631e-05,8.959900014975773e-06,-3.2927347149467107e-06,2.762113864977277e-06,-1.0150328232983216e-06,8.514908633110316e-07,-3.128984616106574e-07,2.6249340966634324e-07,-9.645544409201132e-08,8.092017090682962e-08,-2.973375774685928e-08,2.4945655200927282e-08,-9.165794043521896e-09,7.690069784101195e-09,-2.8252793560872992e-09,2.370481915375493e-09,-8.702565884152659e-10,7.301928122379825e-10,-2.6607491754468996e-10,2.232589116249143e-10,-7.49035784815562e-11,6.285212134436437e-11,40.77655276718737,0.31938410782785953,-13.373353008375513,818.3869582499026,1.3365511139635389,-1.6099842905662427
238.0,1141.8948640352257,-0.17422701940301755,0.0932641210438814,-0.17422701940301755,0.0932641210438814,-0.04360145143634882,0.02557088540324328,-0.012670897485983877,0.007599124529335101,-0.0038250773883160625,0.0023088533286035866,-0.0011675057030791343,0.0007061232250712118,-0.00035753547435013336,0.00021638621779703282,-0.00010960188486180447,6.635365119387323e-05,-3.3612040099084964e-05,2.035104336460294e-05,-1.0308115810355822e-05,6.241781101353113e-06,-3.1612853974993e-06,1.9143898724950606e-06,-9.69500687043189e-07,5.871542950167649e-07,-2.9732575805528287e-07,1.800835709173093e-07,-9.118363994501678e-08,5.523265522138805e-08,-2.796411420515035e-08,1.6940159764227614e-08,-8.575956972441722e-09,5.195609039679543e-09,-2.6298817307507538e-09,1.5934098951280195e-09,-8.059222416210475e-10,4.883393094776441e-10,-2.451772817948015e-10,1.4857476656829566e-10,-6.872687916994544e-11,4.1650705350270993e-11,40.961651233516825,0.400473414956382,-13.443527945660797,818.1907701567566,0.961523153554005,-1.626349159015723
238.5,1152.2970840474911,-0.17290524795343387,0.04716777627178988,-0.17290524795343387,0.04716777627178988,-0.043135991719375766,0.01359345651126277,-0.012482713710601135,0.004080286226338458,-0.0037509269550183846,0.001239202617978983,-0.001139429305865272,0.00037767696304807436,-0.0003472569995441015,0.00011522892209903983,-0.00010593592792991915,3.517111325353338e-05,-3.2330357683011706e-05,1.0735495992899092e-05,-9.86694171663958e-06,3.2768617069467403e-06,-3.01130410591282e-06,1.0002167252572227e-06,-9.190236120220431e-07,3.0530232482520954e-07,-2.80477947615746e-07,9.318931259872563e-08,-8.559940584900046e-08,2.8444747512066426e-08,-2.6124172702075208e-08,8.682360711686315e-09,-7.97281769109587e-09,2.6501536575932834e-09,-2.4330679137461196e-09,8.088674601041661e-10,-7.420067589695277e-10,2.467144991593385e-10,-2.246709163909417e-10,7.471291913725253e-11,-6.272522218219067e-11,2.086143209230335e-11,41.11105316813655,0.4535229868455881,-13.552386453415252,818.0205136215394,0.519634998323696,-1.6242653345606286
239.0,1161.620353218787,-0.16912569713574951,0.003539927871758514,-0.16912569713574951,0.003539927871758514,-0.0421948494464298,0.0010735530891056377,-0.012172275104693386,0.00032602665147107965,-0.003643280619328738,9.905259499801411e-05,-0.0011020925780193458,3.009918378231058e-05,-0.000334440424096533,9.146260775693713e-06,-0.00010158611487652984,2.779280886224166e-06,-3.086889182529296e-05,8.445420958314748e-07,-9.380139638801697e-06,2.5663161833439615e-07,-2.850345912533049e-06,7.798283572938371e-08,-8.661354874708568e-07,2.3696700764247167e-08,-2.631928552116407e-07,7.200733587375141e-09,-7.997648967301159e-08,2.188092019843902e-09,-2.430246671048157e-08,6.648967312449096e-10,-7.384753021384067e-09,2.0204141969733208e-10,-2.2438591384339912e-09,6.139042157619304e-11,-6.81354860870316e-10,1.8641419289940057e-11,-2.054400279585991e-10,5.6207106321478516e-12,-5.715003285066997e-11,1.5635908873589075e-12,41.22173183781072,0.4738883561991343,-13.690934254541363,817.8811885293168,0.04170908866559643,-1.6025687776610595
239.5,1169.4171673031947,-0.16308645117052142,-0.03912531263412748,-0.16308645117052142,-0.03912531263412748,-0.04081815591541481,-0.011296329909925719,-0.011753113605224326,-0.003373557361604283,-0.003507024565004211,-0.001017355684955375,-0.001057235919510504,-0.00030769534061494264,-0.0003196902012468538,-9.31437623464286e-05,-9.675797015677312e-05,-2.8205858753438028e-05,-2.9295901783350874e-05,-8.541317721947617e-06,-8.870069516202825e-06,-2.5864877600126574e-06,-2.685636161726179e-06,-7.832420184005937e-07,-8.131437500395086e-07,-2.3718189144933244e-07,-2.4619967711039414e-07,-7.182358466781479e-08,-7.454312747433415e-08,-2.174966664802719e-08,-2.2569790519778495e-08,-6.586245593846671e-09,-6.833530344097121e-09,-1.9944397172885375e-09,-2.068890128848194e-09,-6.039188340558739e-10,-6.259700234438166e-10,-1.8275102554064755e-10,-1.880802374820864e-10,-5.491778042595156e-11,-5.21639543055983e-11,-1.5233334979099e-11,41.293642527695575,0.45868942311426386,-13.848271778819859,817.7753305563384,-0.43898971220897726,-1.561773852512513
240.0,1175.3346288781086,-0.15514749013712636,-0.0839764200391254,-0.15514749013712636,-0.0839764200391254,-0.03906979237344862,-0.02292623275823378,-0.011243567741100947,-0.006730654432687717,-0.003348002776761405,-0.0020156708985225513,-0.001006750018493862,-0.0006071753052859273,-0.00030361400957584154,-0.00018321700794844895,-9.164449357176094e-05,-5.5319003660102213e-05,-2.7672060886682098e-05,-1.6704916483731602e-05,-8.3555806123465e-06,-5.0444551829316685e-06,-2.522968117493345e-06,-1.5232957384330537e-06,-7.618103893394107e-07,-4.599961386540113e-07,-2.300286963602824e-07,-1.3890700368743918e-07,-6.945717681624748e-08,-4.194634093316719e-08,-2.0972588043037605e-08,-1.2666709548617989e-08,-6.332638006493827e-09,-3.8249985654173e-09,-1.9120202396138485e-09,-1.154978538975499e-09,-5.769369525008674e-10,-3.485334688306024e-10,-1.728890759126211e-10,-1.0445218630056645e-10,-4.784192836665767e-11,-2.8905974260812192e-11,41.32976133670803,0.4069609222626389,-14.012452414721967,817.7027739067994,-0.8890725492143946,-1.5036615430262221
240.5,1179.1365272907278,-0.14573674073776124,-0.1272297935445982,-0.14573674073776124,-0.1272297935445982,-0.03702186027653196,-0.03299617234226092,-0.010662676924857301,-0.009550604186232999,-0.0031718168132246686,-0.0028450174402569407,-0.0009523197938254537,-0.0008545668578866072,-0.00028671802005133813,-0.00025732373526598753,-8.63961674256324e-05,-7.754425610673306e-05,-2.6041850536465192e-05,-2.337413287867059e-05,-7.849630366364847e-06,-7.045655155647239e-06,-2.3660644545327673e-06,-2.1237689041442397e-06,-7.131878497095275e-07,-6.401667776595071e-07,-2.1497170371949335e-07,-1.929652048147657e-07,-6.47975585538526e-08,-5.8165418733130375e-08,-1.9531508348205998e-08,-1.7532768968253623e-08,-5.887225898109392e-09,-5.284865467515206e-09,-1.7744393709030744e-09,-1.5929161202257432e-09,-5.34493295111574e-10,-4.798245421779477e-10,-1.598989824231458e-10,-1.4354703021132184e-10,-4.418303565476045e-11,-3.9665318634617744e-11,41.33577873548874,0.31969763050515554,-14.171365622731857,817.6607448245721,-1.2773340248517222,-1.430744659290528
241.0,1180.7180877050464,-0.1352690340877878,-0.16399678230628173,-0.1352690340877878,-0.16399678230628173,-0.03474163766467743,-0.04080453189088763,-0.010026926622982444,-0.011688903016299998,-0.002982935991208897,-0.003470033499619831,-0.0008951790512743735,-0.0010406901415490261,-0.0002693403334802994,-0.00031305532807787586,-8.110394937069135e-05,-9.425765508080591e-05,-2.4429104814863954e-05,-2.8390270904330372e-05,-7.3582256681898765e-06,-8.551109034950429e-06,-2.2163515769381675e-06,-2.5755818240599438e-06,-6.675813617021505e-07,-7.757615653370559e-07,-2.0108040505549015e-07,-2.336582741730095e-07,-6.056689107879105e-08,-7.037753514197867e-08,-1.8243182867578795e-08,-2.1197602272973518e-08,-5.494949801055078e-09,-6.38465177898306e-09,-1.6550172330959468e-09,-1.9229295670193515e-09,-4.981648504513971e-10,-5.787904207414902e-10,-1.4892706269543462e-10,-1.730252682580047e-10,-4.1126659270332985e-11,-4.7780317543746036e-11,41.31948866925619,0.19979348458255575,-14.313579360547266,817.6442621656921,-1.5768943618901023,-1.3457464110410746
241.5,1180.1124625761802,-0.12409571470560844,-0.18917365435126726,-0.12409571470560844,-0.18917365435126726,-0.03228351364807595,-0.0458220746268943,-0.009348385314408523,-0.013048673183719946,-0.002784241503165733,-0.0038680778000337837,-0.0008360019749262627,-0.0011597813433521654,-0.00025162705916519416,-0.0003489166769399435,-7.579446715307325e-05,-0.00010507643427499698,-2.2836498205384692e-05,-3.165666045635552e-05,-6.880523999720233e-06,-9.537379308007714e-06,-2.0730678619541224e-06,-2.8733796537944636e-06,-6.246050967263745e-07,-8.65679172942834e-07,-1.881904266063177e-07,-2.608080092776976e-07,-5.670084252907691e-08,-7.857508543483265e-08,-1.7083674746623307e-08,-2.3672743707057875e-08,-5.147197903841279e-09,-7.131980115320387e-09,-1.5507294789876038e-09,-2.1485589236850855e-09,-4.66909315963904e-10,-6.468682306996243e-10,-1.3962263572777277e-10,-1.9342467508665858e-10,-3.856658608067279e-11,-5.342494484446479e-11,41.2899697410106,0.051879789740233884,-14.429093467132459,817.6467625656054,-1.7670364988523555,-1.2512147080132991
242.0,1177.488557731811,-0.11249065930471115,-0.19875069860590197,-0.11249065930471115,-0.19875069860590197,-0.029687201416512005,-0.04770967392096564,-0.008634526273231562,-0.013570709342250206,-0.002577066009775064,-0.004025002024220097,-0.0007749421327405329,-0.0012080427716320888,-0.00023355193117901104,-0.00036385066001747604,-7.043817027579657e-05,-0.00010970347714792671,-2.1248643365881922e-05,-3.309013509457335e-05,-6.409945674644217e-06,-9.981235753674064e-06,-1.9336483202784176e-06,-3.0107180549690627e-06,-5.833116245503068e-07,-9.081463885018683e-07,-1.7596397768005956e-07,-2.7393128294091253e-07,-5.3081952833692426e-08,-8.262802736574697e-08,-1.60128933669086e-08,-2.492372418308292e-08,-4.83048221950641e-09,-7.517894854530938e-09,-1.4570906133101148e-09,-2.267540094979287e-09,-4.392503179228931e-10,-6.835074627635389e-10,-1.3150772378693655e-10,-2.0461909697761324e-10,-3.636213244931288e-11,-5.657349519444608e-11,41.25668947356717,-0.11792707710784833,-14.509973711692176,817.6608294271111,-1.8346182073640878,-1.1493513454814432
242.5,1173.1403297182976,-0.10066768261274832,-0.19103113754921255,-0.10066768261274832,-0.19103113754921255,-0.026982143279102866,-0.04631885569337526,-0.007889734195438553,-0.013223980602348522,-0.0023617225522730165,-0.003931767094306619,-0.0007118148752216229,-0.0011825772223660414,-0.00021497770721800363,-0.000356910396390366,-6.49695410174676e-05,-0.00010782891382245842,-1.963862466471724e-05,-3.259041106665489e-05,-5.936252167933117e-06,-9.850327676931859e-06,-1.7943766633504276e-06,-2.977224041102291e-06,-5.423940085782096e-07,-8.998546321796201e-07,-1.639517863664407e-07,-2.719776357382921e-07,-4.9558414415868334e-08,-8.220420103593545e-08,-1.4980228754631912e-08,-2.484589372400383e-08,-4.528112495394512e-09,-7.509533424754206e-09,-1.3686455002471428e-09,-2.2695842598363385e-09,-4.1341964186205475e-10,-6.854979681843826e-10,-1.2401743675581875e-10,-2.0561680964829655e-10,-3.4348835123925604e-11,-5.6944800105423495e-11,41.22866811833725,-0.30235380053299965,-14.550848880743253,817.6788962127168,-1.774964763913364,-1.0420731261865708
243.0,1167.4682269600203,-0.08881695126009255,-0.16720888454102095,-0.08881695126009255,-0.16720888454102095,-0.02419661183519683,-0.04169748520039617,-0.007118165012289178,-0.012003960740784208,-0.002138435551831802,-0.003583957934902715,-0.0006463997915778953,-0.0010812945095931101,-0.00019575337073689608,-0.00032724918155333893,-5.931795639296104e-05,-9.913357172546741e-05,-1.7977690583558828e-05,-3.0042158313722613e-05,-5.44855855403057e-06,-9.104197180748083e-06,-1.6513127855540399e-06,-2.759003046230804e-06,-5.004688648120142e-07,-8.361086270739718e-07,-1.5167876476434253e-07,-2.5338052241058164e-07,-4.596978590921597e-08,-7.678629782389495e-08,-1.393220843056514e-08,-2.3269873070543232e-08,-4.2224556618073e-09,-7.051831938833556e-09,-1.2796309871399177e-09,-2.136901147158017e-09,-3.875490597791974e-10,-6.471266880396184e-10,-1.1655508518251842e-10,-1.9460669841632435e-10,-3.23530122132238e-11,-5.401449047237419e-11,41.21381454064492,-0.4933561634422423,-14.549257233076673,817.6938166475334,-1.5921798503686553,-0.9312563114521129
243.5,1160.9539409128065,-0.07714482310971371,-0.13103011438045406,-0.07714482310971371,-0.13103011438045406,-0.021368806203739123,-0.03410958083134935,-0.0063272905049016025,-0.009941877242810135,-0.0019084930451708309,-0.0029850740276036567,-0.000578813916698594,-0.0009040473795647192,-0.00017583398893034822,-0.0002745054766956756,-5.344583420928162e-05,-8.341824468733454e-05,-1.6247294215557166e-05,-2.535715233119193e-05,-4.9391046697343206e-06,-7.707968163793625e-06,-1.5014656972673477e-06,-2.3430380682046617e-06,-4.5643884661205423e-07,-7.122275635948563e-07,-1.3875536436325497e-07,-2.165001530526401e-07,-4.218100699112546e-08,-6.581086772046665e-08,-1.282282991405116e-08,-2.0004919252172607e-08,-3.898058981400843e-09,-6.080980046358542e-09,-1.1849140563018925e-09,-1.8483502808748876e-09,-3.5995052333723865e-10,-5.614519996167436e-10,-1.0857453304091145e-10,-1.6934442226438035e-10,-3.021398979760579e-11,-4.7122464534435515e-11,41.21850006474744,-0.6825427765789921,-14.505825246449039,817.6992406571412,-1.2988513342288126,-0.8190636429500782
244.0,1154.1300537490827,-0.06590255044123297,-0.08765395365814149,-0.06590255044123297,-0.08765395365814149,-0.018556519004633835,-0.024056666979731096,-0.0055311837518283525,-0.007121963070971684,-0.0016753472833366716,-0.0021528524435833894,-0.0005098762456276814,-0.0006547918666295231,-0.0001554002516555437,-0.0001995260005148011,-4.7387500306764135e-05,-6.083681618888235e-05,-1.4451635165498813e-05,-1.855270711948496e-05,-4.4072752857416605e-06,-5.657806621408396e-06,-1.3440745785205954e-06,-1.7253964910922155e-06,-4.09898714045998e-07,-5.261744081795673e-07,-1.2500567872858402e-07,-1.6046138259456684e-07,-3.8122634685509964e-08,-4.893406750029551e-08,-1.1626147830275936e-08,-1.4922853386936486e-08,-3.5455719215886397e-09,-4.550823109433043e-09,-1.0812099401896187e-09,-1.3877182865365208e-09,-3.294930161098124e-10,-4.2288781148762425e-10,-9.969560465422914e-11,-1.2795079518547202e-10,-2.7816783370911633e-11,-3.569962042435568e-11,41.247378824160386,-0.8616149577198845,-14.424256363059458,817.6897921952856,-0.9151721296215947,-0.7082285641627779
244.5,1147.5464897811858,-0.055394045324275165,-0.042232580692730684,-0.055394045324275165,-0.042232580692730684,-0.015841981792674226,-0.01227061597268961,-0.0047524816669132245,-0.0036974259159969153,-0.001445330335272897,-0.0011259611213792532,-0.00044135918457760976,-0.000343976849486145,-0.00013494513051555537,-0.00010518531675131757,-4.1278667714734964e-05,-3.217762468916685e-05,-1.2627580068410844e-05,-9.843664529796578e-06,-3.86291000207817e-06,-3.0113388515594126e-06,-1.1817049348287192e-06,-9.212180738383728e-07,-3.614960099513748e-07,-2.8181575740229955e-07,-1.1058544370167143e-07,-8.621207395103757e-08,-3.3829252331280944e-08,-2.6373689633312134e-08,-1.0348718998319659e-08,-8.068140458586516e-09,-3.1657617414914248e-09,-2.4681607532906834e-09,-9.683726004046462e-10,-7.549984706904376e-10,-2.9601531751948124e-10,-2.3079485079734866e-10,-8.98348042500622e-11,-7.004298896992252e-11,-2.5129755110889974e-11,-1.9593636284582283e-11,41.30340957376126,-1.0228007858347452,-14.311107588530886,817.6610977727255,-0.4675397821165585,-0.6021808150047468
245.0,1141.7358786611683,-0.04595994731438163,0.0011316372657669024,-0.04595994731438163,0.0011316372657669024,-0.013329439980142405,0.00034691346272088815,-0.004022098015145405,0.0001063963987052015,-0.001227663970122367,3.263712898208758e-05,-0.00037601847822899036,1.0011499749337219e-05,-0.00011529136867229525,3.0710460863762313e-06,-3.5364475291179924e-05,9.420490736428946e-07,-1.0847985636142168e-05,2.889752977303581e-07,-3.3275989928433414e-06,8.864370767300866e-08,-1.0207346716570317e-06,2.719162146809703e-08,-3.1310842196468494e-07,8.341080232922338e-09,-9.604541325972412e-08,2.558641791644473e-09,-2.946174634574371e-08,7.848680598394203e-10,-9.037329045203542e-09,2.407595787958549e-10,-2.772164981225842e-09,7.385295239954534e-11,-8.502959801042576e-10,2.2652922224281103e-11,-2.6062981103603487e-10,6.943580663828263e-12,-7.930592274423508e-11,2.1128573837462835e-12,-2.223477013447376e-11,5.92381803684315e-13,41.3879974875804,-1.1592617717751275,-14.175342605435937,817.6097480635245,0.013263905370809237,-0.5049384536503442
245.5,1137.1800067715706,-0.03794217631000664,0.04500749138499178,-0.03794217631000664,0.04500749138499178,-0.011134769993119272,0.013095814670123631,-0.0033762142816403822,0.003961180276405274,-0.0010335656591051866,0.0012117487801939235,-0.0003173262665139934,0.00037194587920493297,-9.751254731876951e-05,0.00011428747229615646,-2.9976170415465104e-05,3.513168102949249e-05,-9.214924822347064e-06,1.07996569552429e-05,-2.8327447536535914e-06,3.319869329626111e-06,-8.708093656911518e-07,1.0205446720790397e-06,-2.676940624321215e-07,3.137206087469216e-07,-8.22913871928964e-08,9.643930592649746e-08,-2.529705730023579e-08,2.9645930049655815e-08,-7.77652140065528e-09,9.11330338040309e-09,-2.3905512402636116e-09,2.8014565977417817e-09,-7.348223363156141e-10,8.611198145726444e-10,-2.2571788728105209e-10,2.6451030827416095e-10,-6.882599817482323e-11,8.065376975879732e-11,-1.9330917498276707e-11,2.2652739746168274e-11,41.50116415690775,-1.2654518025004327,-14.0276722337127,817.5332803585445,0.49418449022484556,-0.42075255290742497
246.0,1134.2794648455138,-0.03163768722218873,0.09147651584203212,-0.03163768722218873,0.09147651584203212,-0.009368627382825985,0.025220515755252554,-0.0028508035971716063,0.007524946744969985,-0.0008744893016865078,0.0022947096681575838,-0.00026890843484084085,0.0007043246086468948,-8.275441009611038e-05,0.00021660914300450026,-2.547435491527746e-05,6.666006736947862e-05,-7.841790638083654e-06,2.0518314090535203e-05,-2.4139445578113784e-06,6.3156433789169044e-06,-7.430864450388795e-07,1.9439877521875195e-06,-2.2874488260207522e-07,5.983695012424209e-07,-7.041471609021587e-08,1.8418123152158925e-07,-2.1675815932537534e-08,5.669193386995838e-08,-6.6724790318040306e-09,1.7450059525869126e-08,-2.0539802475833704e-09,5.371181609212315e-09,-6.322321846324395e-10,1.6531569067842921e-09,-1.944706209933267e-10,5.084584982572236e-10,-5.937702369371806e-11,1.5523333233818987e-10,-1.669595839712229e-11,4.3646354324388656e-11,41.6416717445863,-1.33741000409479,-13.87972216742471,817.4302458345586,0.9421536489265575,-0.3535567491445555
246.5,1133.3283990225937,-0.02725130468387679,0.13636323852158524,-0.02725130468387679,0.13636323852158524,-0.008116580419126548,0.035722459288994285,-0.00247476160634391,0.01052505575023458,-0.0007598369134386319,0.0031988129143592533,-0.00023379184675583002,0.0009810998632698352,-7.198458095705855e-05,0.00030174404492651195,-2.216914173150717e-05,9.28829709924361e-05,-6.827446080488351e-06,2.8601198096986697e-05,-2.1026533433909557e-06,8.807088359009592e-06,-6.47555620420734e-07,2.7119425242908905e-06,-1.994281570853864e-07,8.350810109275657e-07,-6.141802859204348e-08,2.5714419997492065e-07,-1.8914952018070798e-08,7.918170214333697e-08,-5.8252471465201226e-09,2.4382187909926453e-08,-1.7939929769252205e-09,7.507888096484592e-09,-5.524568101536142e-10,2.3117142225961306e-09,-1.7000909607259762e-10,7.112904403169183e-10,-5.193113708171309e-11,2.172417370090457e-10,-1.4607781372261662e-11,6.110110175180146e-11,41.807067016539335,-1.3729719418066615,-13.743096197924762,817.3003801860777,1.3263463835366478,-0.30632859217648595
247.0,1134.4959518782887,-0.024856097711981707,0.17416184416391453,-0.024856097711981707,0.17416184416391453,-0.0074208242295010505,0.04373019070240625,-0.0022633381140735815,0.012749980076827221,-0.0006947260086309586,0.0038619231349362945,-0.00021365876962993653,0.0011827963094667283,-6.575199355386402e-05,0.0003634714867012493,-2.023864507505446e-05,0.00011180851429260712,-6.229510807733575e-06,3.440796983133343e-05,-1.9174606184764505e-06,1.058893906331406e-05,-5.901996700287207e-07,3.258711020411326e-06,-1.8166508712820598e-07,1.0028575522115413e-06,-5.591701482587839e-08,3.086260972997787e-07,-1.7211410402443263e-08,9.497865608613817e-08,-5.297716149279485e-09,2.922934859788525e-08,-1.6306403795725752e-09,8.995173386419452e-09,-5.018789820058064e-10,2.7680331363055987e-09,-1.5436080275891708e-10,8.511979220493079e-10,-4.7126267844208416e-11,2.5982441942523586e-10,-1.3250238946138694e-11,7.304240733506418e-11,41.9936601590245,-1.3718871738636234,-13.628422803064902,817.1448432539024,1.6202913707017417,-0.28050039476845395
247.5,1137.8155596078152,-0.024361990731097922,0.19914853368442775,-0.024361990731097922,0.19914853368442775,-0.007269182930535772,0.04860786607405496,-0.002214219515841928,0.01406476315713125,-0.0006786306270726159,0.004246389240431948,-0.00020838266602415668,0.0012978597467481908,-6.40269391429837e-05,0.0003981417573115075,-1.96762945509614e-05,0.00012227452981752467,-6.0467761295342664e-06,3.756859999337023e-05,-1.8582513829757422e-06,1.1543330094241134e-05,-5.710643371298435e-07,3.546804237625567e-06,-1.754953500414749e-07,1.0897912637890035e-06,-5.393195776974825e-08,3.348493213702485e-07,-1.657397708686853e-08,1.0288581461759861e-07,-5.093391151111563e-09,3.161268072446444e-08,-1.5652533809951679e-09,9.713248098960433e-09,-4.80987657669114e-10,2.9842783906240917e-09,-1.4770088742749053e-10,9.162508132966608e-10,-4.502345063918072e-11,2.7925298678545643e-10,-1.2642321266529237e-11,7.840145561270433e-11,42.19649628391566,-1.3358356243060598,-13.544479177935363,816.9664493880184,1.8036980985257545,-0.2755563684106144
248.0,1143.1827779131106,-0.025535413929828412,0.2070833326147059,-0.025535413929828412,0.2070833326147059,-0.007586524940876992,0.050006136900947615,-0.0023040036667242247,0.014408391065546752,-0.0007042955505418985,0.004337316333867808,-0.00021571772104715277,0.0013221583088043262,-6.61151945672096e-05,0.00040456089782576603,-2.0267602158667222e-05,0.00012393167873765837,-6.213030150635376e-06,3.7981640596541695e-05,-1.9046033837554143e-06,1.1640816249469857e-05,-5.838558579912944e-07,3.5677395926667384e-06,-1.789809183763096e-07,1.0934599020061978e-06,-5.4866571142777094e-08,3.351294341752656e-07,-1.681933749748534e-08,1.027122545316165e-07,-5.155961957985171e-09,3.147978124709949e-08,-1.5805487958047537e-09,9.648027657086385e-09,-4.84482745602895e-10,2.9567705558987425e-09,-1.484064301209604e-10,9.055262313916004e-10,-4.512967619592491e-11,2.753099313912372e-10,-1.2646115258270846e-11,7.713313488922041e-11,42.40940043010185,-1.2683404765402564,-13.497478883015471,816.769789301055,1.8638783356166886,-0.28891924710711875
248.5,1150.3617732506264,-0.02795786941899312,0.19665831873023884,-0.02795786941899312,0.19665831873023884,-0.008254181355167456,0.047866237135231485,-0.0024963144442203596,0.013782793106641718,-0.0007603411420990278,0.004138439415078692,-0.0002320863040881586,0.0012576367639246626,-7.089132124710606e-05,0.00038356321957911955,-2.165879007606327e-05,0.00011710957910426394,-6.617216033006984e-06,3.5771271167404314e-05,-2.0216987132396493e-06,1.0926712423642596e-05,-6.176714900366524e-07,3.3376796655206594e-06,-1.8871163491399143e-07,1.0195294901651784e-06,-5.765537434632516e-08,3.114260445565995e-07,-1.7614928892166634e-08,9.512836798797338e-08,-5.381728120433349e-09,2.905794685370363e-08,-1.6442206134909575e-09,8.875999791567024e-09,-5.023094206963767e-10,2.7110815650974352e-09,-1.5335291013904576e-10,8.275184812371027e-10,-4.64821201059252e-11,2.50777281937646e-10,-1.298884797929242e-11,7.006508512812949e-11,42.625171843618105,-1.1745811000743365,-13.490590176797845,816.5611532491788,1.7966595488731294,-0.31616976128862234
249.0,1159.0000716198633,-0.03111694274438877,0.1699241577651454,-0.03111694274438877,0.1699241577651454,-0.009115166145959417,0.042405646003854186,-0.0027427226310618477,0.012244627272115534,-0.0008317811385017855,0.003669054397724608,-0.00025284907878491265,0.0011112040619045533,-7.691998828138297e-05,0.0003376122141165282,-2.340613425448572e-05,0.00010267405555212018,-7.122298546552401e-06,3.1237433000622526e-05,-2.1672582083065484e-06,9.50369181974484e-06,-6.594792552459678e-07,2.891407824555985e-06,-2.0067423728951054e-07,8.796833235386592e-07,-6.106355733511762e-08,2.676352810728962e-07,-1.8581148775755674e-08,8.14254838427189e-08,-5.654090982159251e-09,2.4772914579889226e-08,-1.720483798342568e-09,7.536877013647958e-09,-5.23494468015498e-10,2.2928703927596723e-09,-1.591804006978861e-10,6.970819334795662e-10,-4.806019082566267e-11,2.1043036794998227e-10,-1.3384969913614459e-11,5.859753310390415e-11,42.83597100766318,-1.0611155164491404,-13.523726189192441,816.3482029383262,1.6067160160688585,-0.35156962905175937
249.5,1168.6506382196776,-0.03443560554016893,0.1315056152649509,-0.03443560554016893,0.1315056152649509,-0.010002323152538526,0.03409865973690165,-0.0029929575237888405,0.009903721712915732,-0.0009033311444113625,0.002963182409087103,-0.0002733465630002507,0.0008942444820876975,-8.278068829699721e-05,0.0002705643433583214,-2.5076786918567595e-05,8.192805245937696e-05,-7.596521061782139e-06,2.481537962932901e-05,-2.301217154663049e-06,7.516388436539773e-06,-6.971086303784521e-07,2.2766564918032028e-06,-2.111753953227321e-07,6.895818148942384e-07,-6.397144643686659e-08,2.0886904953477714e-07,-1.937889482074407e-08,6.326483231888647e-08,-5.87045314049835e-09,1.9162422756225862e-08,-1.7783281736130934e-09,5.8041167743026196e-09,-5.386749635451429e-10,1.757909382173339e-09,-1.6306647322473604e-10,5.320837764595309e-10,-4.901969025001195e-11,1.599310737229201e-10,-1.3601393614444241e-11,4.437114807051061e-11,43.033892200825825,-0.9355275522818238,-13.593619419627162,816.1393959343004,1.3072805133916305,-0.38879098214489594
250.0,1178.7999006726316,-0.03734759530852897,0.08704493373160552,-0.03734759530852897,0.08704493373160552,-0.010759981574750086,0.023642251822986828,-0.0032016418350415657,0.006923714554111699,-0.0009615453503274926,0.00206967553893044,-0.0002895787709702825,0.0006224030395305481,-8.728340778426695e-05,0.00018750770042858558,-2.6316957651121397e-05,5.652341696731825e-05,-7.934867319957515e-06,1.7041280103644047e-05,-2.3924543338292463e-06,5.137786127438058e-06,-7.213526715418394e-07,1.548994332083631e-06,-2.1749617919693145e-07,4.670072635058876e-07,-6.557761504944904e-08,1.407983095210705e-07,-1.9772408995298297e-08,4.244936786401522e-08,-5.961607132604726e-09,1.2798079781747182e-08,-1.7974833747832505e-09,3.858479189869457e-09,-5.419283976553622e-10,1.1632231020037507e-09,-1.6328607748024728e-10,3.5046140677732173e-10,-4.8862470214009684e-11,1.0486660263632776e-10,-1.3504886764339013e-11,2.8981959699999034e-11,43.211659729165156,-0.8060185355003067,-13.694164521513635,815.943226675403,0.9192443917488418,-0.42170980821007026
250.5,1188.8999550601504,-0.03936729287851764,0.041675350848617836,-0.03936729287851764,0.041675350848617836,-0.011262421759636293,0.011889678346931935,-0.003333581782145483,0.003516520239137108,-0.0009963676173993354,0.001050804488683126,-0.0002986613190258222,0.00031495648619586745,-8.960212712760732e-05,9.448795112604188e-05,-2.6890752614449096e-05,2.8356951360834273e-05,-8.070261268913077e-06,8.510256396685492e-06,-2.4219893687025916e-06,2.554028570131158e-06,-7.26870209881405e-07,7.664941728102253e-07,-2.1814311358875924e-07,2.300339643061681e-07,-6.546755823194408e-08,6.903591229277946e-08,-1.9647656723064634e-08,2.071849265985256e-08,-5.896512012039552e-09,6.2178615906087285e-09,-1.7696096644531574e-09,1.86604371277989e-09,-5.31050872690663e-10,5.599882704590069e-10,-1.5926925744429948e-10,1.679473822566101e-10,-4.744566666186623e-11,5.0030668691246564e-11,-1.3062541182781095e-11,1.3774202716800281e-11,43.36334310909544,-0.6809666653165184,-13.816987212730876,815.7673964528027,0.46970280466601505,-0.4451098135637114
251.0,1198.402931188407,-0.040143707219385615,-0.0008297589843531504,-0.040143707219385615,-0.0008297589843531504,-0.011424560988269612,-0.00024783186240101237,-0.0033662538545035127,-7.404770605347495e-05,-0.0010017245359360118,-2.2126627410615338e-05,-0.0002989607422520449,-6.611786734008746e-06,-8.9302280540916e-05,-1.9757066002312267e-06,-2.66843170285897e-05,-5.903724253742865e-07,-7.97351166141257e-06,-1.764126316136461e-07,-2.382556321193105e-06,-5.271488852575525e-08,-7.11929055169732e-07,-1.5752043642277828e-08,-2.1273074424058147e-07,-4.706960135020853e-09,-6.356584132467658e-08,-1.4065142354750528e-09,-1.8994038923595494e-08,-4.202887139946562e-10,-5.675585434707468e-09,-1.255888668252545e-10,-1.6959067391518327e-09,-3.7527748764190406e-11,-5.067226981157731e-10,-1.1213236063827012e-11,-1.513150877552944e-10,-3.348519960552231e-12,-4.488578604485277e-11,-9.933202866195826e-13,-1.231289003517892e-11,-2.7248903330513183e-13,43.484967825321526,-0.568478731117187,-13.952175936242902,815.6180480670577,-0.009951088928621371,-0.45516842143206904
251.5,1206.7953578311015,-0.03948559456616805,-0.04289986183903351,-0.03948559456616805,-0.04289986183903351,-0.011203666589845361,-0.012122690153245456,-0.00328948174826735,-0.0035552850558668797,-0.0009752337587895543,-0.0010536855289722707,-0.00028995221925411216,-0.00031324520764187345,-8.628175720875296e-05,-9.320897510854277e-05,-2.568323933450107e-05,-2.774509927260023e-05,-7.645055038832752e-06,-8.25875976797805e-06,-2.275681263712861e-06,-2.4583481296397015e-06,-6.773954128040882e-07,-7.317655066990386e-07,-2.0163831926884772e-07,-2.1782136965246968e-07,-6.002109088693879e-08,-6.483791389134056e-08,-1.7866302605757316e-08,-1.9300011455188932e-08,-5.318207936623387e-09,-5.744945694630537e-09,-1.5830475889616131e-09,-1.710063819774477e-09,-4.711946785557157e-10,-5.089984502165793e-10,-1.4017019430667433e-10,-1.5141521310755189e-10,-4.142528974924313e-11,-4.4748360613328003e-11,-1.132728148714567e-11,-1.2235888930581104e-11,43.57490958581745,-0.47595864644910457,-14.089099675761169,815.499192889394,-0.4862406651997079,-0.44965100432808136
252.0,1213.630368695289,-0.037353130342566605,-0.08630951878793224,-0.037353130342566605,-0.08630951878793224,-0.010593168262429996,-0.023101958971615707,-0.003102941361808839,-0.006663604295872241,-0.0009172909725984558,-0.0019611122294146193,-0.00027189893412866203,-0.0005805132354673141,-8.066121864589927e-05,-0.00017213191095886683,-2.3935745012755047e-05,-5.1069411003305786e-05,-7.1027923819137285e-06,-1.5153502509209622e-05,-2.1077121098264377e-06,-4.496402715224212e-06,-6.25451244955679e-07,-1.3341890672068242e-06,-1.8559899990307097e-07,-3.958854620258349e-07,-5.507541784763556e-08,-1.1746858253620396e-07,-1.634330760397021e-08,-3.485570633282413e-08,-4.849778896345694e-09,-1.034250830061787e-08,-1.439136596447973e-09,-3.0688521225895527e-09,-4.2703195931518525e-10,-9.105511537031236e-10,-1.2664031968841698e-10,-2.7001387921716097e-10,-3.731385752955307e-11,-7.955271701506033e-11,-1.0176551212573394e-11,-2.169504180786904e-11,43.633998789772356,-0.4097155370974957,-14.217232966641232,815.4124204788345,-0.9259625949289423,-0.4278086055101751
252.5,1218.5557255302472,-0.033822035701989495,-0.12710500799822166,-0.033822035701989495,-0.12710500799822166,-0.00961130123567142,-0.03240574062557609,-0.0028124650494735903,-0.009220395030959998,-0.0008298675194460277,-0.0026988269447693397,-0.0002454641610432632,-0.0007963338477863604,-7.266021926102049e-05,-0.0002355248091403133,-2.151348935085071e-05,-6.971052021296265e-05,-6.369788431037818e-06,-2.0637590230203985e-05,-1.885989018010455e-06,-6.109696631036962e-06,-5.584101598891555e-07,-1.8087573456515836e-06,-1.653360139569422e-07,-5.354771819980253e-07,-4.895325939897891e-08,-1.585264115158557e-07,-1.4494250059672074e-08,-4.693126658307501e-08,-4.291506000903543e-09,-1.389385491058802e-08,-1.2706379625660587e-09,-4.11321463483606e-09,-3.761946069128003e-10,-1.217639305229223e-09,-1.1131653147354302e-10,-3.602570182345604e-10,-3.272772752365458e-11,-1.0590502889174215e-10,-8.909115702062337e-12,-2.8826398273566982e-11,43.66531845995423,-0.37463127848580785,-14.32691863962179,815.3569230972081,-1.2985119558399365,-0.39004148652554355
253.0,1221.3358976222069,-0.02903403344152043,-0.16049717384836895,-0.02903403344152043,-0.16049717384836895,-0.00828807898120494,-0.03939294783871744,-0.0024261674061791124,-0.0110987311171894,-0.0007153287487068544,-0.003236844339815442,-0.00021135024965067572,-0.0009532094690260557,-6.248742897017882e-05,-0.0002815029371696367,-1.8478353294475636e-05,-8.320490122977153e-05,-5.464291716001224e-06,-2.4600704343006298e-05,-1.6158628142371951e-06,-7.273545731266732e-06,-4.778318527285972e-07,-2.1505265364548314e-06,-1.4130115343335987e-07,-6.358335472227777e-07,-4.178460640728962e-08,-1.8799316891557436e-07,-1.235625635781486e-08,-5.5582833863187743e-08,-3.653905776093265e-09,-1.6433843282580064e-08,-1.0805028755510376e-09,-4.858875267204628e-09,-3.195018347057785e-10,-1.4365185433615952e-09,-9.442323891570059e-11,-4.244680688387052e-10,-2.7727215348109518e-11,-1.246241834694957e-10,-7.539961455942641e-12,-3.3884797165516766e-11,43.67373901716301,-0.3739038462044337,-14.410017967362787,815.32980389113,-1.5780103460772061,-0.3374404549490825
253.5,1221.8668103753466,-0.023145393023118112,-0.181797391580542,-0.023145393023118112,-0.181797391580542,-0.006655066672608919,-0.04360194899968834,-0.0019517168173562984,-0.012218256867738284,-0.0005756424714004896,-0.0035574366857710864,-0.00017006446253865263,-0.0010469261401298445,-5.027123283470468e-05,-0.0003090626550075805,-1.48619477153812e-05,-9.132276868781389e-05,-4.393715400251158e-06,-2.6993830444050993e-05,-1.2989370833301083e-06,-7.979027492216688e-06,-3.840115694249746e-07,-2.3584974298115845e-06,-1.135273503965089e-07,-6.97141365920698e-07,-3.356268477563379e-08,-2.0606597943294863e-07,-9.922311848721813e-09,-6.091043884179783e-08,-2.93338378513143e-09,-1.800433129905205e-08,-8.672075794875811e-10,-5.321823028376185e-09,-2.5636345878106674e-10,-1.5729784280596956e-09,-7.574389096763225e-11,-4.6466905003227335e-10,-2.2236352646788415e-11,-1.3639262093620415e-10,-6.045476582916953e-12,-3.707648378836541e-11,43.66528239762173,-0.40887895031756755,-14.460421120211889,815.3265838467756,-1.7450920801509742,-0.27133902513233504
254.0,1220.1823363062078,-0.016312705504822965,-0.1876536492812433,-0.016312705504822965,-0.1876536492812433,-0.004734635845720707,-0.04475977851190277,-0.0013929606905623655,-0.012534285992937173,-0.00041144106602608376,-0.0036507625501090287,-0.00012166940938947489,-0.0010750784852947143,-3.599515998581684e-05,-0.0003176026769604469,-1.0649325234601848e-05,-9.391592411585941e-05,-3.1506493650133448e-06,-2.778136436615538e-05,-9.321333701914681e-07,-8.21803353627135e-06,-2.7577572719314353e-07,-2.4309848252733003e-06,-8.158945288064377e-08,-7.191120834858669e-07,-2.4138595789873204e-08,-2.127212733563028e-07,-7.141508692189825e-09,-6.292529309839784e-08,-2.112845658556906e-09,-1.8613987052402593e-08,-6.250916856250376e-10,-5.506196639978069e-09,-1.8492619881167332e-10,-1.628706492062875e-09,-5.467774328081921e-11,-4.814947309550512e-10,-1.606348304603921e-11,-1.4143558916833214e-10,-4.369948573882334e-12,-3.847174094614821e-11,43.64643486098453,-0.47897832090171094,-14.474411009433153,815.3417916355579,-1.788231177306777,-0.19299728646047043
254.5,1216.4521206316467,-0.008661749672681079,-0.17705995676015118,-0.008661749672681079,-0.17705995676015118,-0.0025439378492405937,-0.04277844015187546,-0.00075187382901863,-0.012028762631415581,-0.00022263441268418246,-0.0035116899677091274,-6.596254756977529e-05,-0.0010360639960987714,-1.9546907729109698e-05,-0.0003066127394174627,-5.792402141034724e-06,-9.08221509449893e-05,-1.7164823729833112e-06,-2.691191892960877e-05,-5.086511027832673e-07,-7.974391411537398e-06,-1.5073032408513656e-07,-2.36292768841121e-06,-4.466643336609191e-08,-7.001697019511237e-07,-1.3236157195587035e-08,-2.074704242938271e-07,-3.922315676581179e-09,-6.147648994833205e-08,-1.162312756747479e-09,-1.821636689046496e-08,-3.444304810767719e-10,-5.397747676726866e-09,-1.020607306521855e-10,-1.5993441827495233e-09,-3.0225326735679365e-11,-4.736162609522733e-10,-8.893727749883978e-12,-1.3935175434605422e-10,-2.4227611275161694e-12,-3.7959087712471535e-11,43.62352699961849,-0.5817286899803289,-14.450884728002432,815.3695188468939,-1.70452332984969,-0.10349569388431588
255.0,1210.9708781082022,-0.0003196146140188718,-0.15169094005546954,-0.0003196146140188718,-0.15169094005546954,-9.494754965380444e-05,-0.03775790721134285,-2.821068298838689e-05,-0.010709193258983245,-8.38191862320875e-06,-0.0031394752710860218,-2.4904239232716456e-06,-0.0009290116996594645,-7.399512684870262e-07,-0.0002756605414711298,-2.1985328466334467e-07,-8.18635662415564e-05,-6.532250005566167e-08,-2.431842217372803e-05,-1.940852973864786e-08,-7.2240397550907385e-06,-5.766635175878966e-09,-2.1459760015272585e-06,-1.7133745676877706e-09,-6.374844484578185e-07,-5.090754506417373e-10,-1.8937137256035725e-07,-1.51255779165552e-10,-5.6254729903523883e-08,-4.494088586913246e-11,-1.6711044314634306e-08,-1.3352707492077972e-11,-4.9641648836135896e-09,-3.96711802101468e-12,-1.4745751722256455e-09,-1.1779652057089909e-12,-4.3776342103335066e-10,-3.475068774455588e-13,-1.29118245114195e-10,-9.487517546921848e-14,-3.524562730368107e-11,43.60227226529337,-0.7128908917627312,-14.391436797591052,815.4038500003318,-1.4998713226347347,-0.0038543019052054445
255.5,1204.1398336718069,0.00880475480083836,-0.11540482509084583,0.00880475480083836,-0.11540482509084583,0.0026000425238080905,-0.03000094293249422,0.0007727215167460895,-0.008617269137443921,0.0002300865900272179,-0.002540777694850699,6.855235769577014e-05,-0.0007547839450668237,2.042837629325129e-05,-0.00022471812507151732,6.087588698713192e-06,-6.695134921948004e-05,1.8140813362869896e-06,-1.9951335294838368e-05,5.405902496910519e-07,-5.945448220034512e-06,1.610941098438724e-07,-1.7717287596997726e-06,4.8005512913880784e-08,-5.279707568013936e-07,1.4305484317922814e-08,-1.5733396973267296e-07,4.262986924502574e-09,-4.6885129158688695e-08,1.2703554755763643e-09,-1.3971645569249445e-08,3.785598323030905e-10,-4.16349461366658e-09,1.1280318454126663e-10,-1.2406407039643154e-09,3.3593521719307505e-11,-3.6947186164936793e-10,9.938776796040115e-12,-1.0931001146291644e-10,2.7201678383164572e-12,-2.991738443749673e-11,43.58750915645844,-0.866683546744226,-14.300300250492553,815.4391241797223,-1.188559953548802,0.10467358454447719
256.0,1196.4414730590208,0.01885929172159008,-0.07311352702031719,0.01885929172159008,-0.07311352702031719,0.00551645855011179,-0.020025853687319566,0.0016390460836616435,-0.005843596554562634,0.0004892357355493069,-0.0017350811284476482,0.00014623065459122122,-0.0005177978455343778,4.372913591931626e-05,-0.0001547580567176963,1.3077840827015576e-05,-4.627811554546088e-05,3.911120517256569e-06,-1.3840069357143577e-05,1.1696780762691584e-06,-4.13905185099943e-06,3.498094206256992e-07,-1.2378370211646572e-06,1.0461564870936488e-07,-3.7019118042469094e-07,3.128684728128281e-08,-1.1071046291997159e-07,9.35679114005886e-09,-3.310939528435023e-08,2.7982846109900922e-09,-9.901788529160014e-09,8.36863761559965e-10,-2.961242502749172e-09,2.5026182708256046e-10,-8.855463036957105e-10,7.479572071633046e-11,-2.646615585581146e-10,2.2205711853885446e-11,-7.857352859058819e-11,6.09574270272893e-12,-2.156929808157571e-11,43.58313868823503,-1.0360906285696738,-14.184132144320703,815.4700400861681,-0.792247535232308,0.220237005887272
256.5,1188.409189947835,0.02967994726209329,-0.029530910792980137,0.02967994726209329,-0.029530910792980137,0.008592809828569262,-0.008551204649539948,0.0025523706906707823,-0.002540142985521278,0.000763792743839041,-0.0007601452752797913,0.00022906777937219426,-0.000227974953459039,6.874778484484235e-05,-6.841994837159447e-05,2.0637058065665045e-05,-2.0538651349617345e-05,6.1949365577742535e-06,-6.165397801300951e-06,1.859627415550294e-06,-1.8507607632940134e-06,5.582323713023145e-07,-5.555708671861843e-07,1.6757301898140157e-07,-1.6677411495360425e-07,5.0302916910127456e-08,-5.00631097868096e-08,1.5100183563909946e-08,-1.5028200641581018e-08,4.532847328755811e-09,-4.511240211891225e-09,1.3606856962552157e-09,-1.354199920951615e-09,4.0843300423510547e-10,-4.0648629045533007e-10,1.225238433077868e-10,-1.219398884986534e-10,3.6507900624855616e-11,-3.6333901920504456e-11,1.005321775037461e-11,-1.0005307539474636e-11,43.592201259070364,-1.21323715746766,-14.051627350757908,815.4916637812543,-0.3384436500342771,0.34008044372519297
257.0,1180.5937368248053,0.040949736449047196,0.012067171751037305,0.040949736449047196,0.012067171751037305,0.011737076525843914,0.0035860143622486167,0.003485288610232275,0.0010758850102108675,0.0010454958041450938,0.00032371165715526637,0.0003145667330136694,9.748187247385266e-05,9.473228826198184e-05,2.9365729125348535e-05,2.853911829751348e-05,8.846219560396887e-06,8.597715606225726e-06,2.66486148452983e-06,2.590154078136346e-06,8.027707975284939e-07,7.803117078792254e-07,2.418290620767476e-07,2.350772745193626e-07,7.284930571534595e-08,7.081955098946923e-08,2.1945341385402382e-08,2.1335148689816588e-08,6.6108796095036874e-09,6.427439200288838e-09,1.991480020137794e-09,1.936324224579501e-09,5.999160182444575e-10,5.833024661865858e-10,1.8070933927991986e-10,1.756066828453371e-10,5.440043168100564e-11,5.250690755336049e-11,1.6264951306643164e-11,1.4502093155322052e-11,4.492062926986903e-12,43.61700766556365,-1.3898128048164633,-13.912953725437252,815.499425191195,0.14141740571012984,0.4604128817546658
257.5,1173.5285876172795,0.052232935704947636,0.0559235519634104,0.052232935704947636,0.0559235519634104,0.014817392929891019,0.015794585604695273,0.004397526564805911,0.004681880808168878,0.0013219311907039775,0.0014069070053806599,0.0003988951862694253,0.00042448977979519804,0.00012050465953912908,0.00012823193715515561,3.6419982479162355e-05,3.875467518355969e-05,1.1007554190500294e-05,1.1713128108969479e-05,3.3269167365561237e-06,3.5401501740240044e-06,1.0055253673805706e-06,1.0699672314156672e-06,3.039093984611384e-07,3.2338455139956637e-07,9.185339830783983e-08,9.773903776453137e-08,2.776171596153917e-08,2.9540431153370013e-08,8.390680310049063e-09,8.928230400856474e-09,2.535979677279384e-09,2.698433219723675e-09,7.664245388393449e-10,8.155169563236014e-10,2.3148324520722835e-10,2.4630932320460975e-10,6.943247155958222e-11,7.387912306106097e-11,1.9228695588978226e-11,2.0460073424394448e-11,43.65923566151326,-1.5575198693307781,-13.779023304387987,815.4891877321193,0.6141668174103925,0.576530041474514
258.0,1167.6963885055354,0.06295965152331023,0.10151142437861138,0.06295965152331023,0.10151142437861138,0.017680316449541055,0.02724808577417468,0.0052427216568413666,0.007984828391873068,0.001578578407083334,0.002395920038638164,0.00047746640796093946,0.0007239109553464911,0.0001446142077063471,0.00021917881893384353,4.3822240060727944e-05,6.640572252400327e-05,1.3280401041807332e-05,2.0123362824540198e-05,4.024647110280389e-06,6.098114981135891e-06,1.2196758449611187e-06,1.8479518879189185e-06,3.6962474607995367e-07,5.599970137044339e-07,1.1201537929819308e-07,1.6969957725048844e-07,3.3946440999107264e-08,5.142517641219648e-08,1.0287518460749916e-08,1.5583700888479606e-08,3.117630699461818e-09,4.7224033995182835e-09,9.447420233485434e-10,1.4309685499866917e-09,2.8610418732228853e-10,4.333308149110414e-10,8.603966949661448e-11,1.3030863603596222e-10,2.3881219673852264e-11,3.61670501461553e-11,43.719927230200426,-1.7085203490415322,-13.660642875188476,815.4574452394518,1.047196498641262,0.6832049216288354
258.5,1163.4986049536187,0.07249380432729666,0.1444909698310662,0.07249380432729666,0.1444909698310662,0.020167577085993607,0.03700922057035233,0.005973460606522073,0.010735821246899768,0.0018004454590224983,0.0032164138361985245,0.000545476883054896,0.000972663693217107,0.0001655189096005835,0.00029496180612218777,5.0252266005337866e-05,8.952435021710783e-05,1.5258511580059346e-05,2.7180730237050635e-05,4.633068200574495e-06,8.252415062652024e-06,1.4067768561378298e-06,2.5055380693714815e-06,4.271513037530354e-07,7.607131932915539e-07,1.296994862268628e-07,2.3096219010351913e-07,3.9381726756256704e-08,7.012305189263504e-08,1.1957793087981761e-08,2.1290237679861026e-08,3.6308218071768715e-09,6.463947703479717e-09,1.1023841785924398e-09,1.9624080280664336e-09,3.3448788466440413e-10,5.953883317073335e-10,1.0077901215270696e-10,1.7937191603636445e-10,2.8017276344240216e-11,4.9863170866727734e-11,43.799366050755985,-1.8358569243969196,-13.567614786411577,815.4016501610089,1.4106980581247444,0.7752939629829797
259.0,1161.230272165738,0.08022937821926406,0.17940390084797136,0.08022937821926406,0.17940390084797136,0.022140013386417152,0.04427118019172794,0.00654855643862212,0.012740727524025903,0.0019744284873844517,0.0038113498407332685,0.0005986825681281553,0.0011528867792862183,0.00018184117567147774,0.0003498920578871967,5.52638709928853e-05,0.00010629572598291911,1.6797744456519585e-05,3.230528298248237e-05,5.105762838377681e-06,9.8183019830926e-06,1.5519234875294162e-06,2.9840027674577604e-06,4.7171531201229694e-07,9.069055452114796e-07,1.433803511746368e-07,2.7562898847320334e-07,4.3581210072950487e-08,8.37698435270464e-08,1.3246730725992809e-08,2.5459524971921535e-08,4.02638898318783e-09,7.73767509659321e-09,1.223761202092787e-09,2.3514980665888e-09,3.717024119803701e-10,7.141619469604857e-10,1.1210494252531509e-10,2.1536775667553574e-10,3.1192991861452055e-11,5.992032082630813e-11,43.89686646645338,-1.9338245487695835,-13.50787701177111,815.320621470482,1.6796949258412268,0.8484486175103926
259.5,1161.0614355063494,0.08570429958355769,0.20086833841674542,0.08570429958355769,0.20086833841674542,0.023501428576644515,0.04844978069147966,0.006940078584413494,0.013872323729092821,0.0020916045159294697,0.00414419214653202,0.0006341650981616996,0.0012531143058290466,0.00019262373361393853,0.0003802847647995842,5.8543934947797315e-05,0.00011553134902171599,1.7796008650821535e-05,3.5113693806008814e-05,5.409576998669735e-06,1.0672475810573246e-05,1.6443868892308242e-06,3.243798290313735e-06,4.998557633500837e-07,9.859218732090219e-07,1.5194464563699155e-07,2.9966164643160867e-07,4.618767239808233e-08,9.107932438590306e-08,1.403998137685803e-08,2.768268548290598e-08,4.267805078923196e-09,8.413839602824422e-09,1.2972286607433288e-09,2.557138059498954e-09,3.9404527438385714e-10,7.766617846017527e-10,1.1885175005155734e-10,2.342291292589092e-10,3.307224620067405e-11,6.517121782073682e-11,44.01054869303474,-1.9982727188305,-13.486775302502103,815.2149368765322,1.8357372812404815,0.8997885926446567
260.0,1163.026447065289,0.08870002979754067,0.20520494000428482,0.08870002979754067,0.20520494000428482,0.024216467329127894,0.04922891225056361,0.007138431768094201,0.014069120545349725,0.0021488857935215893,0.004198101128696176,0.0006508893738157594,0.0012681665959611847,0.00019751840647078324,0.00038449288002794137,5.9976071994519e-05,0.00011670215492925994,1.821464208015249e-05,3.543697253791902e-05,5.531759167722735e-06,1.0760865659088362e-05,1.679986867480117e-06,3.2676671126202803e-06,5.102094627740095e-07,9.922666718302834e-07,1.5494983908808406e-07,3.0131378435576284e-07,4.705802857140403e-08,9.149757300430259e-08,1.4291443881968905e-08,2.778433008425765e-08,4.340263463116897e-09,8.436996910859115e-09,1.318044732659296e-09,2.561827849496981e-09,4.0000304344422023e-10,7.773763036653686e-10,1.2054145699821e-10,2.342361612665253e-10,3.351687780590927e-11,6.512357162072348e-11,44.13719608785888,-2.026822913065334,-13.506549219223453,815.0871955731851,1.868154693324654,0.9283924192348344
260.5,1167.0217909170467,0.08929367694075956,0.19169678217182234,0.08929367694075956,0.19169678217182234,0.0243178638200542,0.046569572181539676,0.007154233390859209,0.013328645654821853,0.0021496173834184996,0.003973564985568235,0.0006499047425225908,0.0011984719935159817,0.00019685454167700872,0.0003627257475171936,5.966383249271341e-05,0.00010989576649023885,1.8086247389417924e-05,3.330917128843266e-05,5.48259022199912e-06,1.0096119137713305e-05,1.6619697217883735e-06,3.0601668459645916e-06,5.038026267503637e-07,9.275466140511388e-07,1.527206436485281e-07,2.811424216826445e-07,4.6295101881741745e-08,8.52151864572515e-08,1.4033698010936194e-08,2.5828988565371135e-08,4.254091881357273e-09,7.828804734471797e-09,1.2894843206950083e-09,2.372782910023073e-09,3.9061349936670405e-10,7.186917898453514e-10,1.175002814288324e-10,2.1616684619116999e-10,3.262096773311624e-11,6.000786062429873e-11,44.272281548544896,-2.018990657600095,-13.56609102148804,814.9420516844586,1.7747888604974869,0.9354948883509989
261.0,1172.8125737322957,0.08784392454525676,0.16282558207584336,0.08784392454525676,0.16282558207584336,0.023901177789658994,0.040704305746706804,0.007016552812320435,0.011703786320975618,0.0021029786486373775,0.0034870555497455882,0.0006341409923770367,0.0010495937244636322,0.00019156971285563956,0.000316884341453554,5.790728075347669e-05,9.575870071924714e-05,1.7506813229266705e-05,2.894784308703709e-05,5.292745669423188e-06,8.750929633192477e-06,1.6001288386284721e-06,2.6454050208607237e-06,4.837588010338129e-07,7.997056329701986e-07,1.4625233363415416e-07,2.417509198208114e-07,4.421572096660566e-08,7.308127177512114e-08,1.3367506587386234e-08,2.2092448276289013e-08,4.0413068344754195e-09,6.678505996564779e-09,1.2217102164368288e-09,2.0187836579723757e-09,3.6909720224712494e-10,6.09854873467261e-10,1.1073961488404653e-10,1.829590723313446e-10,3.0675574007774046e-11,5.067735559305722e-11,44.41021303330638,-1.9762068072965984,-13.661006460693999,814.7859621120479,1.562157835685131,0.9243424529262955
261.5,1180.0472729220603,0.08491629246034557,0.12337700475589583,0.08491629246034557,0.12337700475589583,0.023108477811238343,0.03212355037436778,0.006767989919287972,0.009304179033138524,0.002022361266918685,0.0027713136528095166,0.0006078624795536165,0.0008321593383634244,0.00018302570148308534,0.00025047939433145053,5.514119326809273e-05,7.545124440747064e-05,1.6615041215483384e-05,2.2733787939544585e-05,5.006413141097735e-06,6.84978913391148e-06,1.508523043176047e-06,2.063871243043095e-06,4.545453415491011e-07,6.218533773259283e-07,1.3696275150168669e-07,1.8736712503120249e-07,4.1269358111215776e-08,5.6454526608706145e-08,1.2435199464374626e-08,1.7009985618220317e-08,3.746929949882394e-09,5.125153802369139e-09,1.1289481899280857e-09,1.5441357667155112e-09,3.3994108233023233e-10,4.6493829144048425e-10,1.0166214409858637e-10,1.3903740124234175e-10,2.8082912556670576e-11,3.8405918373091985e-11,44.54479296922163,-1.9017376666596886,-13.783973830283452,814.626654613771,1.2450344911466171,0.8997323717631394
262.0,1188.2798156419587,0.08117416263441164,0.07889074344503746,0.08117416263441164,0.07889074344503746,0.022105229254303298,0.02154086270051563,0.006457824005431254,0.00629733297391852,0.0019231474455471964,0.001875732137268403,0.0005759316460238879,0.0005617668036065103,0.000172763711296146,0.00016851811112490573,5.185393010960088e-05,5.0580154114164186e-05,1.5565545415097578e-05,1.5183227712090586e-05,4.672475230954114e-06,4.557724423528667e-06,1.4025865589960746e-06,1.3681446602520273e-06,4.210293169331972e-07,4.106917481023318e-07,1.263848451931164e-07,1.2328207410103455e-07,3.793828079707432e-08,3.700699918552675e-08,1.1388331538510026e-08,1.1108812031181496e-08,3.418538039318496e-09,3.3346420761012295e-09,1.0261173845567083e-09,1.000937908430837e-09,3.0781554810896266e-10,3.002630787490139e-10,9.171713975163187e-11,8.946704019097627e-11,2.5255946102685385e-11,2.4636396414011395e-11,44.66982871276441,-1.8005084059474052,-13.925365592003025,814.4723862342997,0.8454567914087162,0.8673305079791059
262.5,1196.9976013572928,0.07726931044295031,0.03424246140852972,0.07726931044295031,0.03424246140852972,0.021056030479108166,0.009820834912721446,0.006134854530077894,0.0029013043774322846,0.00182043151762526,0.0008644239172392161,0.0005430701521204606,0.0002581958184598991,0.00016226411131334455,7.718099744100248e-05,4.850946483251341e-05,2.3077406367792256e-05,1.450361252735835e-05,6.900230656776259e-06,4.336365636396744e-06,2.063194726352553e-06,1.2965091901400038e-06,6.169029254845801e-07,3.8763707225606745e-07,1.8445627766883261e-07,1.158977509949783e-07,5.5153115434694415e-08,3.465171190424038e-08,1.6490986687204475e-08,1.036034459036664e-08,4.9308643052680935e-09,3.0975736930110696e-09,1.4743391713410683e-09,9.260748571733859e-10,4.40807267771699e-10,2.767025546521744e-10,1.3171724903859883e-10,8.21275810263935e-11,3.909709576831796e-11,2.254005679373779e-11,1.0730815667995741e-11,44.77978785015479,-1.6788388124607327,-14.074068524930185,814.3311115805144,0.391225621977817,0.8329087975032881
263.0,1205.653707212137,0.07375866645898524,-0.007211153238215078,0.07375866645898524,-0.007211153238215078,0.0201045033941728,-0.002133911601849294,0.0058414842536479,-0.0006342348905621253,0.0017271867053898567,-0.00018875174707575886,0.0005132836929004298,-5.61979814414762e-05,0.00015276570215986274,-1.6733869834068137e-05,4.549069104619689e-05,-4.982783944212898e-06,1.3547459532369907e-05,-1.4837055672662922e-06,4.034532243039821e-06,-4.4179764465452203e-07,1.2015131236664793e-06,-1.3155248799363858e-07,3.5781937009844016e-07,-3.9171908907540784e-08,1.0656121738385061e-07,-1.166407770207779e-08,3.173470637612312e-08,-3.4731701273519883e-09,9.450822793368473e-09,-1.0341928594831007e-09,2.814509904755551e-09,-3.079463352196935e-10,8.381342968688863e-10,-9.169089862250458e-11,2.4944379090329637e-10,-2.7285120576893916e-11,7.375331100253816e-11,-8.066342479222245e-12,2.017498515096397e-11,-2.2062683179542956e-12,44.87037543772697,-1.5441047071104728,-14.218417042927587,814.2097017869687,-0.08601470903704621,0.8016553308017956
263.5,1213.7012526228616,0.07105986666453387,-0.04906198461394389,0.07105986666453387,-0.04906198461394389,0.019360908902166896,-0.013719710182300456,0.0056101116724941716,-0.0040031928621386504,0.0016532014532335537,-0.0011820513074178593,0.0004895488269217747,-0.00035024602808561345,0.00014517403083804,-0.0001038853765167562,4.307277126989298e-05,-3.0825627177010844e-05,1.2780555636784616e-05,-9.146867532324493e-06,3.7922473426516757e-06,-2.7141438250390156e-06,1.1252358908514985e-06,-8.053660640402421e-07,3.3388007032176173e-07,-2.389757281162827e-07,9.906891703055935e-08,-7.091110619115501e-08,2.9395734731574616e-08,-2.1041403869028264e-08,8.722300728989471e-09,-6.2435989217380806e-09,2.5880691649848966e-09,-1.852649934220693e-09,7.67889970090798e-10,-5.49705434675491e-10,2.27706513565585e-10,-1.630121491022958e-10,6.708714171910857e-11,-4.802828278050381e-11,1.829530839432334e-11,-1.3098120532269536e-11,44.93892497925407,-1.4043422358924527,-14.347143908195056,814.1133428492648,-0.5529820267139411,0.7776858117852168
264.0,1220.6277638426832,0.06944498294702034,-0.09140143409972787,0.06944498294702034,-0.09140143409972787,0.018898677271066592,-0.024246427417804875,0.00546219197793291,-0.006961895245776078,0.001604868243212579,-0.0020416519733830784,0.0004737759230331993,-0.0006023760831709121,0.00014005911237640524,-0.00017804282953170995,4.1425320052039976e-05,-5.265490261586265e-05,1.225320325623979e-05,-1.557435532712492e-05,3.6243773095964647e-06,-4.606608915915715e-06,1.072055250120964e-06,-1.3625505041672012e-06,3.1710342521564e-07,-4.0301747121962495e-07,9.37960818371902e-08,-1.1920518256852073e-07,2.7743959862767713e-08,-3.525870745904901e-08,8.206387768425443e-09,-1.0428875300129778e-08,2.427357668869033e-09,-3.084655808052097e-09,7.179502236429015e-10,-9.123359356290727e-10,2.1223284171134705e-10,-2.696873443405377e-10,6.233756723230386e-11,-7.921104965561663e-11,1.6955369282318728e-11,-2.1544300909626084e-11,44.98453674446047,-1.2678155142729408,-14.450256018115521,814.0451998751142,-0.9770894162722691,0.7638319459764057
264.5,1225.9873792438596,0.06906374546740934,-0.1301171970350139,0.06906374546740934,-0.1301171970350139,0.018758809640213207,-0.03295627085359494,0.005409635819970737,-0.009339517901711983,0.0015856873297797349,-0.0027241254458413118,0.0004669918861559392,-0.0008010738604567535,0.0001377206093327681,-0.00023612927721824447,4.0635222369458066e-05,-6.965452581724941e-05,1.1990405511142301e-05,-2.0551716786421833e-05,3.538059248440817e-06,-6.0638279838842395e-06,1.0439899830207613e-06,-1.789145413126804e-06,3.0805450331263344e-07,-5.278911798264372e-07,9.089893425752717e-08,-1.557554210724744e-07,2.6821928919359265e-08,-4.595596853606019e-08,7.914455916607729e-09,-1.3559401384611006e-08,2.3353410600156748e-09,-4.000712178883749e-09,6.890626990840501e-10,-1.180356731436732e-09,2.0320210395883348e-10,-3.480569944064274e-10,5.954445007999698e-11,-1.0198395162733351e-10,1.6162758904443778e-11,-2.7680802234237344e-11,45.007954270324134,-1.142570503576646,-14.519760540263457,814.006373225265,-1.3287343312038633,0.7617135826877555
265.0,1229.4288717380243,0.0699843624717907,-0.16045813829378586,0.0699843624717907,-0.16045813829378586,0.01895953488075481,-0.03924975514514897,0.005457728929027301,-0.011020401255357113,0.0015972075252555836,-0.0032026120152617798,0.00046964739561445137,-0.0009397282706724013,0.00013828812462939825,-0.00027651339350886166,4.0739240054605206e-05,-8.143249391845983e-05,1.2002421508517619e-05,-2.398877334426949e-05,3.5361023394861906e-06,-7.06672752935681e-06,1.0417914206090823e-06,-2.0817503776961074e-06,3.069281540893576e-07,-6.132519777547931e-07,9.042586613287174e-08,-1.80654698741985e-07,2.664088288233659e-08,-5.3218122927617306e-08,7.848820524164125e-09,-1.5677243082688435e-08,2.3123757096376456e-09,-4.618256515407033e-09,6.812269802088461e-10,-1.3603976572718757e-09,2.005803454020113e-10,-4.0051324914167717e-10,5.868729680536342e-11,-1.1717318747033152e-10,1.5909308453264652e-11,-3.1761230257803996e-11,45.01122718496064,-1.035999277276068,-14.550194723430826,813.9961095509427,-1.5833756936276573,0.7720336576987681
265.5,1230.7177275779052,0.07223973254992264,-0.17806243881542927,0.07223973254992264,-0.17806243881542927,0.019507862565735862,-0.042716683725601244,0.005608545503623824,-0.011935988282176294,0.0016400811905895412,-0.0034626595978893893,0.0004819469296024137,-0.001015095062249499,0.00014182469096621,-0.0002984832282484739,4.1756448384194775e-05,-8.784673383715875e-05,1.2294920717891973e-05,-2.586283477572423e-05,3.620161228058204e-06,-7.61424122940184e-06,1.0659334547556087e-06,-2.2416981742537325e-06,3.138573279617486e-07,-6.59975242783107e-07,9.241329438569722e-08,-1.9430239324393253e-07,2.7210506018894995e-08,-5.7204295561071956e-08,8.011957367161188e-09,-1.6841430594719028e-08,2.359059319746248e-09,-4.958239969931567e-09,6.945741468695034e-10,-1.4596732671956092e-09,2.0439125247642822e-10,-4.2948482234279456e-10,5.976830025176756e-11,-1.255758402175064e-10,1.6194384302653407e-11,-3.402173495340384e-11,44.99725133209467,-0.954438795120346,-14.5389439797753,814.0121813888716,-1.7232501994744565,0.7949841208920253
266.0,1229.7508942413472,0.07586790392932999,-0.18014805116592303,0.07586790392932999,-0.18014805116592303,0.0204096921536301,-0.04313876584308825,0.005863867934846026,-0.012052866463475973,0.0017149414268126499,-0.0034975689071361877,0.0005041155498366051,-0.0010257288190084627,0.00014840824821827728,-0.0003017369369401781,4.3713158582312815e-05,-8.884239566488866e-05,1.2876611745662697e-05,-2.616732255442016e-05,3.7930713640198604e-06,-7.70722991596575e-06,1.1173273416473516e-06,-2.2700600280655577e-06,3.291317954829017e-07,-6.686153893125606e-07,9.695255319709313e-08,-1.9693159315569748e-07,2.8559371637154075e-08,-5.800352748107246e-08,8.412748299847428e-09,-1.708414579174125e-08,2.4781372867495243e-09,-5.031880917900749e-09,7.299486114858672e-10,-1.4819955678100422e-09,2.148930775253899e-10,-4.3624137652976964e-10,6.28656387017606e-11,-1.2760527016107288e-10,1.703979685785734e-11,-3.458419617035391e-11,44.969295710512974,-0.9028268422268249,-14.486358824961675,814.0513248811626,-1.7386096150256167,0.8306293655735897
266.5,1226.563270725248,0.08093762112262404,-0.16635260915569214,0.08093762112262404,-0.16635260915569214,0.021675767120307082,-0.0404823465420434,0.006226842883996435,-0.011363805671132219,0.001822884604140638,-0.0033052350834459026,0.0005365418495944217,-0.0009709646105242193,0.00015817432651568205,-0.00028606155974301333,4.665572522700239e-05,-8.435158574959678e-05,1.3763100725636338e-05,-2.488071386845537e-05,4.060014942626467e-06,-7.3389245393070566e-06,1.1976749761165029e-06,-2.1647213851579706e-06,3.533054357144649e-07,-6.385157184776236e-07,1.0422254206512128e-07,-1.8833939762527275e-07,3.074489330252554e-08,-5.555341321057445e-08,9.06951702576453e-09,-1.6386271974690248e-08,2.6754296592053225e-09,-4.833344805688019e-09,7.891910020514381e-10,-1.4255899462673773e-09,2.326655760319268e-10,-4.20245447657602e-10,6.815982726957818e-11,-1.2310020081540568e-10,1.8497025135761786e-11,-3.340387493440438e-11,44.93061687074218,-0.8844349091529494,-14.395695500507786,814.109630838726,-1.628397448251779,0.8791468762936696
267.0,1221.3255324300098,0.08755279604613578,-0.13885373730535386,0.08755279604613578,-0.13885373730535386,0.023321834382621018,-0.03489923411566378,0.006701928468117236,-0.009887176147222943,0.0019654362776856736,-0.0028879411633759983,0.0005797637111053432,-0.0008508558124976202,0.00017131086142060554,-0.0002513145755968037,5.064878863461065e-05,-7.428779360902301e-05,1.4976324682147201e-05,-2.196482471713096e-05,4.428344823899764e-06,-6.494384897150443e-06,1.3094159143772988e-06,-1.920208138762002e-06,3.8718078753953283e-07,-5.677518892780166e-07,1.1448536722113407e-07,-1.6786836822119613e-07,3.385214167758372e-08,-4.96339838857142e-08,1.0009725242958897e-08,-1.4675376110629464e-08,2.9597587739902695e-09,-4.339078433169134e-09,8.751235514603042e-10,-1.2828759480536808e-09,2.5860718636132295e-10,-3.79079292358627e-10,7.593369305305692e-11,-1.113009393011788e-10,2.0647552214016653e-11,-3.026291567391674e-11,44.88422880446816,-0.9006935833698773,-14.272905803306463,814.182816491361,-1.400321791546009,0.9408499121892826
267.5,1214.3334272928746,0.0958336087574068,-0.10171339967844757,0.0958336087574068,-0.10171339967844757,0.025362714846395202,-0.02673775502400629,0.007293070778196363,-0.007675470397033061,0.0021439827239808115,-0.002255312652024484,0.0006342910036219876,-0.0006671305199782484,0.00018800310717804615,-0.0001977272230544036,5.5758239064410416e-05,-5.864085057121991e-05,1.6539309614067225e-05,-1.739424051876263e-05,4.905979225544985e-06,-5.159536402888978e-06,1.4552380192064317e-06,-1.5304385301482674e-06,4.3166055037834344e-07,-4.5396367266425266e-07,1.2804148033462187e-07,-1.3465618608773414e-07,3.798035318682476e-08,-3.9942156058454853e-08,1.1265932370460943e-08,-1.1847767607016037e-08,3.341745546805277e-09,-3.514306590744247e-09,9.911924279819564e-10,-1.0423681429486865e-09,2.9383024539321154e-10,-3.0899861505813327e-10,8.654171881067933e-11,-9.100861528814811e-11,2.3594491426914157e-11,-2.4812177968350015e-11,44.83284899097982,-0.9511206806676776,-14.126292505579444,814.2663541417078,-1.0703195129056893,1.0159824293430744
268.0,1205.9892157195404,0.10587609360532838,-0.05972590416655229,0.10587609360532838,-0.05972590416655229,0.027801428923815024,-0.01654849633269829,0.008000457499393853,-0.004828637518171099,0.002358762843500104,-0.0014293115318160332,0.0007002895855072428,-0.00042486150771793227,0.00020833455837701695,-0.00012644605879977167,6.202022156234617e-05,-3.764984567320116e-05,1.8466502508261323e-05,-1.1210901305671974e-05,5.498395624936345e-06,-3.3382423179001277e-06,1.6371456605719872e-06,-9.940201477677118e-07,4.874596329497332e-07,-2.9598691760128797e-07,1.4514096017062444e-07,-8.81352911501529e-08,4.32156759864776e-08,-2.624382634947583e-08,1.2867448952814178e-08,-7.814555712834382e-09,3.831259903513158e-09,-2.326909254254593e-09,1.1406922700609933e-09,-6.928389679301393e-10,3.39425031121144e-10,-2.0617383534699215e-10,1.0033930046799463e-10,-6.09517274981482e-11,2.7443055771797943e-11,-1.667128735626793e-11,44.778991110424606,-1.0333561606022625,-13.966035361864428,814.3554850067763,-0.6614453831178758,1.104344655077217
268.5,1196.7764204957384,0.11769588483332391,-0.017279139188776386,0.11769588483332391,-0.017279139188776386,0.030615853430128903,-0.005062868783235531,0.008816593374947128,-0.0015048692171112548,0.002607633188928009,-0.0004491925442376562,0.0007771859333552575,-0.0001342489189405926,0.0002321600848581321,-4.014107480977248e-05,6.940051132651549e-05,-1.2003044738803806e-05,2.0750799398486327e-05,-3.589168543292439e-06,6.204502927174701e-06,-1.0732385917392961e-06,1.855150533236865e-06,-3.2092142255089865e-07,5.546912525641673e-07,-9.596240781454553e-08,1.6585305556715265e-07,-2.8694823820251946e-08,4.9590172751324416e-08,-8.580369153439436e-09,1.4827488076420966e-08,-2.5657137527462626e-09,4.433405833026972e-09,-7.671996080233102e-10,1.3255142032085046e-09,-2.2939583070792856e-10,3.960717660415558e-10,-6.854963779070419e-11,1.1756319056410424e-10,-2.0348485340640932e-11,3.226676451557255e-11,-5.58523416925494e-12,44.725134437605824,-1.143301262072518,-13.803587298585127,814.4451876469258,-0.20225843496939927,1.2048604645499355
269.0,1187.2294732172952,0.13116522301680272,0.02382514346747747,0.13116522301680272,0.02382514346747747,0.03374639208286036,0.0069532032912527015,0.009722758294953867,0.002070799691888375,0.0028849254472736036,0.0006203910141051809,0.0008632878914926875,0.0001861912996507709,0.00025897963018055255,5.5912768353048384e-05,7.775261467500513e-05,1.6792870821010934e-05,2.3349709349289715e-05,5.043579824727333e-06,7.01209765091429e-06,1.5147914683739348e-06,2.1057869598626353e-06,4.549532816667529e-07,6.323840507637174e-07,1.3664091240810853e-07,1.8990980289762684e-07,4.103880472477535e-08,5.703137467961252e-08,1.2325616060320557e-08,1.712695295174332e-08,3.7018803217872997e-09,5.143327939084524e-09,1.1118186619818787e-09,1.5444879758743581e-09,3.3390407583776104e-10,4.635120362985989e-10,1.0021794553444046e-10,1.3816548199411868e-10,2.9876526423280607e-11,3.805975972256489e-11,8.230693138671747e-12,44.67387941419833,-1.2753528049303278,-13.65094630024742,814.5301891561904,0.27518451337392524,1.315221180704032
269.5,1177.9001644459263,0.1459558929239481,0.06815242298696214,0.1459558929239481,0.06815242298696214,0.037088559852742946,0.018933458426586686,0.010687037336412604,0.005579368529236012,0.0031807740932707396,0.0016713363826915092,0.0009555425045384598,0.0005030827346896817,0.0002878511124168491,0.00015164990375735396,8.678687340232249e-05,4.5737121422822195e-05,2.6174532416554333e-05,1.3795378351336154e-05,7.89412177636384e-06,4.161006594582796e-06,2.3808317806780226e-06,1.255056254307511e-06,7.180482042701082e-07,3.7855412269183955e-07,2.1656012242358312e-07,1.1418071723810023e-07,6.53135601785904e-08,3.443955527160097e-08,1.9698267252843267e-08,1.0387764618177102e-08,5.940875606292694e-09,3.1331734179279396e-09,1.7916299832034251e-09,9.449790305805003e-10,5.399779380270068e-10,2.8483253695562243e-10,1.616291172015699e-10,8.526523549178243e-11,4.4682295771458154e-11,2.3573358131940838e-11,44.62800413799246,-1.422717840913861,-13.519825949461278,814.6050979838942,0.7375854638410209,1.4317288797789105
270.0,1169.323005630023,0.16150468298510776,0.1133490243255675,0.16150468298510776,0.1133490243255675,0.04049391877272322,0.029993076336974536,0.01166493402413088,0.008752905295851534,0.003481254553593036,0.0026218652553335955,0.0010495486133225288,0.0007913479567829813,0.0003173830770709303,0.0002393928536829984,9.606440509289577e-05,7.247194574797976e-05,2.9087221071454875e-05,2.194480519578452e-05,8.807283684575487e-06,6.6449778613657225e-06,2.66674653141777e-06,2.0121268056145e-06,8.07460883054095e-07,6.092803265028186e-07,2.4449008077624965e-07,1.844926043337488e-07,7.402884542393932e-08,5.5865121558828855e-08,2.241509043973516e-08,1.691618097234208e-08,6.786997586703138e-09,5.122259522457091e-09,2.0548947315985413e-09,1.5509418244967375e-09,6.217635286688717e-10,4.693027641179765e-10,1.868245271609528e-10,1.4102078768727737e-10,5.181765899061224e-11,3.911516343099576e-11,44.59036690287485,-1.5777893681075381,-13.420771645326099,814.6647016150588,1.1527466788632774,1.5494188375219422
270.5,1161.9816792057222,0.17702058882590757,0.15479387019338714,0.17702058882590757,0.15479387019338714,0.04378124279325576,0.03922424888163367,0.012603031171346847,0.011355132724270293,0.0037695077677156615,0.0034016700893374683,0.0011398950627600742,0.001029160272297315,0.0003458348608063386,0.00031228899017673724,0.00010502725878097718,9.484633058625685e-05,3.190876847878134e-05,2.8816545057543326e-05,9.694428188671817e-06,8.755143975725193e-06,2.9453326590806142e-06,2.660018606944064e-06,8.948423052870529e-07,8.081761996666452e-07,2.7186835604149104e-07,2.4554293166713125e-07,8.259824004239026e-08,7.460171244673188e-08,2.5094740347129617e-08,2.266574179158589e-08,7.624163833300958e-09,6.886343404886656e-09,2.3161984071276592e-09,2.0920951452031084e-09,7.031982022522291e-10,6.351738529456354e-10,2.1198999517977976e-10,1.914869594191021e-10,5.896358264523211e-11,5.326176748045564e-11,44.56364796129929,-1.7325610298454213,-13.362292393060402,814.7044196046477,1.4918239863456395,1.662475850423991
271.0,1156.2786849175473,0.19155009785464394,0.18693389241953523,0.19155009785464394,0.18693389241953523,0.04675723113150471,0.04585601072894665,0.01344533148605361,0.013200925910828708,0.004027755829902007,0.003955775872749606,0.0012208072539827306,0.0011991043430560002,0.00037132381652267403,0.0003647341032804085,0.00011306248002234733,0.00011105738856126013,3.444030270176476e-05,3.38297810010674e-05,1.0491209490482692e-05,1.0305274456873944e-05,3.1958335998541336e-06,3.139206890476287e-06,9.735152464502009e-07,9.562695236849612e-07,2.965523395046531e-07,2.913001371658566e-07,9.033580745981384e-08,8.873624400515193e-08,2.7518089429996356e-08,2.703094110158246e-08,8.382511623749634e-09,8.234151060084709e-09,2.553310224667688e-09,2.5081298739115793e-09,7.772258112479601e-10,7.634760869993675e-10,2.3490768072173274e-10,2.3075285753631997e-10,6.548139644642985e-11,6.432343848558437e-11,44.54997633360364,-1.8790576899719942,-13.350092213072271,814.7208472672972,1.7313281523670232,1.7648879824155232
271.5,1152.5100895659568,0.20410374237179615,0.2046038737466248,0.20410374237179615,0.2046038737466248,0.04924317317272878,0.049337845914306205,0.014141057275293842,0.014166578942907865,0.004239822798998171,0.004247335934299051,0.001286982338034815,0.0012892500890098878,0.0003921028453816503,0.00039279246246518116,0.0001195948622223823,0.00011980504656455056,3.649340061374605e-05,3.655750792207364e-05,1.1136050527094147e-05,1.1155608309979729e-05,3.3981930775603285e-06,3.4041597427812242e-06,1.0369669354993645e-06,1.0387872385681664e-06,3.1643299703234946e-07,3.169883328377378e-07,9.65602982084857e-08,9.672971934920774e-08,2.9465593913059245e-08,2.9517280672346248e-08,8.991440993076714e-09,9.007209425320865e-09,2.743573142648012e-09,2.748383458274808e-09,8.365949146150788e-10,8.380613491079011e-10,2.5327991878241395e-10,2.53723792521104e-10,7.070505994139849e-11,7.082895248547488e-11,44.55052954857561,-2.009759283124791,-13.386486172832095,814.7122837287918,1.854734771676464,1.8512206646867626
272.0,1150.8469667204304,0.21382381655530966,0.20464860525606537,0.21382381655530966,0.20464860525606537,0.051101777712595345,0.049381635134337194,0.014652163894514677,0.014189241163248273,0.004393586786358228,0.004257301002926286,0.0013344202367932825,0.0012932611670963571,0.0004068435335391231,0.00039431838575734664,0.00012418393942900734,0.00012036361909985047,3.792253779602359e-05,3.6756435382394476e-05,1.1581047639511578e-05,1.1225021024107567e-05,3.5367006591214543e-06,3.4280009928095397e-06,1.0800621787392089e-06,1.0468747252693067e-06,3.298368782134989e-07,3.197043080216618e-07,1.0072786822465098e-07,9.763426035409059e-08,3.076095671879235e-08,2.981643785608126e-08,9.393934174779726e-09,9.105561904096387e-09,2.8685879628374085e-09,2.780550122286206e-09,8.753849222380828e-10,8.48525510674375e-10,2.652210877012177e-10,2.5708522882603404e-10,7.408571623887628e-11,7.181353294405544e-11,44.56521273668123,-2.1179969237094878,-13.470073358438071,814.6791228782364,1.8535977483441752,1.9173591467863436
272.5,1151.3246925799135,0.22014923830086877,0.1870375425156021,0.22014923830086877,0.1870375425156021,0.05225789904312231,0.045974992370111226,0.014958853813123408,0.01326344282156356,0.004482788511317321,0.003983358698749257,0.0013610478839853998,0.001210213276147156,0.00041485319874812453,0.00036895904316562437,0.0001265986176000504,0.00011260302179362476,3.8650935508417454e-05,3.437983502510749e-05,1.180079769048156e-05,1.0497051773416212e-05,3.6029872055186477e-06,3.2050210783106957e-06,1.1000541777582787e-06,9.785757308169464e-07,3.3586552476707846e-07,2.987844488789551e-07,1.0254553591814654e-07,9.122660587184806e-08,3.130890325082081e-08,2.7853822855903743e-08,9.5590875080809e-09,8.504437355052741e-09,2.9183545740518535e-09,2.5964465596552452e-09,8.903694968417535e-10,7.921797481647385e-10,2.6970140835576976e-10,2.3996533417117904e-10,7.532292716188214e-11,6.701972886871161e-11,44.59251197956139,-2.1983024083332574,-13.595715523690346,814.6240027528587,1.7281007490574891,1.961067797496864
273.0,1153.8407705302238,0.22292459385136715,0.1548834376322007,0.22292459385136715,0.1548834376322007,0.0527083837509737,0.03938369245034556,0.015061929106540705,0.011441851054300272,0.00450780121425005,0.0034402504495883008,0.0013669913635804157,0.0010447299944760953,0.0004161720155858772,0.00031821040348035864,0.00012685159225263594,9.701055564631647e-05,3.86826312843011e-05,2.9585970504725865e-05,1.1796592679186895e-05,9.02303580788009e-06,3.5974698258247767e-06,2.751816952356918e-06,1.0970785797971266e-06,8.392404394194927e-07,3.34563307928127e-07,2.5594889640069495e-07,1.0202787957256358e-07,7.805848135588758e-08,3.111423897939513e-08,2.380601511053589e-08,9.488488064918202e-09,7.260237411615201e-09,2.8933977553897472e-09,2.2140540238495376e-09,8.817221774408987e-10,6.747424007192613e-10,2.667774722561251e-10,2.0416484916408327e-10,7.44337136475786e-11,5.6966989443943394e-11,44.62957743338539,-2.2466945907562503,-13.754839761511496,814.5516548472048,1.4870202687743426,1.982251849756921
273.5,1158.1613210569917,0.22241620625717856,0.1133498613885145,0.22241620625717856,0.1133498613885145,0.05251913258151423,0.030143067522644184,0.01498163851613389,0.00884036854272713,0.004475244223752291,0.0026615003544225024,0.0013544488259727685,0.0008074412918354792,0.0004115313469574769,0.0002455250020865391,0.00012518568395482977,7.471362159692626e-05,3.809799364249192e-05,2.274111587535456e-05,1.1594947071350864e-05,6.921875023648117e-06,3.528868182809324e-06,2.1068602837293086e-06,1.0739946091165194e-06,6.412800344835218e-07,3.2686525978472756e-07,1.9519095977005123e-07,9.947991536335377e-08,5.941165610138233e-08,3.027623194819765e-08,1.8083537534391498e-08,9.214373326340859e-09,5.5041807770880646e-09,2.8041644114236084e-09,1.6752346587734416e-09,8.52818886773099e-10,5.095350973808364e-10,2.575293261974751e-10,1.5388203144002822e-10,7.173348484322469e-11,4.286678297830354e-11,44.67253504111459,-2.2608885464901363,-13.936050178691136,814.468458398636,1.1471104387306292,1.9828722930435354
274.0,1163.935829195012,0.21923263046143102,0.06802063291429605,0.21923263046143102,0.06802063291429605,0.051810698376492645,0.01901971404448675,0.014753483232742465,0.0056403386692983415,0.004396599899489162,0.001700409440260522,0.0013272194997082725,0.0005151319266222437,0.0004021924212484276,0.00015628618641011686,0.00012201868854810019,4.7440573498480415e-05,3.703494494325995e-05,1.4401937632999976e-05,1.1241231507235006e-05,4.372118469203014e-06,3.412055451763097e-06,1.3272811197724472e-06,1.0356625422664797e-06,4.029339970277762e-07,3.1435505997722243e-07,1.2232209345627716e-07,9.541631087135068e-08,3.7134354397000035e-08,2.896173459005173e-08,1.1273184942089726e-08,8.790713627776955e-09,3.422275750151093e-09,2.66807435317552e-09,1.0388612770233506e-09,8.092667066849818e-10,3.151518329308848e-10,2.437426280007104e-10,9.493501004241482e-11,6.774211235073901e-11,2.638826084141157e-11,44.71696756355477,-2.240416166261308,-14.126000425837105,814.3817693857758,0.7319527648305272,1.966541359100588
274.5,1170.7192228419126,0.21418161323328838,0.023554351299096055,0.21418161323328838,0.023554351299096055,0.05073637596037416,0.006928617523902844,0.014422062716890241,0.0020792811993364966,0.004286203212858687,0.0006276835051894342,0.00129002162391218,0.00018981760677013574,0.00038971337432930657,5.7436957828180896e-05,0.00011786398045810302,1.7382474799999275e-05,3.5662022335687335e-05,5.260557689634044e-06,1.079057404079212e-05,1.5920326377168904e-06,3.264999585074029e-06,4.81805935629548e-07,9.879198497652365e-07,1.4581168375724904e-07,2.989236596576997e-07,4.412782293379598e-08,9.044797548541102e-08,1.3354654584014517e-08,2.736763052022842e-08,4.041593252121315e-09,8.28081794743315e-09,1.2231232912234495e-09,2.505440441599484e-09,3.7013712249355665e-10,7.575647403709078e-10,1.1193852248641586e-10,2.2747624016424286e-10,3.3618248668349623e-11,6.305642228648151e-11,9.320438451434263e-12,44.75846279258099,-2.1866501898132418,-14.310449256994172,814.2991427083878,0.2703442192825091,1.9378949884014391
275.0,1177.9998946373826,0.208112686505267,-0.017714970726530735,0.208112686505267,-0.017714970726530735,0.04945815085228974,-0.005232648360198129,0.014034373819456,-0.001568469602589484,0.004159078437806485,-0.0004721938936698508,0.0012477679393562279,-0.0001423413589491315,0.0003757050031016751,-4.292874888387627e-05,0.00011324832995293509,-1.2947783614108279e-05,3.415084023270113e-05,-3.90519418518227e-06,1.0298672457132394e-05,-1.1778495901981757e-06,3.1057114159770497e-06,-3.5525241288858396e-07,9.365715275495564e-07,-1.0714804152697328e-07,2.824364870581243e-07,-3.231702961661311e-08,8.517274284955838e-08,-9.747171711938307e-09,2.5685040971630575e-08,-2.9398528594169426e-09,7.745646287219378e-09,-8.866869953445694e-10,2.3356648305430143e-09,-2.6741792073598486e-10,7.038714486492363e-10,-8.060099708856743e-11,2.1066551778770124e-10,-2.412714581476201e-11,5.823339686500175e-11,-6.6702272860578465e-12,44.79311142606749,-2.10272805292281,-14.475399039598075,814.2275858732991,-0.20567479241037745,1.9018830001670335
275.5,1185.2319066515909,0.20178930816120377,-0.06044673185005194,0.20178930816120377,-0.06044673185005194,0.04812580279170879,-0.016890694748284012,0.013633970318109798,-0.004973229549195907,0.004029082222937772,-0.0014858801695609113,0.0012049563022443375,-0.00044585959239290177,0.00036162970516209926,-0.00013395842998145888,0.00010864569687782594,-4.026688624658226e-05,3.2654374057127445e-05,-1.2104617869004275e-05,9.814700123366657e-06,-3.638765929307277e-06,2.949936763245852e-06,-1.09384844952409e-06,8.866421587794718e-07,-3.288214887839746e-07,2.664919209510836e-07,-9.884693911839251e-08,8.009763609387348e-08,-2.9714350492942635e-08,2.4074382487411498e-08,-8.932418508049666e-09,7.2358316364757e-09,-2.6851572241860363e-09,2.174692174858082e-09,-8.071354058112956e-10,6.531938445753446e-10,-2.4246988431837257e-10,1.9486745420403747e-10,-7.234698402357887e-11,5.371724527411632e-11,-1.9945780217210142e-11,44.81785338091106,-1.993377370101343,-14.608206808927573,814.1729684372428,-0.6630255514921889,1.8631276128848218
276.0,1191.8693543036939,0.19581491476101637,-0.10279802742432458,0.19581491476101637,-0.10279802742432458,0.0468630560172014,-0.027257700714285887,0.013257047506000298,-0.007899688002042483,0.003907684811868646,-0.002344405214745312,0.0011652820932749571,-0.0007005460373758713,0.00034867804663177217,-0.0002097607046730779,0.00010443808129495439,-6.284911538555504e-05,3.129460928143554e-05,-1.8834533574477932e-05,9.377431506294111e-06,-5.644306253118943e-06,2.80994790063598e-06,-1.691477675918958e-06,8.42001053079593e-07,-5.068996258376569e-07,2.523056641561193e-07,-1.5190695896502995e-07,7.560340387950533e-08,-4.552325966867787e-08,2.265455361898792e-08,-1.3642339255426648e-08,6.788402323404756e-09,-4.088295144207314e-09,2.0340247641895735e-09,-1.2251019177073996e-09,6.090939878799295e-10,-3.668947426744618e-10,1.8117468176270978e-10,-1.0914275901322166e-10,4.9816021628383384e-11,-3.00124283566889e-11,44.8306142028649,-1.8646511384346094,-14.698562565807558,814.1396678065827,-1.0698815574186913,1.8254754447473331
276.5,1197.4007302574726,0.19061586409074224,-0.14032665620836737,0.19061586409074224,-0.14032665620836737,0.04576245291321992,-0.03557792524198436,0.012930934442948594,-0.010180195118207556,0.00380352248091229,-0.0030048931825488487,0.0011315074274675554,-0.0008948642349997889,0.0003377315181158371,-0.00026719066246062444,0.00010090526673381664,-7.984281518598626e-05,3.015983921444127e-05,-2.386564922718619e-05,9.014576250437616e-06,-7.13363139444508e-06,2.694397154834672e-06,-2.132298869525697e-06,8.053374695211773e-07,-6.373610040737752e-07,2.407100364750892e-07,-1.9051224656930058e-07,7.194663306969424e-08,-5.694561552012996e-08,2.1504362398737985e-08,-1.7021487261815036e-08,6.427478258370009e-09,-5.087830875289128e-09,1.9210192587878393e-09,-1.5207046700733364e-09,5.738071500298483e-10,-4.5425545431561796e-10,1.7025976353843046e-10,-1.3479283920355317e-10,4.671602443346131e-11,-3.6986086460778184e-11,44.83023002443269,-1.7235871810701444,-14.739250438081209,814.130471280942,-1.3978848537516444,1.7918142671575032
277.0,1201.381129041211,0.18646933088849263,-0.1681431378017138,0.18646933088849263,-0.1681431378017138,0.04488830540099699,-0.04127944852296845,0.012674834560776033,-0.011707807615653048,0.003722648860074303,-0.0034428584359843225,0.0011055541352618613,-0.0010228390459860062,0.0003293974135241529,-0.00030478946721054263,9.823799856069404e-05,-9.090437979436737e-05,2.930942807024133e-05,-2.7121902370996955e-05,8.744505971053066e-06,-8.091992815459653e-06,2.6089347254123282e-06,-2.4142977445994323e-06,7.783790672432467e-07,-7.203211535692216e-07,2.3223040590597069e-07,-2.149124164905612e-07,6.928624070030161e-08,-6.412048961465598e-08,2.0671630640504797e-08,-1.9130749003645842e-08,6.1673766585739e-09,-5.707752291291513e-09,1.8399395276525083e-09,-1.702846874085339e-09,5.485955763921819e-10,-5.077286914102657e-10,1.6249192962720894e-10,-1.5038980724786473e-10,4.4517043592481017e-11,-4.1202098051683944e-11,44.816214031040275,-1.5778120889315446,-14.72664100825579,814.1466933780109,-1.624129178605515,1.7641567606727317
277.5,1203.4602688127159,0.183557486940414,-0.18208085670727803,0.183557486940414,-0.18208085670727803,0.04428525956022423,-0.043998168729636224,0.012502138942907477,-0.012425488094532174,0.0036692599436808286,-0.003647119122857067,0.001088742011535884,-0.0010822039977868773,0.00032408838213919045,-0.0003221452758699182,9.65641214705366e-05,-9.598560620209026e-05,2.878278034578551e-05,-2.8610382259006833e-05,8.579258009603257e-06,-8.527882982866541e-06,2.5572118852669683e-06,-2.541902009792194e-06,7.622258961705863e-07,-7.576635185346249e-07,2.2719600134217063e-07,-2.2583640250108546e-07,6.772010969587007e-08,-6.731494620245517e-08,2.0185264405517457e-08,-2.0064524884446077e-08,6.0165737022425305e-09,-5.980593192870846e-09,1.7932530103181425e-09,-1.7825313480628874e-09,5.341718106079117e-10,-5.309787449164317e-10,1.580741267506144e-10,-1.5712946473809456e-10,4.3272490060816e-11,-4.301393332848812e-11,44.788454858203444,-1.4351141192467343,-14.660899650086133,814.1884227752037,-1.7327662272007345,1.7439258520556007
278.0,1203.404569513221,0.1820285574245346,-0.1798926419054973,0.1820285574245346,-0.1798926419054973,0.04398902496348629,-0.04357208164980226,0.012423357634941658,-0.012311932103450461,0.003646596087751843,-0.0036144016364059784,0.0010820770348888478,-0.0010725693142607487,0.00032211573182702757,-0.00031928988485262785,9.597925100571393e-05,-9.51378905249819e-05,2.8609216275301392e-05,-2.8358482298143892e-05,8.527752528490283e-06,-8.453031080944134e-06,2.5419278348898603e-06,-2.519660033402919e-06,7.576905044477816e-07,-7.510544584462209e-07,2.2585019564735988e-07,-2.238725822073481e-07,6.732077113987344e-08,-6.673142100426057e-08,2.0066771859360238e-08,-1.9891139269281896e-08,5.981415167471337e-09,-5.929075027830045e-09,1.782821660645863e-09,-1.7672246429053844e-09,5.310786590599799e-10,-5.264335707640779e-10,1.5716293510650025e-10,-1.5578856276285628e-10,4.3023959530159766e-11,-4.2647809242909805e-11,44.74694853882581,-1.3030115689693893,-14.545926978742695,814.25479565712,-1.716120030123412,1.7323265034871518
278.5,1201.1119001115023,0.18204801228775563,-0.1619378414426469,0.18204801228775563,-0.1619378414426469,0.044035715445950335,-0.04002910229594803,0.012448687086624922,-0.011372074417027013,0.0036577289283388375,-0.0033459666898905576,0.0010865007685194178,-0.00099430249017436,0.00032376934705187813,-0.00029633482804259276,9.657268177827306e-05,-8.83954246026699e-05,2.8816241084415875e-05,-2.6376740269913527e-05,8.598454575452477e-06,-7.870683696341748e-06,2.565685818120856e-06,-2.3485715524756492e-06,7.655728898873089e-07,-7.008016774705843e-07,2.2843866666797434e-07,-2.091156169798726e-07,6.816362372128005e-08,-6.239902238197269e-08,2.0339278678457602e-08,-1.861953909574438e-08,6.068989777626843e-09,-5.555946453888102e-09,1.8108171390088977e-09,-1.6577708604316326e-09,5.3998077070852e-10,-4.943521605269927e-10,1.5996005901226329e-10,-1.4644605610730895e-10,4.382806835865071e-11,-4.0125927557510623e-11,44.69164891588467,-1.1883428478392997,-14.389066642441984,814.3442048418584,-1.5752324939051623,1.7306699464535515
279.0,1196.6180682662696,0.18382772146421916,-0.1310626654443046,0.18382772146421916,-0.1310626654443046,0.04446688179623155,-0.03358571008380116,0.012589404634700364,-0.00963719154068527,0.0037059980018569,-0.0028475873880036244,0.001103031662780019,-0.0008484970088992908,0.0003293637761933989,-0.000253454109796457,9.844224453907422e-05,-7.576764505352831e-05,2.9434444526515508e-05,-2.26558822085763e-05,8.800964883758496e-06,-6.774514349588255e-06,2.6315082255149086e-06,-2.0257010629476102e-06,7.868268571303605e-07,-6.05720880305963e-07,2.352629931080254e-07,-1.8112138590365884e-07,7.034415924598623e-08,-5.41585343772862e-08,2.1033051493271937e-08,-1.6194363778136478e-08,6.288896807034913e-09,-4.842379469437718e-09,1.8802849259070817e-09,-1.447873931137132e-09,5.618435432916902e-10,-4.3265839471280896e-10,1.6676896811106526e-10,-1.2843017683541058e-10,4.577215755961183e-11,-3.5251106306081564e-11,44.622482474705464,-1.0969020189424201,-14.200620792827442,814.454391484501,-1.3198050457312278,1.7405336688031536
279.5,1190.094644587867,0.18762653748551136,-0.0917306059231592,0.18762653748551136,-0.0917306059231592,0.04532847168545595,-0.02465499512001801,0.012857585736891618,-0.00717415299716274,0.003794947811464786,-0.0021327685853760325,0.0011327536894271976,-0.000638001070995622,0.0003392371509062983,-0.00019120619339212488,0.00010169497258655444,-5.733898184797889e-05,3.0497822652058914e-05,-1.7197489135810338e-05,9.146182646721795e-06,-5.157985423519027e-06,2.7429058773959e-06,-1.5470173242845932e-06,8.225871864543189e-07,-4.63991734034795e-07,2.4669081156835495e-07,-1.3916348905868267e-07,7.39816459924664e-08,-4.173883819125724e-08,2.2186807543813876e-08,-1.251858417827493e-08,6.653704813873355e-09,-3.754637024017562e-09,1.9953023930497173e-09,-1.1260486670704296e-09,5.979875903245926e-10,-3.375083245081436e-10,1.7801312344104297e-10,-1.0048173589434478e-10,4.898029361370367e-11,-2.7649885006406008e-11,44.53952317176366,-1.0331394478857805,-13.993208327369233,814.582416844664,-0.9675423901328812,1.7636896453918112
280.0,1181.8382581580775,0.19372151264192472,-0.048789738686889086,0.19372151264192472,-0.048789738686889086,0.04666340035717719,-0.013845381580778495,0.013264024399365146,-0.00409830704478303,0.003927719842348397,-0.0012277357203422576,0.001176635563321929,-0.0003690994780752298,0.0003536970144624192,-0.00011108157160548803,0.00010643032129911651,-3.344430955687746e-05,3.2038863881585543e-05,-1.0069565088688697e-05,9.644817927251371e-06,-3.0317905323199894e-06,2.9034273245854773e-06,-9.128253057923524e-07,8.740331120287546e-07,-2.7483760168328964e-07,2.6311451695712823e-07,-8.274935689834782e-08,7.920666311162901e-08,-2.491455226783828e-08,2.3843962246320225e-08,-7.50138313535456e-09,7.1778260592638e-09,-2.2585380039609793e-09,2.1606440748234343e-09,-6.799691671186507e-10,6.499892369491025e-10,-2.04589527758309e-10,1.9420702941809e-10,-6.113807259396306e-11,5.36052673860537e-11,-1.6877725233561673e-11,44.443274157187346,-0.9999420502278213,-13.780992711361996,814.7245610078048,-0.5429421638601835,1.801801115622259
280.5,1172.2520358578422,0.20235371951032102,-0.006416896390495102,0.20235371951032102,-0.006416896390495102,0.048498946591238754,-0.001929558306930378,0.013814667894511605,-0.0005824767155081264,0.0041059743075351875,-0.00017603949683410886,0.0012351970036623497,-5.3225253413637554e-05,0.000372916074426363,-1.609403901514764e-05,0.00011270740963993801,-4.866451077427733e-06,3.407826971466036e-05,-1.4714979916847345e-06,1.0304157073721283e-05,-4.4494567088465565e-07,3.115640960641621e-06,-1.3454089040203663e-07,9.420681887872071e-07,-4.068193572175348e-08,2.848506873872662e-07,-1.2301240783873981e-08,8.612955140040673e-08,-3.7195997533291184e-09,2.6042752850373626e-08,-1.12471708467949e-09,7.874433245260991e-09,-3.400854768726619e-10,2.380820643816717e-09,-1.0282715658562353e-10,7.193826162613987e-10,-3.1070870519824014e-11,2.1586464380026407e-10,-9.323672584795663e-12,5.980288878392848e-11,-2.583080185426082e-12,44.33496868156546,-0.9985020974342181,-13.578802415177952,814.8762297600997,-0.07560850734234635,1.8559564027874174
281.0,1161.8203516850087,0.21365592685012588,0.035754343404017584,0.21365592685012588,0.035754343404017584,0.05083160625575453,0.010401386435081731,0.014506314423130377,0.0031206775549594006,0.004328550379413757,0.0009447148691631346,0.0013080792878370604,0.00028676090984039595,0.00039679325492675646,8.711648362542559e-05,0.00012050035626992745,2.6473922179592836e-05,3.661031436492402e-05,8.045188768072747e-06,1.112331640324152e-05,2.4448610928719357e-06,3.379598617337032e-06,7.429714747147632e-07,1.0268238711419e-06,2.2578240277658668e-07,3.1198002385541624e-07,6.861325757495065e-08,9.478892480532727e-08,2.0850955767600025e-08,2.8799714749161967e-08,6.3364158780412985e-09,8.75016770548895e-09,1.9255685080258786e-09,2.658389315689629e-09,5.851244581174996e-10,8.071219443620872e-10,1.7768697992173398e-10,2.433296280057057e-10,5.357917689843232e-11,6.768288694383848e-11,1.490569746877265e-11,44.21679091040547,-1.0282781737611748,-13.401172212668687,815.0319603260427,0.40180116842346264,1.926159020525338
281.5,1151.0784726010002,0.22757192870837004,0.0814108280090452,0.22757192870837004,0.0814108280090452,0.0536131266989724,0.022538495210257196,0.015322691342202006,0.006694530129209843,0.004590201937988808,0.002027620177517654,0.0013936216835220407,0.0006176819623742013,0.000424810545077797,0.00018849630866636853,0.00012964974769825654,5.755720213976143e-05,3.9586560801282016e-05,1.7577705920527685e-05,1.2087777947439875e-05,5.368150882019759e-06,3.6910095937549235e-06,1.6394086931376607e-06,1.1270517932936616e-06,5.006679060298552e-07,3.4414587853988874e-07,1.529016846600259e-07,1.0508512621141769e-07,4.6695471701533734e-08,3.2087781583858536e-08,1.426057471033096e-08,9.797959066890784e-09,4.355086363665607e-09,2.9916070222363115e-09,1.3299321365375371e-09,9.128172678535621e-10,4.05856351161764e-10,2.765302207694143e-10,1.2296827612835442e-10,7.723713654249592e-11,3.435022661659875e-11,44.09193233531361,-1.087047042940512,-13.261347395996049,815.1855981901158,0.855859074250633,2.010913993419936
282.0,1140.5790081141074,0.2437808045691946,0.1271233660765886,0.2437808045691946,0.1271233660765886,0.05674192907593019,0.03354253144779377,0.016232204700328844,0.00987614531268695,0.004880824196968963,0.0029938756287307047,0.0014885789083494876,0.0009153681838610958,0.0004559295167168928,0.00028059645204173465,0.00013982515635899143,8.608360325953877e-05,4.2902459869092646e-05,2.641759763991824e-05,1.3164652463256085e-05,8.107112604835408e-06,4.0395836277278065e-06,2.4879353407485177e-06,1.239549309956368e-06,7.635051538276965e-07,3.8035664713708255e-07,2.343067794202948e-07,1.16712719796369e-07,7.19047719135012e-08,3.5813364427221556e-08,2.2066340991363222e-08,1.0989284413260128e-08,6.771740254687447e-09,3.3718301712684265e-09,2.07798414224521e-09,1.0338662842283416e-09,6.372155702664675e-10,3.1469282670937437e-10,1.939782779618591e-10,8.825399402912448e-11,5.440496567973246e-11,43.96443789457995,-1.1710410736283081,-13.170310619926022,815.3306750082675,1.2547205040388123,2.1070360672613715
282.5,1130.8572716389954,0.26164482209001083,0.1678429412636654,0.26164482209001083,0.1678429412636654,0.06006365197181367,0.04250367543372697,0.01718847804866764,0.012432311994732534,0.005185555580770194,0.003773674433158805,0.0015881153182532631,0.0011578843657906834,0.0004885752199663845,0.00035643932210060065,0.00015051513216963834,0.00010983492568369068,4.639254374119906e-05,3.385888343015253e-05,1.4300614326915175e-05,1.0437886058532313e-05,4.4081991119715225e-06,3.2177512762531068e-06,1.3588380859999622e-06,9.919559585235308e-07,4.1886513873410083e-07,3.057963567684851e-07,1.291161887240809e-07,9.426971621239531e-08,3.980035222690183e-08,2.9061085228763438e-08,1.2268469377302138e-08,8.958776584681708e-09,3.781506436934858e-09,2.761573156418628e-09,1.1647534395551828e-09,8.506657630701238e-10,3.561019092961879e-10,2.6009476657316027e-10,1.0024413852040607e-10,7.322240685156825e-11,43.838848476197334,-1.2751625061642247,-13.135905801852772,815.4609625287433,1.570376982264389,2.209759525673439
283.0,1122.3977300481572,0.2802051209160057,0.19772722989368416,0.2802051209160057,0.19772722989368416,0.06338284202056564,0.04866001993465283,0.01813419607898522,0.014180260108698007,0.005485958368920343,0.004311760343878623,0.0016861602661827236,0.001327334683555225,0.0005207413707506829,0.0004101380256322372,0.00016105779299477535,0.00012687560647197464,4.983914260712858e-05,3.9266323016264276e-05,1.54243177870686e-05,1.2152984699535678e-05,4.773548796021449e-06,3.7613666306071252e-06,1.4773274517018926e-06,1.1641485008750259e-06,4.572062589833451e-07,3.6030567008620703e-07,1.414971001889166e-07,1.1151512702237134e-07,4.379077584562484e-08,3.451407176042654e-08,1.3552358294749739e-08,1.0682078028340957e-08,4.193891814595476e-09,3.305867144420506e-09,1.2969027532808125e-09,1.0223574595375076e-09,3.9803583310160985e-10,3.137935621453157e-10,1.1241761217137389e-10,8.862958523449685e-11,43.719699616496214,-1.393263109700772,-13.162139365412582,815.5711242347933,1.7806407448419301,2.3131619033521575
283.5,1115.6036494549357,0.29824857270015753,0.21165234937461244,0.29824857270015753,0.21165234937461244,0.06648499308216137,0.05147645034741932,0.019007836549477384,0.014995966411610785,0.005762175075291233,0.004569657102475552,0.0017761084553253228,0.00141077743336102,0.0005502180375601174,0.00043727488528431783,0.00017071463151368223,0.0001357001910653557,5.2996217154654805e-05,4.213167291737011e-05,1.645405834279456e-05,1.3081702691637236e-05,5.10859171625185e-06,4.061812253453053e-06,1.5860955857274667e-06,1.261175181794043e-06,4.924447543776906e-07,3.915894509804338e-07,1.5289231180143643e-07,1.2158682687660762e-07,4.746937305042493e-08,3.775215791766975e-08,1.4737994374236448e-08,1.1721793824742097e-08,4.5754379749827465e-09,3.639282418078691e-09,1.4194142657271878e-09,1.1290665102894488e-09,4.3699072018233915e-10,3.476234698944938e-10,1.2374658643420452e-10,9.844482667766016e-11,43.61097557896067,-1.5184754973537384,-13.248733220617456,815.6573498183009,1.8707110664374293,2.4108403781035985
284.0,1110.7718444358413,0.3144547926623292,0.20691857264391664,0.3144547926623292,0.20691857264391664,0.06916497786939386,0.05068434844803692,0.019751938537396648,0.014813308275534813,0.005995633385887979,0.004525403327664223,0.0018517328791765387,0.001400407320786898,0.0005749014816420807,0.0004350653133757384,0.00017877546901692658,0.0001353256426886358,5.562477045048408e-05,4.2112125822490054e-05,1.7309671167526707e-05,1.3105732447687367e-05,5.386533975630381e-06,4.078640525273068e-06,1.676216028412375e-06,1.2693154383327316e-06,5.216156007100238e-07,3.9502419043606257e-07,1.62319660995516e-07,1.2293563625744183e-07,5.051163082838097e-08,3.825882280050736e-08,1.5718410915233043e-08,1.1906452804158349e-08,4.890966964548261e-09,3.7051177009296007e-09,1.5207539438228157e-09,1.1521250347683902e-09,4.692262630810581e-10,3.555129972944065e-10,1.3312539613967075e-10,1.0086994992610919e-10,43.5156324666923,-1.6435803619632896,-13.390986770772448,815.7178482389396,1.8342068119783959,2.4967177743819016
284.5,1108.074117231151,0.32760312616037407,0.18426916091900672,0.32760312616037407,0.18426916091900672,0.07125568773797404,0.0463003442862422,0.02032103051755191,0.013623477407492049,0.006171676659026013,0.004173621448230527,0.0019080982708897332,0.0012938087697436204,0.0005931138363363156,0.0004025268980145561,0.00018467001978251144,0.00012537311487930309,5.7531566635692904e-05,3.906654710435582e-05,1.7925895469768562e-05,1.2173772021299714e-05,5.585415923369161e-06,3.7935455321008378e-06,1.7403242736245258e-06,1.1821305399769166e-06,5.422565840846999e-07,3.683711170342898e-07,1.6895827263623697e-07,1.1479042802995561e-07,5.264459528125413e-08,3.5770538892061776e-08,1.6403067427919513e-08,1.1146595368399732e-08,5.110517771832007e-09,3.473181826140277e-09,1.5910380648065476e-09,1.081405165369256e-09,4.915186466030187e-10,3.3411183998150887e-10,1.3959653281610966e-10,9.489952697924974e-11,43.43528901216209,-1.7613920743665497,-13.579979832472917,815.7530965921594,1.6735940426404663,2.5658209910625636
285.0,1107.546553105959,0.3367875360814365,0.14765957084474854,0.3367875360814365,0.14765957084474854,0.07265041019745215,0.03863912285927746,0.02068746049609476,0.011481136294997548,0.006281518677616753,0.0035278460139698178,0.0019422575797769465,0.0010948285805246155,0.0006038535125354255,0.00034080382732740394,0.0001880574922292232,0.00010618713827665433,5.8600936535085236e-05,3.3098717003009646e-05,1.826358166361671e-05,1.0317047067265666e-05,5.692032156540491e-06,3.2158787354684635e-06,1.7739800791770853e-06,1.0024065961478665e-06,5.528790447151999e-07,3.124554935970332e-07,1.7231040035214535e-07,9.739404079917764e-08,5.370225917135552e-08,3.035822021223217e-08,1.6736727939737294e-08,9.462745500161274e-09,5.215753380931594e-09,2.9493510672693916e-09,1.624197857017233e-09,9.18567126787687e-10,5.018819870708985e-10,2.838797371957731e-10,1.4256866177360353e-10,8.065076624671043e-11,43.3701427553611,-1.8651435057703996,-13.80311821053215,815.7657897259835,1.3999864674839955,2.614878000552651
285.5,1109.087344421622,0.34157305686806516,0.10286712127052086,0.34157305686806516,0.10286712127052086,0.07331421297174597,0.028311679224960105,0.0208440234436414,0.008515084336223175,0.00632313318806163,0.0026244381480018467,0.0019535810742710865,0.0008148355285885578,0.0006069180397019404,0.0002535618036580838,0.00018887198047658167,7.896147247002608e-05,5.8811328048658635e-05,2.4595858356054834e-05,1.8315658132392534e-05,7.661410423720336e-06,5.704059811897332e-06,2.3864672184990077e-06,1.7764198304425645e-06,7.433651855090958e-07,5.532318201370206e-07,2.3155222537533693e-07,1.7229340794058264e-07,7.212663513312687e-08,5.36574310421823e-08,2.246684496595775e-08,1.6710446593986945e-08,6.998185752866083e-09,5.203731828462832e-09,2.179703697840605e-09,1.6192671027299603e-09,6.784000261789026e-10,5.000020556214026e-10,2.0951810783827984e-10,1.4194850330688505e-10,5.949092109622711e-11,43.31911339733002,-1.9488498289158027,-14.044991826655963,815.7604978807981,1.0323439662769764,2.6426201824905773
286.0,1112.4632800765146,0.3420437442810643,0.055684191346404524,0.3420437442810643,0.055684191346404524,0.07328256914129214,0.016180485937749758,0.02080313799314344,0.004932567997515637,0.006300981823265016,0.001524739405200847,0.0019436726112530575,0.0004733220367971241,0.0006028788354141862,0.0001471245797198228,0.00018731492793812616,4.575365195376817e-05,5.8233063938303534e-05,1.4229893480334099e-05,1.8106467980815794e-05,4.425654779678766e-06,5.62986318300773e-06,1.3764277472332606e-06,1.7504992953133227e-06,4.280843031436519e-07,5.442845883446305e-07,1.3313896780255334e-07,1.6923496894159614e-07,4.140769343607229e-08,5.262036867322034e-08,1.2878242649663352e-08,1.6361181957876815e-08,4.005245742769111e-09,5.0867979156120725e-09,1.2455773472473654e-09,1.580352444696335e-09,3.870717094600808e-10,4.87228277122392e-10,1.193653102402799e-10,1.3813931696224695e-10,3.384971167168687e-11,43.28015956563846,-2.0076308041372997,-14.288484248824604,815.7431008422409,0.5961356908055194,2.6497441306559217
286.5,1117.3244924972792,0.33873219130918736,0.010621083059178566,0.33873219130918736,0.010621083059178566,0.07264858667950916,0.0032560943183192036,0.020593087360018685,0.0010065887105590856,0.006224752389786774,0.00031197772534558477,0.0019159302659492027,9.677028887847955e-05,0.0005929269136113427,3.0026616182618594e-05,0.00018380097645268428,9.31688527366497e-06,5.700940250618571e-05,2.8909135373436896e-06,1.76851703585079e-05,8.970144887233087e-07,5.48620467569662e-06,2.7833243109217493e-07,1.7019028439098851e-06,8.636308903545735e-08,5.279557442043639e-07,2.6797391425305904e-08,1.6377976628391449e-07,8.314896436962157e-09,5.080689956038514e-08,2.5800070171727612e-09,1.5760943503913e-08,8.005380789195639e-10,4.8889016167000685e-09,2.483777071779981e-10,1.5153888698849392e-09,7.700634831992483e-11,4.661582702176183e-10,2.3693769614826546e-11,1.3191469812170492e-10,6.706217405425804e-12,43.25067551637646,-2.0379721137532014,-14.516044964296249,815.7201114436326,0.12156690561123362,2.6385635795510387
287.0,1123.2265355088093,0.3324631417723911,-0.03225715638905866,0.3324631417723911,-0.03225715638905866,0.07154266629266388,-0.009594309418948769,0.0202523690116771,-0.0029338768438034097,0.006107466647781479,-0.0009045781323618865,0.0018748822751568574,-0.00027960355191227436,0.000578637765790509,-8.64936852352788e-05,0.00017887489822202305,-2.6764540336580272e-05,5.5327344457173465e-05,-8.28199905547745e-06,1.711553510274406e-05,-2.562775504184717e-06,5.294697309490808e-06,-7.930233076088929e-07,1.6379166304433855e-06,-2.453925304856732e-07,5.066901309752007e-07,-7.593407797161163e-08,1.5674477453728445e-07,-2.3496981885203523e-08,4.8489021907353964e-08,-7.270883150551478e-09,1.4999988590428655e-08,-2.2498801924568885e-09,4.639900339102893e-09,-6.961483102281186e-10,1.4342173126572224e-09,-2.152445878318898e-10,4.399979843298298e-10,-6.60524302521698e-11,1.2422543385034892e-10,-1.865312390199842e-11,43.22786147551328,-2.037909038916023,-14.711015516573978,815.6980172270353,-0.3585075378927028,2.612448535891583
287.5,1129.6584057844927,0.32416791400338696,-0.0774364034006896,0.32416791400338696,-0.0774364034006896,0.07010971530230194,-0.02175089284739029,0.019823459233379203,-0.006531842012985651,0.005963404294481128,-0.001998709214228444,0.00182546229642636,-0.0006150463431845983,0.0005617162829552686,-0.00018958886794965846,0.00017312207744920284,-5.84755984761796e-05,5.3386399697882024e-05,-1.8038623405193897e-05,1.6465107223074795e-05,-5.564576384463495e-06,5.078067773647933e-06,-1.7165672591643961e-06,1.5661466366093262e-06,-5.295287457659893e-07,4.830213741679803e-07,-1.6334966752754988e-07,1.4897049160418076e-07,-5.039029994155957e-08,4.5944538131920713e-08,-1.554445029056977e-08,1.416983380208187e-08,-4.795136932752036e-09,4.369849902142958e-09,-1.4790999026173417e-09,1.3466727189865234e-09,-4.5591871047743925e-10,4.119292910889129e-10,-1.394889716748801e-10,1.1601001141196175e-10,-3.9290808320875414e-11,43.20897869027186,-2.0071203043255137,-14.858892053751397,815.682752742139,-0.8108442217103574,2.575189630364612
288.0,1136.074747120665,0.31472486323070936,-0.12136814823607475,0.31472486323070936,-0.12136814823607475,0.06848901098214541,-0.03229971892226869,0.01934728163476044,-0.009544879309053057,0.005806274518390411,-0.0029007895751850116,0.0017723785126451518,-0.0008888935624011912,0.0005437777353905752,-0.0002730685260838749,0.00016709277004804717,-8.395308537287827e-05,5.137256026093877e-05,-2.5818488510151763e-05,1.579631704119889e-05,-7.940081606254796e-06,4.857138339680783e-06,-2.4418507646575788e-06,1.4934995779859233e-06,-7.509538879281244e-07,4.592294521697823e-07,-2.3094439155800913e-07,1.4120638604848843e-07,-7.102341418290024e-08,4.341888721589508e-08,-2.1842151568709313e-08,1.3350586601774748e-08,-6.717173913129756e-09,4.104814727802105e-09,-2.065614567519663e-09,1.26120502752282e-09,-6.347616232412177e-10,3.8466075583121854e-10,-1.9362888906048363e-10,1.0806078649156301e-10,-5.4402369055012046e-11,43.19144230269006,-1.9469260152686734,-14.948413309143993,815.67937132211,-1.2040982709884376,2.53043274187284
288.5,1141.9302139564184,0.30486068835019536,-0.15901333267345438,0.30486068835019536,-0.15901333267345438,0.06680055771162541,-0.04046194780431327,0.018859378176987324,-0.011804250219721183,0.005647956829478058,-0.0035673391719348883,0.00171968590841684,-0.0010891900366441988,0.0005262023433231062,-0.0003335844438361092,0.00016125299617937385,-0.00010226260070734245,4.9441855336406096e-05,-3.136160308130433e-05,1.5161015924669089e-05,-9.617932879000591e-06,4.649024642984532e-06,-2.9496142981125767e-06,1.4255924690435937e-06,-9.045836163020749e-07,4.371484416029693e-07,-2.774164456929051e-07,1.3404865267131116e-07,-8.507768530119243e-08,4.110510159494244e-08,-2.609149000549078e-08,1.2604521753208673e-08,-8.001648487480208e-09,3.8648189671527435e-09,-2.4537604409911786e-09,1.1842283982872027e-09,-7.519486635180719e-10,3.6022452936545087e-10,-2.287570097775347e-10,1.009665344264752e-10,-6.412394564761461e-11,43.17275920364952,-1.8601906623003446,-14.972384887682026,815.6919268834005,-1.5109849149277184,2.481301713589268
289.0,1146.7138348861256,0.29512122661713525,-0.18508431057123692,0.29512122661713525,-0.18508431057123692,0.06513973281669548,-0.045681827327566815,0.01838827929135206,-0.01321174241567082,0.005497958638334322,-0.003976630393362208,0.0016706056215527077,-0.0012107853623682,0.0005100762166052262,-0.00036992985829220425,0.0001559656476437741,-0.00011314286871065224,4.7714438032872016e-05,-3.461919958867815e-05,1.4598666719549569e-05,-1.0592953753484113e-05,4.4665949928893086e-06,-3.2412843325827554e-06,1.3665954022889655e-06,-9.917841957242726e-07,4.1812230269519427e-07,-3.034710271752276e-07,1.279283179570573e-07,-9.285755914004042e-08,3.9140809783973576e-08,-2.8412997478976224e-08,1.1975409130530862e-08,-8.693892722745017e-09,3.6637303355677214e-09,-2.6600148897329e-09,1.12011815635761e-09,-8.133190563742513e-10,3.3998606357329576e-10,-2.468844320960353e-10,9.511781739234862e-11,-6.907559717306777e-11,43.15036815236873,-1.7511392725534893,-14.928183997273043,815.7235200177423,-1.710168411764534,2.4302725195069628
289.5,1149.9812169120132,0.28589939741759535,-0.19545483607795083,0.28589939741759535,-0.19545483607795083,0.06357976467544768,-0.04764201690223738,0.017955989167639606,-0.013724456483297644,0.005363548379695725,-0.004121961462398535,0.0016275701511319625,-0.001252879200313028,0.0004962086814961522,-0.0003821828310922043,0.00015149745125790304,-0.00011670918443596609,4.62773998338135e-05,-3.565536871741933e-05,1.4137469480263465e-05,-1.0893256156549088e-05,4.318912558294637e-06,-3.3280550436524424e-06,1.3194020124039048e-06,-1.0167713134684382e-06,4.0306943867528664e-07,-3.106390624187143e-07,1.2313530126778182e-07,-9.490494172450643e-08,3.7617077151299235e-08,-2.8994882343365986e-08,1.1491718698681846e-08,-8.858319572630395e-09,3.5104100323261816e-09,-2.7061647505849775e-09,1.0716188470952274e-09,-8.26164745226763e-10,3.247857951812464e-10,-2.504104993778563e-10,9.075066733386473e-11,-6.997296085874256e-11,43.12147128788157,-1.6251009638777392,-14.817925855968415,815.7764241028303,-1.787745881638858,2.379293599255239
290.0,1151.382566857958,0.2774966591267454,-0.1884221532200689,0.2774966591267454,-0.1884221532200689,0.06217972324896682,-0.046245547324953035,0.017580003603681033,-0.013336662061122674,0.005250372001176484,-0.004004865535677035,0.001592425973814772,-0.001216679962254234,0.00048520115606314954,-0.0003709170403036877,0.00014804277435790574,-0.00011319710840774083,4.519306174820943e-05,-3.4560209266886075e-05,1.3797258369350161e-05,-1.0551826623230782e-05,4.21224699398718e-06,-3.2216542504338946e-06,1.2859819141433926e-06,-9.836264822639491e-07,3.9260505813507734e-07,-3.003180903061068e-07,1.198607245321339e-07,-9.169227598904227e-08,3.6592971107281345e-08,-2.7995213122167865e-08,1.1171614344542588e-08,-8.547365798550124e-09,3.4104151076587267e-09,-2.609479168215502e-09,1.040421407426838e-09,-7.961336745954665e-10,3.151322899132522e-10,-2.4115645189938714e-10,8.800593561205379e-11,-6.735084200471038e-11,43.08295100144737,-1.4881985906427588,-14.648305319674929,815.8521965437626,-1.7382196998174668,2.330081030813388
290.5,1150.6847691884839,0.27019202535460946,-0.16522834876485556,0.27019202535460946,-0.16522834876485556,0.0609946213435557,-0.04159664820207918,0.017275977915670777,-0.012069229712176605,0.005163278687007445,-0.0036313175474546088,0.0015667034397050003,-0.0011040997665218999,0.00047753734208397556,-0.00033676055087573844,0.00014575406063746372,-0.00010281327113121633,4.450928759434557e-05,-3.140137984960645e-05,1.35930019082469e-05,-9.590710296272694e-06,4.151261699399461e-06,-2.929225544141835e-06,1.267782775659163e-06,-8.946534739789764e-07,3.871770257260593e-07,-2.7324793613343254e-07,1.182426869995413e-07,-8.345625776942297e-08,3.6110937582908825e-08,-2.5489462998904356e-08,1.1028100461674587e-08,-7.78502366626299e-09,3.367717502856585e-09,-2.377563681278648e-09,1.0277340754101461e-09,-7.256286168777485e-10,3.113892864388804e-10,-2.198738199445409e-10,8.698453029380191e-11,-6.142466107043176e-11,43.031443050292076,-1.3470054022850018,-14.430148579003665,815.9516994731401,-1.564888661092093,2.2844707049896638
291.0,1147.7861329345155,0.26429666770374066,-0.12962999750772813,0.26429666770374066,-0.12962999750772813,0.06008404233578161,-0.03399711674709945,0.01706009500981869,-0.00997094345841857,0.005107070251930107,-0.0030120859694440748,0.0015518645255460433,-0.0009178114076894044,0.0004736662939084791,-0.00028039596860941166,0.00014476979167699178,-8.573209531421556e-05,4.4268896581047236e-05,-2.6221005310417784e-05,1.3537967619468799e-05,-8.019646749175188e-06,4.140075344500918e-06,-2.4527943615831236e-06,1.2660854518431301e-06,-7.501826907837309e-07,3.8718434594659525e-07,-2.2944200947952574e-07,1.1840568084803014e-07,-7.017441700590584e-08,3.6209876911295204e-08,-2.1462704599259892e-08,1.107334936829293e-08,-6.5642864759259385e-09,3.3861301811730796e-09,-2.00753570088563e-09,1.0347519941628788e-09,-6.135455220298059e-10,3.139289096558621e-10,-1.8616215180045458e-10,8.779281360031228e-11,-5.2066860419521596e-11,42.96359239922329,-1.2081896719359597,-14.17771867573623,816.0749967028183,-1.2796313350820894,2.2446952748403315
291.5,1142.722881054174,0.26017976868867504,-0.08672441618244198,0.26017976868867504,-0.08672441618244198,0.05951631522486397,-0.023951270363055714,0.01695031368558567,-0.00712936275662675,0.005086929304495974,-0.0021665731348608067,0.001549453416619902,-0.0006624755090481452,0.0004740551939215318,-0.0002029446439206905,0.00014523280433505832,-6.220966148945803e-05,4.451595751777684e-05,-1.907280964935932e-05,1.3645866574219464e-05,-5.847517237844921e-06,4.182987066753873e-06,-1.7927855662155146e-06,1.2822476827009525e-06,-5.496486721236537e-07,3.930586169982215e-07,-1.685163395639244e-07,1.204876951878982e-07,-5.1665284747087914e-08,3.693412590045966e-08,-1.5840007782151706e-08,1.1321666143311296e-08,-4.856342849931846e-09,3.4702844029456724e-09,-1.488796916879455e-09,1.0629769321525226e-09,-4.561055618529544e-10,3.23234777812364e-10,-1.3871674293745413e-10,9.057311535358037e-11,-3.887491973616975e-11,42.8764646137868,-1.0781665263998519,-13.907818793107282,816.22114653209,-0.9020994272846229,2.2134754847494458
292.0,1135.6669744098542,0.25826020310814685,-0.04157295718072146,0.25826020310814685,-0.04157295718072146,0.059366420846258657,-0.012155305307462729,0.0169659464369317,-0.003683601045793989,0.005108354152026074,-0.0011280310485445725,0.0015610957629122624,-0.00034653281448247103,0.00047919481467958026,-0.00010655846286663984,0.00014729363948585357,-3.277970294551864e-05,4.5297307765339875e-05,-1.008386607883471e-05,1.3931465293653214e-05,-3.102052366535866e-06,4.284707740686959e-06,-9.54269801777623e-07,1.317788188696272e-06,-2.935575375686491e-07,4.05293851256348e-07,-9.030572621779606e-08,1.2465060631265722e-07,-2.778032476888434e-08,3.833703485160398e-08,-8.545925280608339e-09,1.179070959904242e-08,-2.6289247627249056e-09,3.6260422534773857e-09,-8.08665032086339e-10,1.1143568300329733e-09,-2.485749093332749e-10,3.399484808470792e-10,-7.584740497727007e-11,9.55180951686275e-11,-2.1315431424998816e-11,42.768036917469004,-0.9627734370873,-13.638735462933331,816.3879576464707,-0.458379368127999,2.1938675453663166
292.5,1126.9154070205636,0.2589665071217036,0.0017854064318709843,0.2589665071217036,0.0017854064318709843,0.05970728521352687,0.0005509343415360449,0.01712538050651534,0.0001701236615898915,0.005176524881007667,5.25457271094627e-05,0.0015883182598808011,1.623057487364496e-05,0.0004895474972097548,5.013377399463238e-06,0.00015109538207579552,1.5485559288636624e-06,4.6658090823840466e-05,4.783253431276948e-07,1.4409260467858716e-05,1.4774741397034e-07,4.449963201139265e-06,4.5636926091362333e-08,1.3742670919954357e-06,1.4096551445540594e-08,4.244102578716829e-07,4.354210035047326e-09,1.3106917679401567e-07,1.3449490813995441e-09,4.0477623280409234e-08,4.1543400513139685e-10,1.2500478442121259e-08,1.2832032074072373e-10,3.8601915831162984e-09,3.9633221511073885e-11,1.1911943721214853e-09,1.2232480472384258e-11,3.6484280657931143e-10,3.747286662756366e-12,1.0286274137063022e-10,1.056663972163299e-12,42.63766218746963,-0.8669827964974952,-13.389066245142937,816.5718038215579,0.02078637992263249,2.1888762884027853
293.0,1116.8716451395408,0.26267267546742973,0.04619883026209295,0.26267267546742973,0.04619883026209295,0.06059567826530136,0.01355071977334685,0.01744219036522813,0.004135787815050137,0.005295147109559558,0.0012770560125399994,0.0016321943232066925,0.00039573332118611075,0.0005054368747267367,0.00012276379530422739,0.00015673898560600636,3.810010880488328e-05,4.863076758401764e-05,1.1824947875405132e-05,1.5089975918203315e-05,3.6700523080406745e-06,4.68237259102057e-06,1.1390565172643483e-06,1.4529256498703273e-06,3.535235031719231e-07,4.508383070794383e-07,1.0972139195302228e-07,1.3989371462690665e-07,3.4053699341591925e-08,4.340855320858971e-08,1.0569075551299394e-08,1.3469438513338847e-08,3.2802486896283844e-09,4.179200223743751e-09,1.0179958319655702e-09,1.2957466837743092e-09,3.156952698339443e-10,3.9869461791404974e-10,9.715850662372791e-11,1.12848179761377e-10,2.75051480263264e-11,42.48639471774721,-0.7946623266379501,-13.176485836706052,816.7675937728419,0.5021012393173915,2.200910012622829
293.5,1106.0203763394038,0.2696193249815968,0.0938856465768549,0.2696193249815968,0.0938856465768549,0.06205539469601629,0.02614913562525083,0.017920360388123252,0.007897307128265465,0.005464967316440021,0.00243949827253318,0.0016928673482809538,0.000758706304083314,0.0005268926089618539,0.00023645966492866005,0.00016423233686034696,7.374631287593616e-05,5.12183354464852e-05,2.3005204604087464e-05,1.59750196657586e-05,7.176486772525802e-06,4.982615133511936e-06,2.238709165129681e-06,1.5540796862199904e-06,6.98366607677207e-07,4.847180830560681e-07,2.1785586233004267e-07,1.5118375640320378e-07,6.796025629059798e-08,4.715423902114584e-08,2.1200224640308382e-08,1.4707310507180823e-08,6.6133700940826435e-09,4.586845307676733e-09,2.062877607035951e-09,1.4294498848224598e-09,6.429805430473502e-10,4.420335641740499e-10,1.9886193270695426e-10,1.2564722876125517e-10,5.6533620232531404e-11,42.317090460412494,-0.7483920308051172,-13.016519059396568,816.9689641847166,0.9520035820032602,2.231200762569235
294.0,1094.8971551439238,0.27983027429790025,0.14088253942756365,0.27983027429790025,0.14088253942756365,0.0640615358024126,0.037361832193449365,0.01854976351267203,0.01118601501516744,0.00568230626652576,0.0034592538133797423,0.0017690565113317337,0.0010801449904217536,0.0005534817991806758,0.0003382791568171849,0.00017343254505098742,0.00010604037314154905,5.437457114066693e-05,3.325354295812624e-05,1.7049726806502053e-05,1.042820356660833e-05,5.346123712944849e-06,3.2702509250228174e-06,1.676334117115056e-06,1.0255401169134888e-06,5.256324400653566e-07,3.2160606267316804e-07,1.64817645285139e-07,1.0085461336597943e-07,5.168028874668082e-08,3.162765490014519e-08,1.6204771335768855e-08,9.918247967968818e-09,5.080750724511397e-09,3.1100681604160514e-09,1.5917582243851061e-09,9.744708791648923e-10,4.947581285143813e-10,3.0292354440782863e-10,1.4124905460588102e-10,8.64901404014602e-11,42.13424129249132,-0.7293449001573616,-12.921403301502567,817.1687136465608,1.3389933051039855,2.2793319831828858
294.5,1084.0548524142253,0.2930362692680216,0.18162356417645178,0.2930362692680216,0.18162356417645178,0.0665302523384905,0.046260678616427915,0.019303280725574246,0.013768019795078362,0.005938064218007849,0.004265779952311013,0.001857695024124118,0.0013375100255556213,0.000584176527215635,0.0004209137937654761,0.00018399770161433622,0.00013261382515547247,5.798660554461309e-05,4.180039370273269e-05,1.8277112678687454e-05,1.3176409271993676e-05,5.760862266476771e-06,4.153495838489459e-06,1.8157974188809752e-06,1.3092738174129054e-06,5.723310307728691e-07,4.127120819390503e-07,1.8039610595508802e-07,1.3009597163894954e-07,5.685997764414271e-08,4.100909407949816e-08,1.792184848361265e-08,1.2926861366390748e-08,5.6483892011605885e-09,4.074475168214791e-09,1.7787739078520317e-09,1.283229772337952e-09,5.556725217671475e-10,4.0090189801490195e-10,1.593175124223573e-10,1.149510357915351e-10,41.94356106990208,-0.7372371922205896,-12.8991304072764,817.3594360695639,1.6358386803619815,2.3429997183284077
295.0,1074.0290165291794,0.3086221606128299,0.2098557976946489,0.3086221606128299,0.2098557976946489,0.06931788440659635,0.05208251546288488,0.020136819898637106,0.015461804602113915,0.006217641947352238,0.00480325811878329,0.0019538603398490794,0.001512260047864739,0.0006173145414451137,0.0004780981144549278,0.00019536828017099352,0.0001513466120058892,6.186689590681504e-05,4.7933770068199233e-05,1.9594589547833433e-05,1.5182735191022601e-05,6.206032061047699e-06,4.809040631019674e-06,1.9655851335854332e-06,1.5232348771339433e-06,6.225434939564719e-07,4.824755389527544e-07,1.97173026564335e-07,1.5282122921213916e-07,6.244892252678758e-08,4.8405166744689724e-08,1.977874923848315e-08,1.533190706523604e-08,6.26378878778502e-09,4.855847341875749e-09,1.982076130951102e-09,1.536663128035663e-09,6.22077484203249e-10,4.823167304036254e-10,1.7906319102355318e-10,1.3884139956009658e-10,41.75139594682028,-0.7703522465702491,-12.952754299056505,817.5342599183766,1.821506984543394,2.418086712531459
295.5,1065.3043227758262,0.32561969606230845,0.22039261674673488,0.32561969606230845,0.22039261674673488,0.07223174408977388,0.054300895096639566,0.02099288908155499,0.016142751335264823,0.006502041368081519,0.005031567128357198,0.002051105607839718,0.0015903734697472987,0.0006506970890019546,0.000504870272108778,0.00020679534647118991,0.0001604924194771389,6.576112185143835e-05,5.1044657497035855e-05,2.091607935683804e-05,1.6236511569358874e-05,6.652599032638729e-06,5.164581776794517e-06,2.1159354533523967e-06,1.642773128643535e-06,6.729975428301916e-07,5.22540574331199e-07,2.140545696562224e-07,1.6621201253366117e-07,6.808244651111334e-08,5.286940493691901e-08,2.165419700040927e-08,1.6816775021796615e-08,6.886717318846395e-09,5.3486506840892446e-09,2.188360894354631e-09,1.6997385527824616e-09,6.896240918334119e-10,5.356805116906806e-10,1.9919192767919781e-10,1.5473579916329187e-10,41.564068483260044,-0.8256390313017679,-13.080034840881376,817.6875682805872,1.8826746482563435,2.4990607778310796
296.0,1058.2842189895528,0.34276903263454306,0.2109479218565582,0.34276903263454306,0.2109479218565582,0.07505191582892347,0.05266218676330569,0.02180738646177552,0.0157408067086234,0.006770076523070209,0.004925593719685647,0.0021421908571316994,0.0015624270247248957,0.0006818314352220029,0.0004977178212333199,0.00021742089424956816,0.00015876302632133484,6.937472703603686e-05,5.0668026808320914e-05,2.2140751511983646e-05,1.6172010347122505e-05,7.0661593694928255e-06,5.161715091461853e-06,2.25514514062009e-06,1.6474947817365376e-06,7.197233024197231e-07,5.258405359310185e-07,2.2969766983227852e-07,1.678355808272121e-07,7.330730000564644e-08,5.3569009758431356e-08,2.3395590669076812e-08,1.7097765411424903e-08,7.465916006022993e-09,5.4566658122274705e-09,2.380464732293436e-09,1.7399819248063936e-09,7.526323212620442e-10,5.501782999155451e-10,2.1799643542359843e-10,1.593682397847183e-10,41.38727491883894,-0.898882759743087,-13.273462911172423,817.8155728674832,1.814698450997427,2.579635062272658
296.5,1053.2656746518794,0.35866002428297256,0.18307815616506873,0.35866002428297256,0.18307815616506873,0.07756017010476339,0.04721065828226735,0.022518232049493825,0.01424268546284288,0.007001256488268388,0.004476359156321934,0.0022200774839145915,0.0014242600856136072,0.0007082765030960793,0.0004549080811132377,0.0002263979364423264,0.00014547483759101611,7.241452874697886e-05,4.654329743683862e-05,2.3167393275261586e-05,1.4892294164452184e-05,7.411884333051218e-06,4.765034659527623e-06,2.3712650217838664e-06,1.5246512750659726e-06,7.58632689851824e-07,4.87837267518612e-07,2.427073728328577e-07,1.5609154757021386e-07,7.764866344372146e-08,4.99440086148024e-08,2.484168618560938e-08,1.59802464391403e-08,7.946753505170821e-09,5.112638642722666e-09,2.5399369488833464e-09,1.634297049934009e-09,8.049456622453374e-10,5.179951492007783e-10,2.3361308315000154e-10,1.5034858427742295e-10,41.22563546893847,-0.9849402077574203,-13.520680323361244,817.9166432201555,1.621968210841008,2.653566571424535
297.0,1050.4206199848818,0.3719369855045457,0.1416757067067218,0.3719369855045457,0.1416757067067218,0.07956970150064668,0.03831538983431082,0.023073848077005497,0.011704891080025608,0.007178664247035633,0.0036959012797748944,0.002278951724774423,0.0011787925794367984,0.0007280102227212259,0.00037716264955905813,0.00023302217481999877,0.00012079726393508726,7.46356949176135e-05,3.8704969440800606e-05,2.3911092222532225e-05,1.2402024599403488e-05,7.660414120377036e-06,3.973913850754806e-06,2.454172477253267e-06,1.2733397801195962e-06,7.862450247823952e-07,4.080093933878736e-07,2.518898671987214e-07,1.3073623526149248e-07,8.069805679610536e-08,4.189106286174325e-08,2.5853031359707612e-08,1.3422789926603867e-08,8.281729872095726e-09,4.300563369589493e-09,2.6506492992078285e-09,1.376667884137236e-09,8.411542149028734e-10,4.3694112340777507e-10,2.443969525821712e-10,1.269703892049109e-10,41.0824543405328,-1.0780273736323405,-13.805275002027724,817.9913436604756,1.3176101346554192,2.7154366312444638
297.5,1049.785241224539,0.38151856357617875,0.09322267072070005,0.38151856357617875,0.09322267072070005,0.08094900538508294,0.026678927731962655,0.02343957883985516,0.008272258501795724,0.007291161230402734,0.0026243275750664776,0.00231502925108721,0.0008384599040738214,0.0007397263306663512,0.00026848416347900967,0.000236841106329689,8.603480353166727e-05,7.588156397870181e-05,2.757771470947547e-05,2.4317672588552088e-05,8.839798748633932e-06,7.793054980032466e-06,2.833521295431268e-06,2.4974308555159864e-06,9.08260827145331e-07,8.003486217938697e-07,2.911351761505093e-07,2.5648672265620787e-07,9.332086124109398e-08,8.219590177606351e-08,2.991316613367013e-08,2.6340950686878804e-08,9.588309046789493e-09,8.44060983461663e-09,3.073142479646138e-09,2.7023225535614776e-09,9.841105254143428e-10,8.578052386470887e-10,3.12456965100535e-10,2.4929689524596715e-10,9.082355297464131e-11,40.9596914202424,-1.172042627458916,-14.10789955751918,818.0421920322261,0.9225628936220437,2.7612619706380257
298.0,1051.2578046229733,0.3867675812686102,0.04377001078389182,0.3867675812686102,0.04377001078389182,0.08163493420810447,0.013284448071533545,0.023600829858933494,0.0041856687688547585,0.0073344742160441675,0.0013338377908029217,0.0023269652949193882,0.000426567216417354,0.000742990783804885,0.0001365726677069111,0.00023771318858725336,4.374570123537536e-05,7.61057555234069e-05,1.4013121403594078e-05,2.437187439503429e-05,4.488842695851757e-06,7.804774519179388e-06,1.4379172324248474e-06,2.499377119967869e-06,4.606100292134219e-07,8.003928764044289e-07,1.4754785055701885e-07,2.563153392871839e-07,4.7264203350978194e-08,8.208155457354786e-08,1.5140192208513578e-08,2.6285278307430634e-08,4.849829331743075e-09,8.416681627216976e-09,1.553398017167529e-09,2.692723167419235e-09,4.971196282451593e-10,8.541618387152218e-10,1.5773673015551347e-10,2.480918874391111e-10,4.582573934555903e-11,40.8580962885437,-1.260905261920646,-14.407632224987276,818.0732106530385,0.4640989315685485,2.7888263664499906
298.5,1054.6051458385646,0.3875583708859127,-0.0023102168090108417,0.3875583708859127,-0.0023102168090108417,0.08163300346520261,-0.0007378143167642397,0.023562636066605653,-0.0002358460093281358,0.007311046638891279,-7.541218631472111e-05,0.0023158132431131575,-2.4115797152379027e-05,0.0007382314084194727,-7.711905737188919e-06,0.00023580556024355644,-2.4661631429202866e-06,7.537178075238505e-05,-7.886456155931817e-07,2.409734211030629e-05,-2.521982005770069e-07,7.704234807239778e-06,-8.064957328556503e-08,2.4631444263039465e-06,-2.5790642637065885e-08,7.874994155460572e-07,-8.24749858199531e-09,2.517738158152505e-07,-2.6374382142409335e-09,8.049529298127847e-08,-8.434162023302027e-10,2.5735137689633638e-08,-2.6971038239640787e-10,8.22705305595902e-09,-8.624126452126916e-11,2.62777407904049e-09,-2.7552308523958565e-11,8.322445867090898e-10,-8.728047135593002e-12,2.4140400093074714e-10,-2.5321643270570456e-12,40.77742124055243,-1.3388879535090727,-14.683475357545802,818.0893771143624,-0.02609462521251475,2.7976889902407382
299.0,1059.477416895157,0.3842266350585384,-0.04865298883546567,0.3842266350585384,-0.04865298883546567,0.08100622112999728,-0.014620800168466409,0.02334619282950267,-0.004580672311524734,0.0072288339032277405,-0.0014531417844403397,0.0022845910661883433,-0.0004627875891008914,0.000726580346732697,-0.0001475679925587369,0.00023153675958099604,-4.707703986615062e-05,7.383227734389471e-05,-1.5019736851761386e-05,2.3549123424773637e-05,-4.791985556796034e-06,7.511094523313569e-06,-1.528863374897645e-06,2.395696004036774e-06,-4.877776006047527e-07,7.641175694204035e-07,-1.5562344508655487e-07,2.437185713287193e-07,-4.965101808864727e-08,7.77350126457936e-08,-1.584093826833262e-08,2.4793675091490602e-08,-5.053936924710871e-09,7.907288834810053e-09,-1.6122824089708094e-09,2.5196783064474308e-09,-5.139047322476651e-10,7.961831595536552e-10,-1.6243168855489743e-10,2.3049705894125492e-10,-4.7035409274072175e-11,40.71662223059383,-1.4009223223147842,-14.915871420881693,818.096091544522,-0.5141319430366396,2.7888993609698898
299.5,1065.4301640386059,0.37742915637794205,-0.0975038496655288,0.37742915637794205,-0.0975038496655288,0.07985621847440211,-0.027558779075697804,0.022983435588293268,-0.008471205931039543,0.007099423695083322,-0.002666366013373106,0.0022375971405054268,-0.000845368467250353,0.0007096226064080144,-0.000268634897147945,0.00022548450103650316,-8.542827241096383e-05,7.169537678431933e-05,-2.7174964937119887e-05,2.2801472631776232e-05,-8.644429981718627e-06,7.251613387913781e-06,-2.7498166005351342e-06,2.306250018571131e-06,-8.747241108656529e-07,7.334628608204152e-07,-2.7825210714578127e-07,2.332651347168717e-07,-8.851274061323396e-08,7.418586395440886e-08,-2.81561154764127e-08,2.3593304483663968e-08,-8.95645124512437e-09,7.502735846381456e-09,-2.848802893811925e-09,2.3838957308079816e-09,-9.053679118279055e-10,7.511778138492774e-10,-2.8534671834643124e-10,2.1695520133475432e-10,-8.242865904152337e-11,40.673976500459226,-1.4428594262834382,-15.088113220595703,818.0987560474798,-0.9662826033363101,2.764512125178385
300.0,1071.9523491922214,0.3679671580397502,-0.1443075681990789,0.3679671580397502,-0.1443075681990789,0.07830177460013571,-0.038524794814359525,0.02251100371683829,-0.011644237288433487,0.0069359496096825105,-0.003638763929661228,0.0021796522003089654,-0.0011485519869350676,0.0006891183370420446,-0.00036366754291401753,0.0002182842898640493,-0.00011526186433021875,6.918794662858621e-05,-3.654639640322891e-05,2.19346102369937e-05,-1.1588184923065166e-05,6.953915380770047e-06,-3.6743986554483136e-06,2.2045953202504465e-06,-1.165083708651483e-06,6.989214304628525e-07,-3.694264460866539e-07,2.215785910169364e-07,-1.1713826786230673e-07,7.024685298334028e-08,-3.714233897453116e-08,2.2270109178147167e-08,-1.1777038456857734e-08,7.05963033588742e-09,-3.733937402644678e-09,2.236065810389151e-09,-1.182879892798429e-09,7.024506725097515e-10,-3.716556789474235e-10,2.023589153070982e-10,-1.0707931204341359e-10,40.64708661396661,-1.461671209194994,-15.187536205092332,818.1025176658206,-1.3513022545658455,2.7270335590571384
